-- phpMyAdmin SQL Dump
-- version 5.1.2
-- https://www.phpmyadmin.net/
--
-- Host: localhost:3306
-- Generation Time: Jul 12, 2023 at 03:17 PM
-- Server version: 5.7.24
-- PHP Version: 8.0.1

SET SQL_MODE = "NO_AUTO_VALUE_ON_ZERO";
START TRANSACTION;
SET time_zone = "+00:00";


/*!40101 SET @OLD_CHARACTER_SET_CLIENT=@@CHARACTER_SET_CLIENT */;
/*!40101 SET @OLD_CHARACTER_SET_RESULTS=@@CHARACTER_SET_RESULTS */;
/*!40101 SET @OLD_COLLATION_CONNECTION=@@COLLATION_CONNECTION */;
/*!40101 SET NAMES utf8mb4 */;

--
-- Database: `pet_db`
--

-- --------------------------------------------------------

--
-- Table structure for table `activity_feature`
--

CREATE TABLE `activity_feature` (
  `activity_feature_sid` int(11) NOT NULL,
  `name` varchar(255) NOT NULL
) ENGINE=InnoDB DEFAULT CHARSET=utf8mb4;

-- --------------------------------------------------------

--
-- Table structure for table `activity_feature_with_info`
--

CREATE TABLE `activity_feature_with_info` (
  `activity_sid` int(11) NOT NULL,
  `activity_feature_sid` int(11) NOT NULL
) ENGINE=InnoDB DEFAULT CHARSET=utf8mb4;

-- --------------------------------------------------------

--
-- Table structure for table `activity_group`
--

CREATE TABLE `activity_group` (
  `activity_group_sid` int(11) NOT NULL,
  `activity_sid` int(11) NOT NULL,
  `date` date NOT NULL,
  `time` varchar(255) NOT NULL COMMENT '手動輸入',
  `price_adult` int(11) NOT NULL,
  `price_kid` int(11) NOT NULL,
  `people_max` int(11) NOT NULL COMMENT '小孩*2=大人',
  `post_date` datetime NOT NULL ON UPDATE CURRENT_TIMESTAMP COMMENT '上架日期時間'
) ENGINE=InnoDB DEFAULT CHARSET=utf8mb4;

--
-- Dumping data for table `activity_group`
--

INSERT INTO `activity_group` (`activity_group_sid`, `activity_sid`, `date`, `time`, `price_adult`, `price_kid`, `people_max`, `post_date`) VALUES
(1, 1, '2023-09-02', '10:00~17:00', 350, 175, 300, '2023-08-05 01:53:47'),
(2, 1, '2023-09-03', '10:00~17:00', 350, 175, 300, '2023-08-05 01:53:47'),
(3, 1, '2023-09-16', '10:00~17:00', 350, 175, 300, '2023-08-05 01:53:47'),
(4, 1, '2023-09-17', '10:00~17:00', 350, 175, 300, '2023-08-05 01:53:47'),
(5, 1, '2023-09-23', '10:00~17:00', 350, 175, 300, '2023-08-05 01:53:47'),
(6, 1, '2023-09-24', '10:00~17:00', 350, 175, 300, '2023-08-05 01:53:47'),
(7, 1, '2023-09-30', '10:00~17:00', 350, 175, 300, '2023-08-05 01:53:47'),
(8, 1, '2023-10-01', '10:00~17:00', 350, 175, 300, '2023-08-05 01:53:47'),
(9, 2, '2023-08-14', '10:00~17:00', 200, 100, 3000, '2023-07-24 01:53:47'),
(10, 2, '2023-08-15', '10:00~17:00', 200, 100, 3000, '2023-07-24 01:53:47'),
(11, 2, '2023-08-16', '10:00~17:00', 200, 100, 3000, '2023-07-24 01:53:47'),
(12, 2, '2023-08-17', '10:00~17:00', 200, 100, 3000, '2023-07-24 01:53:47'),
(13, 2, '2023-08-18', '10:00~17:00', 200, 100, 3000, '2023-07-24 01:53:47'),
(14, 2, '2023-08-19', '10:00~17:00', 200, 100, 3000, '2023-07-24 01:53:47'),
(15, 2, '2023-08-20', '10:00~17:00', 200, 100, 3000, '2023-07-24 01:53:47'),
(16, 3, '2023-10-04', '19:00~21:00', 1200, 600, 10, '2023-09-15 01:53:47'),
(17, 3, '2023-10-06', '19:00~21:00', 1200, 600, 10, '2023-09-15 01:53:47'),
(18, 3, '2023-10-11', '19:00~21:00', 1200, 600, 10, '2023-09-15 01:53:47'),
(19, 3, '2023-10-13', '19:00~21:00', 1200, 600, 10, '2023-09-15 01:53:47'),
(20, 3, '2023-10-18', '19:00~21:00', 1200, 600, 10, '2023-09-15 01:53:47'),
(21, 3, '2023-10-20', '19:00~21:00', 1200, 600, 10, '2023-09-15 01:53:47'),
(22, 3, '2023-10-25', '19:00~21:00', 1200, 600, 10, '2023-09-15 01:53:47'),
(23, 3, '2023-10-27', '19:00~21:00', 1200, 600, 10, '2023-09-15 01:53:47'),
(24, 4, '2023-09-09', '13:00~16:00', 800, 400, 100, '2023-08-15 01:53:47'),
(25, 4, '2023-09-10', '13:00~16:00', 800, 400, 100, '2023-08-15 01:53:47'),
(26, 4, '2023-09-16', '13:00~16:00', 800, 400, 100, '2023-08-15 01:53:47'),
(27, 4, '2023-09-17', '13:00~16:00', 800, 400, 100, '2023-08-15 01:53:47'),
(28, 5, '2023-10-28', '10:00~16:00', 350, 175, 1000, '2023-09-15 01:53:47'),
(29, 5, '2023-10-29', '10:00~16:00', 350, 175, 1000, '2023-09-15 01:53:47'),
(30, 5, '2023-11-04', '10:00~16:00', 350, 175, 1000, '2023-09-15 01:53:47'),
(31, 5, '2023-11-05', '10:00~16:00', 350, 175, 1000, '2023-09-15 01:53:47'),
(32, 5, '2023-11-11', '10:00~16:00', 350, 175, 1000, '2023-09-15 01:53:47'),
(33, 5, '2023-11-12', '10:00~16:00', 350, 175, 1000, '2023-09-15 01:53:47'),
(34, 5, '2023-11-18', '10:00~16:00', 350, 175, 1000, '2023-09-15 01:53:47'),
(35, 5, '2023-11-19', '10:00~16:00', 350, 175, 1000, '2023-09-15 01:53:47'),
(36, 5, '2023-11-25', '10:00~16:00', 350, 175, 1000, '2023-09-15 01:53:47'),
(37, 5, '2023-11-26', '10:00~16:00', 350, 175, 1000, '2023-09-15 01:53:47');

-- --------------------------------------------------------

--
-- Table structure for table `activity_info`
--

CREATE TABLE `activity_info` (
  `activity_sid` int(11) NOT NULL,
  `activity_type_sid` int(11) NOT NULL,
  `name` varchar(255) NOT NULL,
  `content` text NOT NULL,
  `schedule` text NOT NULL,
  `policy` text NOT NULL,
  `must_know` text NOT NULL COMMENT '購買須知&取消政策',
  `city` varchar(255) NOT NULL,
  `area` varchar(255) NOT NULL,
  `address` varchar(255) NOT NULL,
  `activity_pic` varchar(255) NOT NULL COMMENT 'card的那一張pic',
  `pet_type` int(11) NOT NULL COMMENT '0貓/1狗/2皆可',
  `Initiated_by` int(11) NOT NULL COMMENT '0平台/1會員'
) ENGINE=InnoDB DEFAULT CHARSET=utf8mb4;

--
-- Dumping data for table `activity_info`
--

INSERT INTO `activity_info` (`activity_sid`, `activity_type_sid`, `name`, `content`, `schedule`, `policy`, `must_know`, `city`, `area`, `address`, `activity_pic`, `pet_type`, `Initiated_by`) VALUES
(1, 1, '夏日水樂園', '今夏最大「毛小孩都市水樂園」活動即將在圓山花博公園盛大登場！覺得海太遠？本次活動將舉辦一場夏日水樂園派對，讓您的毛孩一起來玩水濺濕。活動中有泳池派對、水槍大戰和水上滑梯等多項水上活動，讓您和您的寶貝一同嬉戲，消暑解熱！幫你搬過來不用跑到墾丁衝到離島，就在台北圓山捷運站1號出口。歡迎帶毛小孩來參加圓山花博廣場的台北海洋水樂園 現場免費開放寵物游泳池、玩SUP、寵物義剪服務，盡情享受美好午後時光。請自備毛巾，捷運圓山站1號出口世界海洋日台北海洋水樂園、寵物義剪、寵物水上活動、寵物水中跑步、寵物趣味闖關遊戲、寵物自助洗吹體驗現場還有寵物市集～前所未有的都市海洋驚艷 ，歡迎大家一起來共襄盛舉。', '泳池派對--水槍大戰--水上滑梯--寵物泡泡洗澡區--寵物嘉年華攤位', '請攜帶毛巾、換洗衣物，並注意寵物在水中的活動是否安全。特別是對於不擅長游泳或初次接觸水的寵物，更需要小心留意。對於不擅長游泳的寵物，請配戴適合的浮具，如救生衣或浮板。確保活動場所的水深適合您的狗狗和貓咪。對於初次接觸水的寵物，可以提供較淺的水池或濺水區，逐漸讓牠們適應水中活動。在水上活動後，確保給予寵物適當的清潔，同時注意清理耳朵、爪子和其他潛在的感染部位。', '報名前請詳閱活動詳情並確認活動時間。活動地區除遇大豪雨特報或颱風影響宣布停班停課、集會遊行等不可抗力之天災、人為因素、行政院環保署空氣品質指標達危害等級或活動單位公告延期外，其活動皆照常舉行。倘遇上述原因導致活動延期，因而無法參加者，所繳交之報名費，主辦（執行）方應扣除已代辦或支出費用後，將餘額退回。倘遇上述原因導致活動未能舉辦，報名費將以5折退回。如有贈送禮品商，禮品最終材質、尺寸等，可能因製造時程、活動內容規劃等因素而有些許不同，主辦單位保留微調或更換之權利。', '台北市', '中山區', '玉門街1號', '1.jpg,2.jpg,3.jpg,4.jpg,5.jpg,6.jpg', 2, 0),
(2, 3, '大型市集嘉年華', '寵物大型市集嘉年華是一個令人期待的盛大活動，為寵物主人和寵物們帶來了一個絕佳的購物和娛樂體驗。這場市集展覽匯集了各種各樣的寵物用品和產品，提供了一個豐富多樣的選擇，讓您的毛孩們在這個天堂般的場所中享受無盡的樂趣。市集內有各式各樣的攤位，陳列著精美的寵物用品，包括寵物食品、玩具、服飾、床墊、牽繩等等。您可以輕鬆地尋找到符合寵物需求的物品，同時欣賞這些設計獨特且具有高品質的商品。此外，市集還提供了一個交流的平台，讓寵物主人們能夠分享彼此的寵物經驗和建議，豐富彼此的寵物養育知識。', '寵物用品展示和買賣--寵物服裝秀--寵物才藝表演--寵物美容DIY--寵物交流趣', '為了確保寵物大型市集嘉年華的順利進行，我們制定了以下活動規範。首先，請確保您的寵物已接受基本訓練並保持良好的行為，以確保場內其他參與者的安全。請攜帶寵物的食物和水，並隨時清理寵物的排泄物。請綁牢狗狗的狗繩，讓他們在市集內保持受控制的狀態。禁止攜帶其他非寵物動物進入市集範圍。最後，請尊重其他參與者和攤位的隱私和財物安全。謝謝您的合作，讓我們一起享受這個難忘的寵物盛會！', '活動現場將提供免費停車位300個，不接受預約。活動地區除遇大豪雨特報或颱風影響宣布停班停課、集會遊行等不可抗力之天災、人為因素、行政院環保署空氣品質指標達危害等級或活動單位公告延期外，其活動皆照常舉行。倘遇上述原因導致活動延期，因而無法參加者，所繳交之報名費，主辦（執行）方應扣除已代辦或支出費用後，將餘額退回。倘遇上述原因導致活動未能舉辦，報名費將以5折退回。如有贈送禮品商，禮品最終材質、尺寸等，可能因製造時程、活動內容規劃等因素而有些許不同，主辦單位保留微調或更換之權利。', '台北市', '信義區', '信義路五段5號', '50.jpg,51.jpg,52.jpg,53.jpg,54.jpg,55.jpg', 2, 0),
(3, 5, '寵物訓練營', '寵物訓練營是一個充滿學習與互動的活動，我們致力於幫助寵物主人建立與毛孩之間的良好關係。在這個訓練課程中，我們將提供一系列的課程內容，包括基本指令訓練、社交技巧培養和問題行為矯正等方面的教學。我們的專業教練團隊將指導您如何溝通與訓練您的寵物，使其成為一個社會化的好夥伴。透過互動遊戲和實踐環節，您將學會如何建立信任、建立良好的行為模式，並與您的毛孩建立深厚的情感連結。這是一個豐富而有趣的學習經驗，讓您和您的寵物共同成長和享受互動的快樂時光。', '基本指令訓練--社交技巧培養--問題行為矯正--互動遊戲及成果驗收', '在寵物訓練營中，我們致力於提供一個安全、愉快和專業的環境，讓您和您的毛孩能夠充分參與和享受訓練活動。為了確保活動的順利進行和所有參與者的安全，請遵守以下活動規範：請攜帶您的寵物的狗繩，以確保寵物的安全。請遵守訓練師的指示，並積極參與訓練活動。請確保您的寵物的疫苗接種和健康狀態符合要求，也請遵守活動時間和地點的安排，準時參加活動。我們希望每一位參與者都能夠享受到有益的訓練體驗，與您的毛孩建立更深的連結和增進彼此之間的理解與溝通。', '報名前請詳閱活動詳情並確認活動時間。活動地區除遇大豪雨特報或颱風影響宣布停班停課、集會遊行等不可抗力之天災、人為因素、行政院環保署空氣品質指標達危害等級或活動單位公告延期外，其活動皆照常舉行。倘遇上述原因導致活動延期，因而無法參加者，所繳交之報名費，主辦（執行）方應扣除已代辦或支出費用後，將餘額退回。倘遇上述原因導致活動未能舉辦，報名費將以5折退回。如有贈送禮品商，禮品最終材質、尺寸等，可能因製造時程、活動內容規劃等因素而有些許不同，主辦單位保留微調或更換之權利。', '台中市', '西屯區', '文心路789號', '56.jpg,57.jpg,58.jpg,59.jpg,60.jpg,61.jpg', 2, 0),
(4, 4, '養護知多少', '在這場養護知多少的講座中，我們將帶您深入了解寵物的健康和養護知識。這場講座專為寵物主人而設，旨在提供有關飲食養生、日常護理、常見疾病和預防措施等方面的寶貴資訊。我們將探討寵物的營養需求，提供飲食建議和養生方法，以確保您的毛孩健康成長。此外，我們將分享日常護理技巧，包括潔毛、牙齒護理和定期檢查等，以維持寵物的整體健康。同時，我們還將介紹常見的寵物疾病和預防措施，以幫助您提前識別和處理可能的健康問題。透過這場講座，您將更深入地了解如何全面照顧您的毛孩，讓他們過上健康、快樂的生活。', '飲食建議和養生方法--日常護理技巧分享--常見疾病和預防措施探討--問答時間', '我們希望為參與者提供一個舒適、專業且互動的環境，為了確保講座的順利進行，請參與者遵守以下規範：請尊重其他參與者和講者，在講座進行期間保持安靜。為了保護講者和其他參與者的隱私權，若要錄音或攝影請事先詢問講師或主辦方。講座內容受到版權保護，請勿未經授權地複製、散佈或公開分享。我們期待與您共同享受這場有益的養護知識講座！', '報名前請詳閱活動詳情並確認活動時間。活動地區除遇大豪雨特報或颱風影響宣布停班停課、集會遊行等不可抗力之天災、人為因素、行政院環保署空氣品質指標達危害等級或活動單位公告延期外，其活動皆照常舉行。倘遇上述原因導致活動延期，因而無法參加者，所繳交之報名費，主辦（執行）方應扣除已代辦或支出費用後，將餘額退回。倘遇上述原因導致活動未能舉辦，報名費將以5折退回。如有贈送禮品商，禮品最終材質、尺寸等，可能因製造時程、活動內容規劃等因素而有些許不同，主辦單位保留微調或更換之權利。', '高雄市', '苓雅區', '建國北路987號', '44.jpg,45.jpg,46.jpg,47.jpg,48.jpg,49.jpg', 2, 0),
(5, 2, '探索城市奇趣', '在活動中，您將帶著您的毛孩一起展開一場城市探險之旅。我們將帶您遊覽當地的公園、景點和美食地點，讓您和您的毛孩共同體驗城市生活的樂趣！活動中，您將有機會欣賞自然風光，遊覽名勝古蹟，品味當地美食，並與其他寵物主人分享您的寵物寶貝的喜悅。請攜帶足夠的寵物食物和水，並隨時清理寵物排泄物，確保環境的整潔和安全。我們鼓勵您與您的毛孩互動、拍照留念，並一同創造美好的回憶。讓我們一起探索城市的奇趣，與您的毛孩一同享受愉快的時光！', '報到--大會服務處領取手冊--公園漫遊--景點導覽--美食體驗--寵物攝影', '請攜帶足夠的寵物食物和水，確保您的寵物在活動期間能夠得到充足的營養和水分。隨時清理寵物排泄物，保持環境的整潔和衛生。請保持寵物牽繩，確保其在公共場所的安全和控制。盡量避免寵物與其他不認識的寵物接觸，以減少可能的衝突和意外情況。請尊重其他參與者和市民的權益，避免寵物對他人造成不便或困擾。請準時參與活動，遵守活動組織者的安排和指示。如有無法參與活動的情況，請提前通知活動組織者，以便進行調整。', '報名前請詳閱活動詳情並確認活動時間。活動地區除遇大豪雨特報或颱風影響宣布停班停課、集會遊行等不可抗力之天災、人為因素、行政院環保署空氣品質指標達危害等級或活動單位公告延期外，其活動皆照常舉行。倘遇上述原因導致活動延期，因而無法參加者，所繳交之報名費，主辦（執行）方應扣除已代辦或支出費用後，將餘額退回。倘遇上述原因導致活動未能舉辦，報名費將以5折退回。如有贈送禮品商，禮品最終材質、尺寸等，可能因製造時程、活動內容規劃等因素而有些許不同，主辦單位保留微調或更換之權利。', '台南市', '中西區', '府前路321號', '32.jpg,33.jpg,34.jpg,35.jpg,36.jpg,37.jpg', 2, 1),
(6, 2, '毛孩瑜珈', '毛孩瑜珈對於飼主以及毛孩的身心靈都是非常有幫助的，可以短時間的增進彼此的感情，在進行瑜珈的動作的同時，飼主有了仰視毛孩或是平視的機會，從而可以培養出互相的尊重以及感情。寵物瑜珈可以改善狗狗待在室內的壓力、情緒不穩…等問題外，主人也可與寵物們一起活動伸展肢體，同時也能夠放鬆身心活動筋骨。大小毛孩都可以參加，課程內容小狗都可以跟著做，但大狗因為體重原因大部分只能在旁邊陪伴，除非主人想試試看也是沒問題的唷！', '熱身--毛孩瑜珈--點心時光--毛孩互動時光', '場地為半戶外，請大家做好防曬。有關節問題或是有攻擊性的毛孩不適合此活動。主人請一定要準備牽繩，禮貌帶不強制，但請隨手清理大小便。毛孩主人應善盡管理之責，狗狗間應保持適當距離互動；任何情況下，飼主都應看顧好愛犬，在活動內所發生之事情由陪同人及飼主自行負責。請毛孩主人在參加活動前先帶狗狗上廁所跟散步一下，避免狗狗直接到現場過度興奮。活動前1-2日建議可以帶去洗澡美容，拍攝時可準備毛孩喜愛的零食與玩具。\r\n', '活動地區除遇大豪雨特報或颱風影響宣布停班停課、集會遊行等不可抗力之天災、人為因素、行政院環保署空氣品質指標達危害等級或活動單位公告延期外，其活動皆照常舉行。倘遇上述原因導致活動延期，因而無法參加者，所繳交之報名費，主辦（執行）方應扣除已代辦或支出費用後，將餘額退回。倘遇上述原因導致活動未能舉辦，報名費將以5折退回。如有贈送禮品商，禮品最終材質、尺寸等，可能因製造時程、活動內容規劃等因素而有些許不同，主辦單位保留微調或更換之權利。', '新竹縣', '峨眉鄉', '七星村石硬子3號', '24.jpg,25.jpg,26.jpg,27.jpg,28.jpg,29.jpg', 2, 0);

-- --------------------------------------------------------

--
-- Table structure for table `activity_like`
--

CREATE TABLE `activity_like` (
  `activity_like_sid` int(11) NOT NULL,
  `activity_sid` int(11) NOT NULL,
  `member_sid` varchar(255) NOT NULL COMMENT 'member_info資料表',
  `date` datetime NOT NULL ON UPDATE CURRENT_TIMESTAMP,
  `status` int(11) NOT NULL
) ENGINE=InnoDB DEFAULT CHARSET=utf8mb4;

-- --------------------------------------------------------

--
-- Table structure for table `activity_pic`
--

CREATE TABLE `activity_pic` (
  `activity_pic_sid` int(11) NOT NULL,
  `activity_sid` int(11) NOT NULL,
  `pic` varchar(255) NOT NULL
) ENGINE=InnoDB DEFAULT CHARSET=utf8mb4;

-- --------------------------------------------------------

--
-- Table structure for table `activity_rating`
--

CREATE TABLE `activity_rating` (
  `activity_rating_sid` int(11) NOT NULL,
  `member_sid` varchar(255) NOT NULL COMMENT 'member_info資料表',
  `activity_sid` int(11) NOT NULL,
  `order_detail_sid` int(11) NOT NULL COMMENT 'order_details資料表',
  `star` int(11) NOT NULL COMMENT '1 to 5',
  `date` datetime NOT NULL ON UPDATE CURRENT_TIMESTAMP,
  `content` varchar(255) DEFAULT NULL
) ENGINE=InnoDB DEFAULT CHARSET=utf8mb4;

-- --------------------------------------------------------

--
-- Table structure for table `activity_type`
--

CREATE TABLE `activity_type` (
  `activity_type_sid` int(11) NOT NULL,
  `name` varchar(255) NOT NULL
) ENGINE=InnoDB DEFAULT CHARSET=utf8mb4;

-- --------------------------------------------------------

--
-- Table structure for table `activity_vote`
--

CREATE TABLE `activity_vote` (
  `activity_vote_sid` int(11) NOT NULL,
  `member_sid` varchar(255) NOT NULL COMMENT 'member_info資料表',
  `activity_wish_sid` int(11) NOT NULL,
  `date` datetime NOT NULL ON UPDATE CURRENT_TIMESTAMP,
  `status` int(11) NOT NULL COMMENT '0投票/1取消投票'
) ENGINE=InnoDB DEFAULT CHARSET=utf8mb4;

-- --------------------------------------------------------

--
-- Table structure for table `activity_wish`
--

CREATE TABLE `activity_wish` (
  `activity_wish_sid` int(11) NOT NULL,
  `member_sid` varchar(255) NOT NULL COMMENT 'member_info資料表',
  `name` varchar(255) NOT NULL,
  `city` varchar(255) NOT NULL,
  `area` varchar(255) NOT NULL,
  `content` varchar(255) NOT NULL,
  `other_message` varchar(255) DEFAULT NULL,
  `wish_date` datetime NOT NULL ON UPDATE CURRENT_TIMESTAMP
) ENGINE=InnoDB DEFAULT CHARSET=utf8mb4;

-- --------------------------------------------------------

--
-- Table structure for table `member_address`
--

CREATE TABLE `member_address` (
  `address_sid` int(11) NOT NULL,
  `member_sid` varchar(255) NOT NULL,
  `category` int(11) NOT NULL COMMENT '1:黑貓 2:7-11 3:全家',
  `address` varchar(255) NOT NULL,
  `default_status` int(1) NOT NULL COMMENT '0:無預設 1:預設',
  `city` varchar(255) NOT NULL,
  `area` varchar(255) NOT NULL,
  `create_time` datetime NOT NULL DEFAULT CURRENT_TIMESTAMP,
  `update_time` datetime NOT NULL DEFAULT CURRENT_TIMESTAMP
) ENGINE=InnoDB DEFAULT CHARSET=utf8mb4;

-- --------------------------------------------------------

--
-- Table structure for table `member_coupon_category`
--

CREATE TABLE `member_coupon_category` (
  `coupon_sid` varchar(255) NOT NULL,
  `code` varchar(255) NOT NULL,
  `name` varchar(255) NOT NULL,
  `price` int(11) NOT NULL,
  `start_date` date NOT NULL,
  `exp_date` date NOT NULL,
  `update_time` datetime NOT NULL DEFAULT CURRENT_TIMESTAMP,
  `create_time` datetime NOT NULL DEFAULT CURRENT_TIMESTAMP
) ENGINE=InnoDB DEFAULT CHARSET=utf8mb4;

--
-- Dumping data for table `member_coupon_category`
--

INSERT INTO `member_coupon_category` (`coupon_sid`, `code`, `name`, `price`, `start_date`, `exp_date`, `update_time`, `create_time`) VALUES
('COUPON00001', 'all10', '全站10', 100, '2023-05-26', '2023-08-16', '2023-05-17 17:50:35', '2023-05-15 11:36:56'),
('COUPON00002', 'all50', '全站50', 200, '2023-03-01', '2024-03-31', '2023-05-15 11:37:41', '2023-05-15 11:37:41'),
('COUPON00003', 'all100', '全站100', 300, '2023-03-01', '2023-05-31', '2023-05-17 19:06:29', '2023-05-15 11:37:57'),
('COUPON00004', 'all150', '全站150', 400, '2023-05-01', '2023-08-31', '2023-05-15 15:39:15', '2023-05-15 15:39:15'),
('COUPON00005', 'all200', '全站200', 500, '2023-06-01', '2023-08-31', '2023-05-15 15:44:56', '2023-05-15 15:44:56'),
('COUPON00006', 'all250', '全站250', 600, '2023-06-24', '2023-08-31', '2023-05-17 20:56:42', '2023-05-15 15:49:05');

-- --------------------------------------------------------

--
-- Table structure for table `member_coupon_send`
--

CREATE TABLE `member_coupon_send` (
  `coupon_send_sid` int(11) NOT NULL,
  `coupon_sid` varchar(255) NOT NULL,
  `member_sid` varchar(255) NOT NULL,
  `coupon_status` int(1) NOT NULL COMMENT '0:未使用 1:已使用',
  `used_time` datetime DEFAULT CURRENT_TIMESTAMP,
  `create_time` datetime NOT NULL DEFAULT CURRENT_TIMESTAMP
) ENGINE=InnoDB DEFAULT CHARSET=utf8mb4;

--
-- Dumping data for table `member_coupon_send`
--

INSERT INTO `member_coupon_send` (`coupon_send_sid`, `coupon_sid`, `member_sid`, `coupon_status`, `used_time`, `create_time`) VALUES
(1, 'COUPON00003', 'mem00290', 0, NULL, '2023-02-27 00:00:00'),
(2, 'COUPON00002', 'mem00129', 1, '2023-01-23 21:00:00', '2023-01-09 00:00:00'),
(3, 'COUPON00003', 'mem00276', 0, NULL, '2023-04-25 00:00:00'),
(4, 'COUPON00003', 'mem00490', 1, '2023-02-02 11:00:00', '2023-01-27 00:00:00'),
(5, 'COUPON00005', 'mem00122', 0, NULL, '2023-02-05 00:00:00'),
(6, 'COUPON00002', 'mem00140', 1, '2023-01-07 15:00:00', '2022-11-21 00:00:00'),
(7, 'COUPON00005', 'mem00331', 0, NULL, '2022-10-29 00:00:00'),
(8, 'COUPON00003', 'mem00237', 0, NULL, '2023-02-18 00:00:00'),
(9, 'COUPON00005', 'mem00193', 0, NULL, '2022-10-05 00:00:00'),
(10, 'COUPON00003', 'mem00250', 0, NULL, '2023-02-15 00:00:00'),
(11, 'COUPON00006', 'mem00172', 0, NULL, '2022-12-03 00:00:00'),
(12, 'COUPON00001', 'mem00110', 1, '2023-01-06 20:00:00', '2022-11-29 00:00:00'),
(13, 'COUPON00001', 'mem00034', 0, NULL, '2022-05-29 00:00:00'),
(14, 'COUPON00001', 'mem00338', 1, '2023-03-17 07:00:00', '2023-01-25 00:00:00'),
(15, 'COUPON00006', 'mem00090', 1, '2022-09-12 01:00:00', '2022-08-23 00:00:00'),
(16, 'COUPON00002', 'mem00434', 0, NULL, '2022-09-25 00:00:00'),
(17, 'COUPON00003', 'mem00398', 1, '2022-05-17 04:00:00', '2022-05-11 00:00:00'),
(18, 'COUPON00004', 'mem00187', 0, NULL, '2023-05-12 00:00:00'),
(19, 'COUPON00002', 'mem00240', 0, NULL, '2023-03-20 00:00:00'),
(20, 'COUPON00001', 'mem00139', 0, NULL, '2022-08-15 00:00:00'),
(21, 'COUPON00003', 'mem00474', 1, '2023-04-22 17:00:00', '2023-03-23 00:00:00'),
(22, 'COUPON00006', 'mem00452', 1, '2022-10-30 02:00:00', '2022-10-15 00:00:00'),
(23, 'COUPON00001', 'mem00338', 1, '2023-02-07 04:00:00', '2022-12-26 00:00:00'),
(24, 'COUPON00001', 'mem00336', 1, '2023-04-27 17:00:00', '2023-03-08 00:00:00'),
(25, 'COUPON00005', 'mem00163', 1, '2022-07-20 03:00:00', '2022-07-16 00:00:00'),
(26, 'COUPON00003', 'mem00308', 0, NULL, '2022-11-30 00:00:00'),
(27, 'COUPON00004', 'mem00048', 1, '2022-08-30 08:00:00', '2022-07-13 00:00:00'),
(28, 'COUPON00002', 'mem00318', 0, NULL, '2022-08-15 00:00:00'),
(29, 'COUPON00003', 'mem00446', 0, NULL, '2023-03-10 00:00:00'),
(30, 'COUPON00001', 'mem00273', 1, '2022-09-28 08:00:00', '2022-08-10 00:00:00'),
(31, 'COUPON00004', 'mem00027', 0, NULL, '2023-03-28 00:00:00'),
(32, 'COUPON00005', 'mem00316', 1, '2023-01-03 16:00:00', '2022-11-23 00:00:00'),
(33, 'COUPON00003', 'mem00500', 1, '2022-06-06 10:00:00', '2022-06-06 00:00:00'),
(34, 'COUPON00002', 'mem00051', 1, '2023-05-20 21:00:00', '2023-03-25 00:00:00'),
(35, 'COUPON00001', 'mem00254', 1, '2022-06-16 09:00:00', '2022-05-04 00:00:00'),
(36, 'COUPON00003', 'mem00115', 1, '2022-12-13 04:00:00', '2022-10-28 00:00:00'),
(37, 'COUPON00002', 'mem00315', 0, NULL, '2022-09-06 00:00:00'),
(38, 'COUPON00005', 'mem00228', 0, NULL, '2022-08-08 00:00:00'),
(39, 'COUPON00005', 'mem00195', 0, NULL, '2022-08-22 00:00:00'),
(40, 'COUPON00003', 'mem00292', 1, '2023-03-06 17:00:00', '2023-01-25 00:00:00'),
(41, 'COUPON00006', 'mem00375', 0, NULL, '2022-12-29 00:00:00'),
(42, 'COUPON00003', 'mem00499', 0, NULL, '2022-05-22 00:00:00'),
(43, 'COUPON00006', 'mem00369', 1, '2022-09-28 02:00:00', '2022-09-23 00:00:00'),
(44, 'COUPON00005', 'mem00345', 1, '2023-03-02 04:00:00', '2023-02-07 00:00:00'),
(45, 'COUPON00002', 'mem00120', 0, NULL, '2022-11-25 00:00:00'),
(46, 'COUPON00005', 'mem00064', 1, '2022-12-23 14:00:00', '2022-11-13 00:00:00'),
(47, 'COUPON00003', 'mem00461', 1, '2023-05-05 10:00:00', '2023-04-22 00:00:00'),
(48, 'COUPON00002', 'mem00110', 0, NULL, '2022-06-16 00:00:00'),
(49, 'COUPON00002', 'mem00167', 1, '2023-03-13 08:00:00', '2023-03-08 00:00:00'),
(50, 'COUPON00004', 'mem00005', 0, NULL, '2023-01-26 00:00:00'),
(51, 'COUPON00002', 'mem00024', 1, '2022-07-23 10:00:00', '2022-06-07 00:00:00'),
(52, 'COUPON00004', 'mem00102', 0, NULL, '2022-09-16 00:00:00'),
(53, 'COUPON00002', 'mem00440', 1, '2022-12-20 05:00:00', '2022-11-14 00:00:00'),
(54, 'COUPON00003', 'mem00394', 0, NULL, '2022-11-06 00:00:00'),
(55, 'COUPON00001', 'mem00148', 0, NULL, '2023-04-23 00:00:00'),
(56, 'COUPON00004', 'mem00057', 1, '2022-08-22 18:00:00', '2022-07-12 00:00:00'),
(57, 'COUPON00004', 'mem00341', 1, '2022-08-03 01:00:00', '2022-06-24 00:00:00'),
(58, 'COUPON00003', 'mem00035', 1, '2022-07-07 02:00:00', '2022-06-22 00:00:00'),
(59, 'COUPON00001', 'mem00150', 1, '2022-08-23 07:00:00', '2022-08-08 00:00:00'),
(60, 'COUPON00002', 'mem00143', 0, NULL, '2023-04-07 00:00:00'),
(61, 'COUPON00002', 'mem00267', 0, NULL, '2023-01-16 00:00:00'),
(62, 'COUPON00001', 'mem00403', 1, '2023-03-07 02:00:00', '2023-02-04 00:00:00'),
(63, 'COUPON00006', 'mem00214', 1, '2023-02-09 15:00:00', '2022-12-22 00:00:00'),
(64, 'COUPON00001', 'mem00362', 1, '2023-05-06 23:00:00', '2023-04-02 00:00:00'),
(65, 'COUPON00006', 'mem00168', 0, NULL, '2022-11-30 00:00:00'),
(66, 'COUPON00006', 'mem00251', 0, NULL, '2022-06-26 00:00:00'),
(67, 'COUPON00003', 'mem00254', 1, '2022-06-21 21:00:00', '2022-05-27 00:00:00'),
(68, 'COUPON00006', 'mem00014', 0, NULL, '2023-04-08 00:00:00'),
(69, 'COUPON00002', 'mem00308', 0, NULL, '2022-08-14 00:00:00'),
(70, 'COUPON00004', 'mem00497', 0, NULL, '2023-01-20 00:00:00'),
(71, 'COUPON00004', 'mem00061', 1, '2023-01-20 11:00:00', '2022-12-27 00:00:00'),
(72, 'COUPON00004', 'mem00314', 1, '2022-07-11 15:00:00', '2022-05-28 00:00:00'),
(73, 'COUPON00004', 'mem00385', 1, '2022-11-27 20:00:00', '2022-10-29 00:00:00'),
(74, 'COUPON00002', 'mem00484', 1, '2022-07-15 05:00:00', '2022-06-30 00:00:00'),
(75, 'COUPON00003', 'mem00265', 0, NULL, '2022-09-17 00:00:00'),
(76, 'COUPON00001', 'mem00371', 1, '2022-10-27 12:00:00', '2022-09-11 00:00:00'),
(77, 'COUPON00004', 'mem00062', 0, NULL, '2023-01-04 00:00:00'),
(78, 'COUPON00004', 'mem00193', 0, NULL, '2022-07-20 00:00:00'),
(79, 'COUPON00006', 'mem00280', 0, NULL, '2022-06-06 00:00:00'),
(80, 'COUPON00001', 'mem00320', 1, '2023-03-29 01:00:00', '2023-03-22 00:00:00'),
(81, 'COUPON00006', 'mem00262', 0, NULL, '2023-05-05 00:00:00'),
(82, 'COUPON00006', 'mem00346', 1, '2022-08-30 15:00:00', '2022-08-15 00:00:00'),
(83, 'COUPON00006', 'mem00445', 1, '2023-01-02 21:00:00', '2022-11-07 00:00:00'),
(84, 'COUPON00006', 'mem00188', 0, NULL, '2023-01-05 00:00:00'),
(85, 'COUPON00006', 'mem00102', 0, NULL, '2023-02-17 00:00:00'),
(86, 'COUPON00004', 'mem00449', 1, '2023-05-27 16:00:00', '2023-03-31 00:00:00'),
(87, 'COUPON00001', 'mem00435', 0, NULL, '2022-05-30 00:00:00'),
(88, 'COUPON00004', 'mem00328', 1, '2023-04-11 16:00:00', '2023-02-13 00:00:00'),
(89, 'COUPON00001', 'mem00335', 0, NULL, '2022-11-26 00:00:00'),
(90, 'COUPON00004', 'mem00191', 1, '2022-12-23 08:00:00', '2022-10-29 00:00:00'),
(91, 'COUPON00004', 'mem00449', 1, '2023-03-19 19:00:00', '2023-02-04 00:00:00'),
(92, 'COUPON00001', 'mem00171', 1, '2022-09-18 21:00:00', '2022-07-28 00:00:00'),
(93, 'COUPON00005', 'mem00007', 1, '2023-05-16 03:00:00', '2023-05-03 00:00:00'),
(94, 'COUPON00001', 'mem00021', 1, '2022-07-11 20:00:00', '2022-06-15 00:00:00'),
(95, 'COUPON00005', 'mem00084', 1, '2023-03-02 18:00:00', '2023-01-27 00:00:00'),
(96, 'COUPON00003', 'mem00359', 1, '2022-08-14 07:00:00', '2022-07-12 00:00:00'),
(97, 'COUPON00006', 'mem00039', 1, '2023-03-10 07:00:00', '2023-03-08 00:00:00'),
(98, 'COUPON00001', 'mem00118', 1, '2022-12-13 10:00:00', '2022-11-12 00:00:00'),
(99, 'COUPON00003', 'mem00473', 1, '2022-07-13 09:00:00', '2022-06-13 00:00:00'),
(100, 'COUPON00001', 'mem00012', 1, '2022-07-08 12:00:00', '2022-05-12 00:00:00'),
(101, 'COUPON00003', 'mem00140', 0, NULL, '2023-03-06 00:00:00'),
(102, 'COUPON00006', 'mem00161', 1, '2023-05-17 13:00:00', '2023-05-01 00:00:00'),
(103, 'COUPON00001', 'mem00387', 1, '2022-10-13 00:00:00', '2022-09-13 00:00:00'),
(104, 'COUPON00005', 'mem00450', 0, NULL, '2023-04-09 00:00:00'),
(105, 'COUPON00003', 'mem00090', 0, NULL, '2022-10-14 00:00:00'),
(106, 'COUPON00006', 'mem00098', 1, '2022-12-09 13:00:00', '2022-10-30 00:00:00'),
(107, 'COUPON00003', 'mem00220', 1, '2022-07-25 16:00:00', '2022-06-03 00:00:00'),
(108, 'COUPON00006', 'mem00307', 0, NULL, '2022-05-03 00:00:00'),
(109, 'COUPON00004', 'mem00373', 1, '2023-03-09 18:00:00', '2023-02-16 00:00:00'),
(110, 'COUPON00002', 'mem00443', 0, NULL, '2023-03-03 00:00:00'),
(111, 'COUPON00003', 'mem00095', 1, '2023-02-08 15:00:00', '2023-01-29 00:00:00'),
(112, 'COUPON00001', 'mem00145', 0, NULL, '2022-07-08 00:00:00'),
(113, 'COUPON00003', 'mem00441', 0, NULL, '2023-02-09 00:00:00'),
(114, 'COUPON00005', 'mem00268', 0, NULL, '2022-07-12 00:00:00'),
(115, 'COUPON00003', 'mem00015', 0, NULL, '2023-01-29 00:00:00'),
(116, 'COUPON00006', 'mem00273', 0, NULL, '2022-05-02 00:00:00'),
(117, 'COUPON00004', 'mem00319', 0, NULL, '2023-03-30 00:00:00'),
(118, 'COUPON00005', 'mem00277', 1, '2022-10-31 20:00:00', '2022-09-14 00:00:00'),
(119, 'COUPON00004', 'mem00428', 0, NULL, '2022-07-04 00:00:00'),
(120, 'COUPON00001', 'mem00309', 0, NULL, '2023-02-17 00:00:00'),
(121, 'COUPON00006', 'mem00258', 1, '2022-09-27 11:00:00', '2022-08-31 00:00:00'),
(122, 'COUPON00003', 'mem00362', 1, '2022-10-18 18:00:00', '2022-08-26 00:00:00'),
(123, 'COUPON00004', 'mem00035', 0, NULL, '2022-12-05 00:00:00'),
(124, 'COUPON00001', 'mem00092', 0, NULL, '2023-04-26 00:00:00'),
(125, 'COUPON00006', 'mem00351', 0, NULL, '2022-05-02 00:00:00'),
(126, 'COUPON00003', 'mem00479', 0, NULL, '2022-07-12 00:00:00'),
(127, 'COUPON00006', 'mem00344', 1, '2023-04-28 11:00:00', '2023-04-22 00:00:00'),
(128, 'COUPON00006', 'mem00281', 0, NULL, '2022-06-09 00:00:00'),
(129, 'COUPON00003', 'mem00375', 0, NULL, '2023-01-27 00:00:00'),
(130, 'COUPON00002', 'mem00029', 1, '2022-09-20 22:00:00', '2022-08-01 00:00:00'),
(131, 'COUPON00003', 'mem00018', 1, '2022-07-25 08:00:00', '2022-05-31 00:00:00'),
(132, 'COUPON00001', 'mem00005', 1, '2023-01-17 00:00:00', '2023-01-13 00:00:00'),
(133, 'COUPON00003', 'mem00470', 0, NULL, '2022-06-17 00:00:00'),
(134, 'COUPON00005', 'mem00332', 0, NULL, '2022-12-18 00:00:00'),
(135, 'COUPON00005', 'mem00253', 0, NULL, '2023-01-06 00:00:00'),
(136, 'COUPON00001', 'mem00268', 0, NULL, '2022-10-21 00:00:00'),
(137, 'COUPON00002', 'mem00080', 1, '2022-09-30 20:00:00', '2022-08-28 00:00:00'),
(138, 'COUPON00001', 'mem00094', 0, NULL, '2022-07-13 00:00:00'),
(139, 'COUPON00003', 'mem00231', 0, NULL, '2022-05-12 00:00:00'),
(140, 'COUPON00004', 'mem00372', 0, NULL, '2022-12-05 00:00:00'),
(141, 'COUPON00002', 'mem00168', 0, NULL, '2023-02-20 00:00:00'),
(142, 'COUPON00006', 'mem00222', 0, NULL, '2022-06-26 00:00:00'),
(143, 'COUPON00003', 'mem00106', 0, NULL, '2022-10-07 00:00:00'),
(144, 'COUPON00006', 'mem00365', 0, NULL, '2022-12-31 00:00:00'),
(145, 'COUPON00004', 'mem00007', 0, NULL, '2023-04-29 00:00:00'),
(146, 'COUPON00005', 'mem00440', 0, NULL, '2023-03-17 00:00:00'),
(147, 'COUPON00003', 'mem00177', 0, NULL, '2022-09-08 00:00:00'),
(148, 'COUPON00005', 'mem00067', 0, NULL, '2022-07-11 00:00:00'),
(149, 'COUPON00003', 'mem00301', 0, NULL, '2023-04-14 00:00:00'),
(150, 'COUPON00006', 'mem00302', 1, '2022-06-07 05:00:00', '2022-05-01 00:00:00'),
(151, 'COUPON00002', 'mem00110', 1, '2022-09-06 13:00:00', '2022-08-13 00:00:00'),
(152, 'COUPON00003', 'mem00143', 1, '2022-09-26 01:00:00', '2022-09-15 00:00:00'),
(153, 'COUPON00005', 'mem00382', 0, NULL, '2023-05-11 00:00:00'),
(154, 'COUPON00002', 'mem00481', 0, NULL, '2023-03-15 00:00:00'),
(155, 'COUPON00002', 'mem00258', 0, NULL, '2022-07-22 00:00:00'),
(156, 'COUPON00002', 'mem00348', 1, '2023-01-17 11:00:00', '2022-12-07 00:00:00'),
(157, 'COUPON00003', 'mem00463', 0, NULL, '2022-07-31 00:00:00'),
(158, 'COUPON00003', 'mem00272', 0, NULL, '2022-10-25 00:00:00'),
(159, 'COUPON00001', 'mem00471', 1, '2023-02-11 09:00:00', '2022-12-19 00:00:00'),
(160, 'COUPON00006', 'mem00037', 0, NULL, '2023-01-01 00:00:00'),
(161, 'COUPON00003', 'mem00274', 1, '2022-10-24 10:00:00', '2022-09-27 00:00:00'),
(162, 'COUPON00003', 'mem00259', 1, '2022-06-14 00:00:00', '2022-05-11 00:00:00'),
(163, 'COUPON00006', 'mem00471', 1, '2023-05-29 19:00:00', '2023-05-02 00:00:00'),
(164, 'COUPON00001', 'mem00079', 1, '2023-03-08 22:00:00', '2023-01-31 00:00:00'),
(165, 'COUPON00005', 'mem00480', 0, NULL, '2023-01-31 00:00:00'),
(166, 'COUPON00002', 'mem00163', 1, '2022-11-27 06:00:00', '2022-10-17 00:00:00'),
(167, 'COUPON00006', 'mem00374', 0, NULL, '2022-05-21 00:00:00'),
(168, 'COUPON00001', 'mem00382', 0, NULL, '2023-04-24 00:00:00'),
(169, 'COUPON00004', 'mem00289', 0, NULL, '2022-11-18 00:00:00'),
(170, 'COUPON00005', 'mem00296', 1, '2023-04-17 13:00:00', '2023-03-13 00:00:00'),
(171, 'COUPON00006', 'mem00113', 1, '2023-01-20 22:00:00', '2022-11-28 00:00:00'),
(172, 'COUPON00002', 'mem00176', 1, '2022-09-30 00:00:00', '2022-08-18 00:00:00'),
(173, 'COUPON00002', 'mem00040', 1, '2023-04-12 06:00:00', '2023-02-18 00:00:00'),
(174, 'COUPON00005', 'mem00172', 0, NULL, '2023-05-12 00:00:00'),
(175, 'COUPON00005', 'mem00239', 1, '2023-01-12 09:00:00', '2022-12-26 00:00:00'),
(176, 'COUPON00005', 'mem00179', 1, '2022-08-23 00:00:00', '2022-07-07 00:00:00'),
(177, 'COUPON00005', 'mem00176', 0, NULL, '2023-05-17 00:00:00'),
(178, 'COUPON00002', 'mem00342', 0, NULL, '2022-10-25 00:00:00'),
(179, 'COUPON00001', 'mem00184', 1, '2022-09-04 22:00:00', '2022-09-02 00:00:00'),
(180, 'COUPON00006', 'mem00391', 0, NULL, '2022-07-28 00:00:00'),
(181, 'COUPON00002', 'mem00403', 0, NULL, '2022-07-09 00:00:00'),
(182, 'COUPON00005', 'mem00341', 1, '2022-09-15 11:00:00', '2022-07-24 00:00:00'),
(183, 'COUPON00004', 'mem00497', 1, '2022-12-18 16:00:00', '2022-11-30 00:00:00'),
(184, 'COUPON00005', 'mem00462', 1, '2022-08-09 21:00:00', '2022-06-18 00:00:00'),
(185, 'COUPON00002', 'mem00318', 1, '2023-05-31 10:00:00', '2023-05-03 00:00:00'),
(186, 'COUPON00004', 'mem00203', 1, '2022-11-24 10:00:00', '2022-10-12 00:00:00'),
(187, 'COUPON00003', 'mem00060', 0, NULL, '2022-08-10 00:00:00'),
(188, 'COUPON00002', 'mem00193', 0, NULL, '2022-05-15 00:00:00'),
(189, 'COUPON00005', 'mem00283', 1, '2022-10-10 22:00:00', '2022-09-29 00:00:00'),
(190, 'COUPON00003', 'mem00336', 1, '2023-05-13 05:00:00', '2023-03-25 00:00:00'),
(191, 'COUPON00003', 'mem00330', 0, NULL, '2022-06-13 00:00:00'),
(192, 'COUPON00002', 'mem00142', 1, '2023-06-15 08:00:00', '2023-05-16 00:00:00'),
(193, 'COUPON00005', 'mem00220', 1, '2022-12-31 02:00:00', '2022-12-27 00:00:00'),
(194, 'COUPON00005', 'mem00172', 0, NULL, '2022-07-01 00:00:00'),
(195, 'COUPON00006', 'mem00199', 0, NULL, '2023-04-18 00:00:00'),
(196, 'COUPON00001', 'mem00481', 1, '2022-08-06 08:00:00', '2022-06-18 00:00:00'),
(197, 'COUPON00001', 'mem00308', 1, '2023-05-23 11:00:00', '2023-03-30 00:00:00'),
(198, 'COUPON00006', 'mem00095', 0, NULL, '2023-05-08 00:00:00'),
(199, 'COUPON00001', 'mem00052', 0, NULL, '2022-08-07 00:00:00'),
(200, 'COUPON00001', 'mem00474', 0, NULL, '2022-09-16 00:00:00'),
(201, 'COUPON00002', 'mem00214', 0, NULL, '2022-05-17 00:00:00'),
(202, 'COUPON00004', 'mem00148', 1, '2022-06-21 09:00:00', '2022-06-17 00:00:00'),
(203, 'COUPON00004', 'mem00099', 0, NULL, '2022-11-04 00:00:00'),
(204, 'COUPON00006', 'mem00047', 0, NULL, '2022-06-01 00:00:00'),
(205, 'COUPON00006', 'mem00440', 0, NULL, '2023-04-25 00:00:00'),
(206, 'COUPON00005', 'mem00058', 1, '2022-12-01 07:00:00', '2022-10-24 00:00:00'),
(207, 'COUPON00002', 'mem00471', 1, '2022-12-31 10:00:00', '2022-11-03 00:00:00'),
(208, 'COUPON00006', 'mem00179', 0, NULL, '2022-05-21 00:00:00'),
(209, 'COUPON00005', 'mem00482', 1, '2023-04-28 06:00:00', '2023-03-02 00:00:00'),
(210, 'COUPON00006', 'mem00374', 0, NULL, '2023-03-18 00:00:00'),
(211, 'COUPON00004', 'mem00423', 1, '2023-04-27 02:00:00', '2023-03-07 00:00:00'),
(212, 'COUPON00006', 'mem00490', 0, NULL, '2022-11-20 00:00:00'),
(213, 'COUPON00004', 'mem00182', 1, '2022-08-16 17:00:00', '2022-07-24 00:00:00'),
(214, 'COUPON00004', 'mem00439', 0, NULL, '2022-11-14 00:00:00'),
(215, 'COUPON00001', 'mem00147', 1, '2023-05-11 06:00:00', '2023-04-16 00:00:00'),
(216, 'COUPON00004', 'mem00419', 0, NULL, '2022-05-13 00:00:00'),
(217, 'COUPON00006', 'mem00155', 0, NULL, '2022-10-06 00:00:00'),
(218, 'COUPON00003', 'mem00015', 1, '2023-07-04 02:00:00', '2023-05-10 00:00:00'),
(219, 'COUPON00003', 'mem00110', 1, '2023-01-23 17:00:00', '2023-01-04 00:00:00'),
(220, 'COUPON00006', 'mem00004', 1, '2022-10-21 03:00:00', '2022-08-29 00:00:00'),
(221, 'COUPON00002', 'mem00188', 0, NULL, '2022-12-25 00:00:00'),
(222, 'COUPON00004', 'mem00429', 0, NULL, '2022-07-09 00:00:00'),
(223, 'COUPON00001', 'mem00082', 1, '2022-06-06 17:00:00', '2022-05-11 00:00:00'),
(224, 'COUPON00005', 'mem00123', 0, NULL, '2022-12-14 00:00:00'),
(225, 'COUPON00002', 'mem00365', 1, '2023-05-12 03:00:00', '2023-04-08 00:00:00'),
(226, 'COUPON00002', 'mem00458', 1, '2023-02-19 10:00:00', '2023-01-20 00:00:00'),
(227, 'COUPON00004', 'mem00195', 1, '2023-04-09 17:00:00', '2023-02-19 00:00:00'),
(228, 'COUPON00001', 'mem00100', 0, NULL, '2023-02-22 00:00:00'),
(229, 'COUPON00005', 'mem00415', 1, '2023-01-14 11:00:00', '2022-12-08 00:00:00'),
(230, 'COUPON00004', 'mem00272', 0, NULL, '2022-12-03 00:00:00'),
(231, 'COUPON00002', 'mem00118', 1, '2022-07-12 01:00:00', '2022-06-04 00:00:00'),
(232, 'COUPON00006', 'mem00271', 1, '2023-03-01 20:00:00', '2023-02-12 00:00:00'),
(233, 'COUPON00006', 'mem00001', 0, NULL, '2022-11-05 00:00:00'),
(234, 'COUPON00003', 'mem00193', 0, NULL, '2022-07-20 00:00:00'),
(235, 'COUPON00002', 'mem00459', 1, '2023-01-08 23:00:00', '2022-12-05 00:00:00'),
(236, 'COUPON00001', 'mem00217', 1, '2022-07-29 08:00:00', '2022-07-28 00:00:00'),
(237, 'COUPON00003', 'mem00209', 0, NULL, '2022-10-14 00:00:00'),
(238, 'COUPON00003', 'mem00391', 0, NULL, '2022-11-01 00:00:00'),
(239, 'COUPON00002', 'mem00329', 1, '2022-07-03 19:00:00', '2022-06-12 00:00:00'),
(240, 'COUPON00001', 'mem00472', 0, NULL, '2022-06-09 00:00:00'),
(241, 'COUPON00006', 'mem00370', 1, '2022-08-25 00:00:00', '2022-07-11 00:00:00'),
(242, 'COUPON00003', 'mem00436', 0, NULL, '2022-12-25 00:00:00'),
(243, 'COUPON00006', 'mem00068', 1, '2023-01-08 16:00:00', '2022-11-30 00:00:00'),
(244, 'COUPON00004', 'mem00031', 1, '2023-04-20 08:00:00', '2023-04-17 00:00:00'),
(245, 'COUPON00003', 'mem00450', 0, NULL, '2023-04-20 00:00:00'),
(246, 'COUPON00002', 'mem00157', 0, NULL, '2023-04-03 00:00:00'),
(247, 'COUPON00002', 'mem00435', 1, '2023-01-12 15:00:00', '2022-12-26 00:00:00'),
(248, 'COUPON00002', 'mem00201', 0, NULL, '2022-11-02 00:00:00'),
(249, 'COUPON00004', 'mem00202', 1, '2022-12-12 02:00:00', '2022-11-24 00:00:00'),
(250, 'COUPON00001', 'mem00408', 0, NULL, '2022-08-11 00:00:00'),
(251, 'COUPON00005', 'mem00430', 1, '2023-03-02 13:00:00', '2023-01-24 00:00:00'),
(252, 'COUPON00002', 'mem00429', 1, '2023-02-12 13:00:00', '2023-01-30 00:00:00'),
(253, 'COUPON00001', 'mem00353', 1, '2022-11-13 00:00:00', '2022-10-29 00:00:00'),
(254, 'COUPON00005', 'mem00477', 1, '2022-08-30 09:00:00', '2022-07-27 00:00:00'),
(255, 'COUPON00003', 'mem00326', 0, NULL, '2023-01-27 00:00:00'),
(256, 'COUPON00005', 'mem00197', 1, '2023-04-05 21:00:00', '2023-03-30 00:00:00'),
(257, 'COUPON00005', 'mem00008', 1, '2022-09-15 03:00:00', '2022-07-26 00:00:00'),
(258, 'COUPON00003', 'mem00450', 0, NULL, '2022-11-13 00:00:00'),
(259, 'COUPON00001', 'mem00224', 1, '2023-05-30 05:00:00', '2023-04-05 00:00:00'),
(260, 'COUPON00005', 'mem00268', 0, NULL, '2023-04-12 00:00:00'),
(261, 'COUPON00003', 'mem00170', 1, '2023-03-31 17:00:00', '2023-03-29 00:00:00'),
(262, 'COUPON00005', 'mem00043', 0, NULL, '2022-12-28 00:00:00'),
(263, 'COUPON00006', 'mem00205', 0, NULL, '2022-11-26 00:00:00'),
(264, 'COUPON00002', 'mem00397', 1, '2023-04-16 16:00:00', '2023-03-20 00:00:00'),
(265, 'COUPON00005', 'mem00369', 1, '2022-12-22 10:00:00', '2022-12-12 00:00:00'),
(266, 'COUPON00004', 'mem00155', 1, '2022-10-30 21:00:00', '2022-10-02 00:00:00'),
(267, 'COUPON00001', 'mem00165', 1, '2022-09-30 05:00:00', '2022-08-08 00:00:00'),
(268, 'COUPON00004', 'mem00362', 0, NULL, '2022-05-31 00:00:00'),
(269, 'COUPON00006', 'mem00314', 0, NULL, '2022-12-23 00:00:00'),
(270, 'COUPON00003', 'mem00484', 0, NULL, '2023-03-26 00:00:00'),
(271, 'COUPON00004', 'mem00475', 0, NULL, '2022-10-19 00:00:00'),
(272, 'COUPON00004', 'mem00423', 1, '2023-03-09 12:00:00', '2023-01-09 00:00:00'),
(273, 'COUPON00006', 'mem00189', 1, '2023-05-23 00:00:00', '2023-05-05 00:00:00'),
(274, 'COUPON00002', 'mem00176', 1, '2023-04-18 07:00:00', '2023-03-18 00:00:00'),
(275, 'COUPON00001', 'mem00314', 1, '2022-10-08 14:00:00', '2022-08-27 00:00:00'),
(276, 'COUPON00004', 'mem00040', 0, NULL, '2022-05-12 00:00:00'),
(277, 'COUPON00005', 'mem00257', 0, NULL, '2022-07-22 00:00:00'),
(278, 'COUPON00003', 'mem00164', 1, '2023-07-11 01:00:00', '2023-05-13 00:00:00'),
(279, 'COUPON00003', 'mem00048', 0, NULL, '2022-08-20 00:00:00'),
(280, 'COUPON00004', 'mem00246', 0, NULL, '2022-11-05 00:00:00'),
(281, 'COUPON00006', 'mem00089', 0, NULL, '2022-12-13 00:00:00'),
(282, 'COUPON00002', 'mem00206', 0, NULL, '2022-10-31 00:00:00'),
(283, 'COUPON00006', 'mem00260', 1, '2023-02-11 12:00:00', '2022-12-26 00:00:00'),
(284, 'COUPON00006', 'mem00183', 0, NULL, '2023-01-21 00:00:00'),
(285, 'COUPON00005', 'mem00136', 0, NULL, '2022-12-11 00:00:00'),
(286, 'COUPON00001', 'mem00128', 1, '2023-03-25 08:00:00', '2023-03-25 00:00:00'),
(287, 'COUPON00006', 'mem00234', 0, NULL, '2022-11-19 00:00:00'),
(288, 'COUPON00005', 'mem00283', 1, '2022-07-08 04:00:00', '2022-05-30 00:00:00'),
(289, 'COUPON00001', 'mem00215', 0, NULL, '2023-02-28 00:00:00'),
(290, 'COUPON00002', 'mem00224', 1, '2023-02-20 19:00:00', '2023-02-06 00:00:00'),
(291, 'COUPON00004', 'mem00474', 1, '2022-09-08 11:00:00', '2022-08-23 00:00:00'),
(292, 'COUPON00003', 'mem00197', 0, NULL, '2022-08-21 00:00:00'),
(293, 'COUPON00003', 'mem00061', 1, '2023-01-09 21:00:00', '2022-12-03 00:00:00'),
(294, 'COUPON00004', 'mem00217', 1, '2023-05-19 02:00:00', '2023-04-29 00:00:00'),
(295, 'COUPON00003', 'mem00399', 1, '2022-07-09 15:00:00', '2022-05-24 00:00:00'),
(296, 'COUPON00005', 'mem00344', 1, '2022-12-14 01:00:00', '2022-10-22 00:00:00'),
(297, 'COUPON00002', 'mem00023', 0, NULL, '2022-06-04 00:00:00'),
(298, 'COUPON00003', 'mem00083', 0, NULL, '2022-06-01 00:00:00'),
(299, 'COUPON00006', 'mem00344', 1, '2022-07-01 09:00:00', '2022-06-26 00:00:00'),
(300, 'COUPON00003', 'mem00470', 1, '2022-12-19 14:00:00', '2022-11-02 00:00:00'),
(301, 'COUPON00004', 'mem00318', 1, '2023-06-22 21:00:00', '2023-05-12 00:00:00'),
(302, 'COUPON00003', 'mem00178', 0, NULL, '2022-10-28 00:00:00'),
(303, 'COUPON00001', 'mem00436', 0, NULL, '2022-10-04 00:00:00'),
(304, 'COUPON00003', 'mem00145', 1, '2023-01-01 18:00:00', '2022-12-26 00:00:00'),
(305, 'COUPON00006', 'mem00419', 1, '2023-05-08 21:00:00', '2023-04-11 00:00:00'),
(306, 'COUPON00002', 'mem00159', 1, '2023-03-02 05:00:00', '2023-01-02 00:00:00'),
(307, 'COUPON00005', 'mem00036', 1, '2022-12-12 13:00:00', '2022-11-10 00:00:00'),
(308, 'COUPON00005', 'mem00204', 1, '2023-01-30 01:00:00', '2022-12-16 00:00:00'),
(309, 'COUPON00006', 'mem00412', 0, NULL, '2022-11-02 00:00:00'),
(310, 'COUPON00005', 'mem00445', 1, '2023-01-02 14:00:00', '2022-12-26 00:00:00'),
(311, 'COUPON00003', 'mem00492', 0, NULL, '2023-01-13 00:00:00'),
(312, 'COUPON00001', 'mem00122', 1, '2022-11-26 19:00:00', '2022-11-04 00:00:00'),
(313, 'COUPON00005', 'mem00135', 0, NULL, '2022-10-14 00:00:00'),
(314, 'COUPON00002', 'mem00309', 0, NULL, '2023-01-26 00:00:00'),
(315, 'COUPON00004', 'mem00139', 1, '2022-08-28 04:00:00', '2022-07-28 00:00:00'),
(316, 'COUPON00001', 'mem00266', 0, NULL, '2022-05-13 00:00:00'),
(317, 'COUPON00002', 'mem00413', 1, '2022-11-22 11:00:00', '2022-10-26 00:00:00'),
(318, 'COUPON00001', 'mem00265', 0, NULL, '2022-07-31 00:00:00'),
(319, 'COUPON00006', 'mem00087', 0, NULL, '2023-02-27 00:00:00'),
(320, 'COUPON00002', 'mem00140', 1, '2022-09-14 20:00:00', '2022-08-02 00:00:00'),
(321, 'COUPON00003', 'mem00439', 0, NULL, '2023-03-20 00:00:00'),
(322, 'COUPON00002', 'mem00272', 0, NULL, '2022-11-09 00:00:00'),
(323, 'COUPON00001', 'mem00046', 0, NULL, '2023-05-09 00:00:00'),
(324, 'COUPON00003', 'mem00411', 1, '2022-10-08 19:00:00', '2022-09-22 00:00:00'),
(325, 'COUPON00002', 'mem00416', 1, '2023-05-13 10:00:00', '2023-05-01 00:00:00'),
(326, 'COUPON00004', 'mem00345', 1, '2023-01-15 16:00:00', '2023-01-04 00:00:00'),
(327, 'COUPON00001', 'mem00480', 0, NULL, '2022-09-22 00:00:00'),
(328, 'COUPON00005', 'mem00364', 0, NULL, '2023-04-25 00:00:00'),
(329, 'COUPON00003', 'mem00380', 0, NULL, '2022-12-05 00:00:00'),
(330, 'COUPON00006', 'mem00305', 0, NULL, '2022-05-14 00:00:00'),
(331, 'COUPON00001', 'mem00386', 0, NULL, '2022-10-25 00:00:00'),
(332, 'COUPON00004', 'mem00016', 1, '2022-08-11 02:00:00', '2022-07-21 00:00:00'),
(333, 'COUPON00005', 'mem00421', 1, '2023-01-22 09:00:00', '2023-01-12 00:00:00'),
(334, 'COUPON00006', 'mem00054', 1, '2023-03-18 15:00:00', '2023-01-29 00:00:00'),
(335, 'COUPON00003', 'mem00009', 1, '2023-01-06 03:00:00', '2022-12-05 00:00:00'),
(336, 'COUPON00003', 'mem00382', 1, '2023-02-10 17:00:00', '2023-01-27 00:00:00'),
(337, 'COUPON00004', 'mem00383', 1, '2023-04-20 03:00:00', '2023-03-14 00:00:00'),
(338, 'COUPON00006', 'mem00270', 1, '2022-05-31 11:00:00', '2022-05-10 00:00:00'),
(339, 'COUPON00006', 'mem00199', 1, '2023-02-23 23:00:00', '2022-12-30 00:00:00'),
(340, 'COUPON00003', 'mem00183', 0, NULL, '2022-06-11 00:00:00'),
(341, 'COUPON00003', 'mem00320', 1, '2023-01-30 13:00:00', '2022-12-26 00:00:00'),
(342, 'COUPON00006', 'mem00051', 0, NULL, '2023-03-06 00:00:00'),
(343, 'COUPON00002', 'mem00295', 0, NULL, '2022-07-04 00:00:00'),
(344, 'COUPON00002', 'mem00320', 0, NULL, '2022-10-05 00:00:00'),
(345, 'COUPON00004', 'mem00215', 1, '2022-12-08 17:00:00', '2022-11-29 00:00:00'),
(346, 'COUPON00003', 'mem00113', 1, '2022-11-27 22:00:00', '2022-11-26 00:00:00'),
(347, 'COUPON00003', 'mem00419', 0, NULL, '2022-05-27 00:00:00'),
(348, 'COUPON00003', 'mem00258', 0, NULL, '2023-01-22 00:00:00'),
(349, 'COUPON00002', 'mem00033', 1, '2022-09-25 10:00:00', '2022-08-16 00:00:00'),
(350, 'COUPON00006', 'mem00388', 0, NULL, '2022-08-30 00:00:00'),
(351, 'COUPON00005', 'mem00340', 1, '2023-02-26 09:00:00', '2023-02-10 00:00:00'),
(352, 'COUPON00003', 'mem00037', 0, NULL, '2023-02-24 00:00:00'),
(353, 'COUPON00002', 'mem00164', 1, '2023-02-02 13:00:00', '2023-01-13 00:00:00'),
(354, 'COUPON00003', 'mem00207', 1, '2022-06-29 13:00:00', '2022-05-07 00:00:00'),
(355, 'COUPON00006', 'mem00045', 1, '2022-06-18 07:00:00', '2022-05-23 00:00:00'),
(356, 'COUPON00003', 'mem00102', 0, NULL, '2022-08-04 00:00:00'),
(357, 'COUPON00002', 'mem00376', 0, NULL, '2022-05-26 00:00:00'),
(358, 'COUPON00003', 'mem00074', 0, NULL, '2022-12-12 00:00:00'),
(359, 'COUPON00006', 'mem00239', 0, NULL, '2023-02-12 00:00:00'),
(360, 'COUPON00005', 'mem00472', 1, '2023-06-13 19:00:00', '2023-05-14 00:00:00'),
(361, 'COUPON00001', 'mem00145', 0, NULL, '2023-01-20 00:00:00'),
(362, 'COUPON00005', 'mem00307', 1, '2022-11-21 00:00:00', '2022-11-06 00:00:00'),
(363, 'COUPON00003', 'mem00102', 0, NULL, '2022-10-01 00:00:00'),
(364, 'COUPON00006', 'mem00086', 0, NULL, '2022-11-16 00:00:00'),
(365, 'COUPON00001', 'mem00122', 1, '2022-11-13 14:00:00', '2022-10-02 00:00:00'),
(366, 'COUPON00005', 'mem00354', 0, NULL, '2022-10-20 00:00:00'),
(367, 'COUPON00003', 'mem00402', 1, '2022-07-05 01:00:00', '2022-05-18 00:00:00'),
(368, 'COUPON00005', 'mem00448', 0, NULL, '2023-04-01 00:00:00'),
(369, 'COUPON00004', 'mem00034', 1, '2022-09-27 13:00:00', '2022-08-06 00:00:00'),
(370, 'COUPON00004', 'mem00326', 0, NULL, '2022-12-31 00:00:00'),
(371, 'COUPON00001', 'mem00026', 1, '2022-12-12 12:00:00', '2022-10-15 00:00:00'),
(372, 'COUPON00006', 'mem00153', 1, '2022-08-24 23:00:00', '2022-08-10 00:00:00'),
(373, 'COUPON00003', 'mem00188', 0, NULL, '2022-05-07 00:00:00'),
(374, 'COUPON00001', 'mem00479', 0, NULL, '2022-08-20 00:00:00'),
(375, 'COUPON00001', 'mem00331', 0, NULL, '2022-09-30 00:00:00'),
(376, 'COUPON00002', 'mem00217', 0, NULL, '2022-06-19 00:00:00'),
(377, 'COUPON00001', 'mem00093', 0, NULL, '2022-10-17 00:00:00'),
(378, 'COUPON00005', 'mem00311', 0, NULL, '2023-03-16 00:00:00'),
(379, 'COUPON00004', 'mem00278', 1, '2023-04-09 04:00:00', '2023-03-21 00:00:00'),
(380, 'COUPON00003', 'mem00457', 0, NULL, '2023-02-05 00:00:00'),
(381, 'COUPON00003', 'mem00449', 1, '2022-08-09 01:00:00', '2022-06-19 00:00:00'),
(382, 'COUPON00006', 'mem00373', 1, '2022-11-02 17:00:00', '2022-10-16 00:00:00'),
(383, 'COUPON00004', 'mem00019', 1, '2023-05-02 08:00:00', '2023-03-08 00:00:00'),
(384, 'COUPON00001', 'mem00475', 1, '2023-03-29 16:00:00', '2023-02-14 00:00:00'),
(385, 'COUPON00003', 'mem00317', 0, NULL, '2022-09-08 00:00:00'),
(386, 'COUPON00002', 'mem00159', 1, '2022-12-05 09:00:00', '2022-10-14 00:00:00'),
(387, 'COUPON00005', 'mem00346', 1, '2022-07-09 22:00:00', '2022-06-29 00:00:00'),
(388, 'COUPON00002', 'mem00251', 0, NULL, '2022-10-28 00:00:00'),
(389, 'COUPON00005', 'mem00219', 1, '2023-04-26 08:00:00', '2023-04-09 00:00:00'),
(390, 'COUPON00002', 'mem00338', 0, NULL, '2022-05-27 00:00:00'),
(391, 'COUPON00004', 'mem00034', 0, NULL, '2023-01-05 00:00:00'),
(392, 'COUPON00002', 'mem00155', 0, NULL, '2022-05-23 00:00:00'),
(393, 'COUPON00004', 'mem00175', 0, NULL, '2022-09-04 00:00:00'),
(394, 'COUPON00001', 'mem00407', 1, '2022-12-22 21:00:00', '2022-10-30 00:00:00'),
(395, 'COUPON00001', 'mem00012', 1, '2022-11-03 12:00:00', '2022-09-27 00:00:00'),
(396, 'COUPON00004', 'mem00336', 1, '2022-12-15 20:00:00', '2022-11-20 00:00:00'),
(397, 'COUPON00002', 'mem00143', 1, '2022-11-16 17:00:00', '2022-10-31 00:00:00'),
(398, 'COUPON00006', 'mem00207', 1, '2023-03-10 22:00:00', '2023-03-05 00:00:00'),
(399, 'COUPON00001', 'mem00104', 1, '2023-01-24 09:00:00', '2022-12-16 00:00:00'),
(400, 'COUPON00004', 'mem00400', 1, '2023-02-04 06:00:00', '2022-12-07 00:00:00'),
(401, 'COUPON00004', 'mem00188', 0, NULL, '2022-06-02 00:00:00'),
(402, 'COUPON00003', 'mem00239', 1, '2023-03-19 02:00:00', '2023-01-20 00:00:00'),
(403, 'COUPON00004', 'mem00133', 0, NULL, '2022-07-19 00:00:00'),
(404, 'COUPON00003', 'mem00444', 0, NULL, '2023-05-05 00:00:00'),
(405, 'COUPON00001', 'mem00321', 0, NULL, '2022-07-19 00:00:00'),
(406, 'COUPON00002', 'mem00272', 0, NULL, '2022-06-24 00:00:00'),
(407, 'COUPON00003', 'mem00398', 1, '2022-07-24 20:00:00', '2022-06-02 00:00:00'),
(408, 'COUPON00006', 'mem00171', 1, '2023-06-14 19:00:00', '2023-05-16 00:00:00'),
(409, 'COUPON00005', 'mem00162', 0, NULL, '2023-02-03 00:00:00'),
(410, 'COUPON00005', 'mem00295', 1, '2023-02-24 12:00:00', '2023-01-05 00:00:00'),
(411, 'COUPON00003', 'mem00491', 0, NULL, '2022-05-31 00:00:00'),
(412, 'COUPON00001', 'mem00066', 0, NULL, '2022-10-15 00:00:00'),
(413, 'COUPON00001', 'mem00359', 1, '2023-06-11 03:00:00', '2023-04-29 00:00:00'),
(414, 'COUPON00002', 'mem00098', 0, NULL, '2022-10-17 00:00:00'),
(415, 'COUPON00005', 'mem00411', 0, NULL, '2022-09-18 00:00:00'),
(416, 'COUPON00003', 'mem00261', 1, '2022-11-15 04:00:00', '2022-11-11 00:00:00'),
(417, 'COUPON00004', 'mem00071', 0, NULL, '2022-10-16 00:00:00'),
(418, 'COUPON00005', 'mem00072', 0, NULL, '2023-01-13 00:00:00'),
(419, 'COUPON00005', 'mem00146', 1, '2022-06-01 10:00:00', '2022-05-21 00:00:00'),
(420, 'COUPON00003', 'mem00013', 1, '2022-09-13 14:00:00', '2022-07-31 00:00:00'),
(421, 'COUPON00001', 'mem00125', 0, NULL, '2022-05-15 00:00:00'),
(422, 'COUPON00001', 'mem00089', 0, NULL, '2022-10-30 00:00:00'),
(423, 'COUPON00006', 'mem00067', 0, NULL, '2022-08-12 00:00:00'),
(424, 'COUPON00004', 'mem00068', 1, '2023-04-23 20:00:00', '2023-04-15 00:00:00'),
(425, 'COUPON00003', 'mem00137', 0, NULL, '2023-02-19 00:00:00'),
(426, 'COUPON00002', 'mem00481', 1, '2022-07-11 04:00:00', '2022-06-11 00:00:00'),
(427, 'COUPON00002', 'mem00493', 1, '2022-08-01 10:00:00', '2022-07-28 00:00:00'),
(428, 'COUPON00006', 'mem00023', 0, NULL, '2023-03-12 00:00:00'),
(429, 'COUPON00001', 'mem00134', 1, '2022-12-06 11:00:00', '2022-10-16 00:00:00'),
(430, 'COUPON00004', 'mem00102', 0, NULL, '2023-02-01 00:00:00'),
(431, 'COUPON00006', 'mem00106', 0, NULL, '2022-08-23 00:00:00'),
(432, 'COUPON00003', 'mem00225', 1, '2022-09-04 07:00:00', '2022-08-31 00:00:00'),
(433, 'COUPON00004', 'mem00306', 1, '2023-03-12 20:00:00', '2023-01-25 00:00:00'),
(434, 'COUPON00004', 'mem00355', 0, NULL, '2022-12-05 00:00:00'),
(435, 'COUPON00001', 'mem00358', 1, '2023-03-18 10:00:00', '2023-02-05 00:00:00'),
(436, 'COUPON00001', 'mem00223', 1, '2023-05-09 16:00:00', '2023-05-03 00:00:00'),
(437, 'COUPON00006', 'mem00040', 1, '2023-01-15 21:00:00', '2022-12-18 00:00:00'),
(438, 'COUPON00004', 'mem00029', 0, NULL, '2022-06-25 00:00:00'),
(439, 'COUPON00001', 'mem00026', 1, '2023-04-15 13:00:00', '2023-04-11 00:00:00'),
(440, 'COUPON00004', 'mem00044', 0, NULL, '2022-06-04 00:00:00'),
(441, 'COUPON00001', 'mem00140', 1, '2023-04-01 21:00:00', '2023-02-05 00:00:00'),
(442, 'COUPON00001', 'mem00069', 0, NULL, '2022-10-02 00:00:00'),
(443, 'COUPON00004', 'mem00422', 0, NULL, '2023-03-10 00:00:00'),
(444, 'COUPON00002', 'mem00403', 0, NULL, '2023-04-07 00:00:00'),
(445, 'COUPON00004', 'mem00247', 0, NULL, '2023-05-17 00:00:00'),
(446, 'COUPON00002', 'mem00027', 0, NULL, '2022-08-29 00:00:00'),
(447, 'COUPON00003', 'mem00393', 0, NULL, '2022-12-09 00:00:00'),
(448, 'COUPON00005', 'mem00384', 0, NULL, '2023-05-05 00:00:00'),
(449, 'COUPON00002', 'mem00239', 1, '2022-06-29 22:00:00', '2022-06-04 00:00:00'),
(450, 'COUPON00006', 'mem00042', 0, NULL, '2022-11-28 00:00:00'),
(451, 'COUPON00004', 'mem00492', 0, NULL, '2022-11-03 00:00:00'),
(452, 'COUPON00005', 'mem00333', 1, '2023-03-17 20:00:00', '2023-02-24 00:00:00'),
(453, 'COUPON00003', 'mem00187', 1, '2022-11-19 11:00:00', '2022-10-19 00:00:00'),
(454, 'COUPON00002', 'mem00439', 1, '2023-05-11 21:00:00', '2023-04-10 00:00:00'),
(455, 'COUPON00006', 'mem00134', 0, NULL, '2022-06-30 00:00:00'),
(456, 'COUPON00005', 'mem00350', 1, '2022-06-07 22:00:00', '2022-06-03 00:00:00'),
(457, 'COUPON00005', 'mem00350', 1, '2023-06-19 20:00:00', '2023-05-02 00:00:00'),
(458, 'COUPON00006', 'mem00198', 1, '2023-01-11 14:00:00', '2022-11-23 00:00:00'),
(459, 'COUPON00006', 'mem00438', 1, '2023-04-18 10:00:00', '2023-03-08 00:00:00'),
(460, 'COUPON00006', 'mem00096', 1, '2022-12-22 07:00:00', '2022-10-25 00:00:00'),
(461, 'COUPON00004', 'mem00166', 1, '2023-05-15 05:00:00', '2023-03-29 00:00:00'),
(462, 'COUPON00004', 'mem00043', 1, '2023-05-04 07:00:00', '2023-05-03 00:00:00'),
(463, 'COUPON00002', 'mem00216', 0, NULL, '2022-07-15 00:00:00'),
(464, 'COUPON00002', 'mem00448', 0, NULL, '2022-06-09 00:00:00'),
(465, 'COUPON00005', 'mem00094', 0, NULL, '2023-04-20 00:00:00'),
(466, 'COUPON00004', 'mem00123', 0, NULL, '2022-09-02 00:00:00'),
(467, 'COUPON00005', 'mem00334', 0, NULL, '2023-03-18 00:00:00'),
(468, 'COUPON00002', 'mem00302', 0, NULL, '2022-07-27 00:00:00'),
(469, 'COUPON00006', 'mem00007', 0, NULL, '2022-12-26 00:00:00'),
(470, 'COUPON00004', 'mem00128', 1, '2022-12-01 18:00:00', '2022-10-18 00:00:00'),
(471, 'COUPON00006', 'mem00119', 1, '2022-10-18 20:00:00', '2022-09-09 00:00:00'),
(472, 'COUPON00003', 'mem00211', 1, '2022-10-01 01:00:00', '2022-09-26 00:00:00'),
(473, 'COUPON00001', 'mem00197', 0, NULL, '2023-04-11 00:00:00'),
(474, 'COUPON00004', 'mem00353', 0, NULL, '2022-09-16 00:00:00'),
(475, 'COUPON00002', 'mem00173', 0, NULL, '2022-06-08 00:00:00'),
(476, 'COUPON00004', 'mem00306', 0, NULL, '2022-10-04 00:00:00'),
(477, 'COUPON00002', 'mem00009', 1, '2023-03-06 14:00:00', '2023-02-09 00:00:00'),
(478, 'COUPON00005', 'mem00125', 1, '2022-12-28 21:00:00', '2022-11-06 00:00:00'),
(479, 'COUPON00004', 'mem00099', 0, NULL, '2022-08-01 00:00:00'),
(480, 'COUPON00005', 'mem00120', 1, '2023-02-11 15:00:00', '2023-02-04 00:00:00'),
(481, 'COUPON00005', 'mem00304', 1, '2023-06-16 08:00:00', '2023-04-18 00:00:00'),
(482, 'COUPON00001', 'mem00156', 0, NULL, '2022-10-10 00:00:00'),
(483, 'COUPON00005', 'mem00371', 1, '2022-10-17 22:00:00', '2022-09-14 00:00:00'),
(484, 'COUPON00005', 'mem00386', 1, '2023-01-02 12:00:00', '2022-11-12 00:00:00'),
(485, 'COUPON00001', 'mem00315', 1, '2022-12-08 22:00:00', '2022-11-03 00:00:00'),
(486, 'COUPON00005', 'mem00416', 0, NULL, '2023-04-09 00:00:00'),
(487, 'COUPON00001', 'mem00137', 1, '2022-06-07 00:00:00', '2022-05-13 00:00:00'),
(488, 'COUPON00006', 'mem00433', 1, '2022-11-11 04:00:00', '2022-10-25 00:00:00'),
(489, 'COUPON00005', 'mem00257', 1, '2022-08-07 21:00:00', '2022-07-28 00:00:00'),
(490, 'COUPON00005', 'mem00484', 0, NULL, '2023-02-16 00:00:00'),
(491, 'COUPON00005', 'mem00149', 1, '2022-06-16 22:00:00', '2022-06-14 00:00:00'),
(492, 'COUPON00003', 'mem00291', 0, NULL, '2022-08-23 00:00:00'),
(493, 'COUPON00005', 'mem00009', 1, '2022-08-04 21:00:00', '2022-06-24 00:00:00'),
(494, 'COUPON00004', 'mem00171', 0, NULL, '2023-03-09 00:00:00'),
(495, 'COUPON00006', 'mem00328', 0, NULL, '2023-01-06 00:00:00'),
(496, 'COUPON00003', 'mem00127', 0, NULL, '2023-03-13 00:00:00'),
(497, 'COUPON00003', 'mem00148', 1, '2022-07-27 17:00:00', '2022-07-07 00:00:00'),
(498, 'COUPON00001', 'mem00362', 0, NULL, '2022-09-29 00:00:00'),
(499, 'COUPON00001', 'mem00363', 1, '2022-11-28 23:00:00', '2022-10-22 00:00:00'),
(500, 'COUPON00006', 'mem00230', 0, NULL, '2022-06-07 00:00:00'),
(501, 'COUPON00005', 'mem00060', 0, NULL, '2022-06-12 00:00:00'),
(502, 'COUPON00006', 'mem00107', 1, '2022-08-15 14:00:00', '2022-08-08 00:00:00'),
(503, 'COUPON00006', 'mem00358', 1, '2023-06-21 01:00:00', '2023-05-08 00:00:00'),
(504, 'COUPON00003', 'mem00465', 0, NULL, '2022-06-06 00:00:00'),
(505, 'COUPON00001', 'mem00253', 1, '2022-12-14 12:00:00', '2022-11-27 00:00:00'),
(506, 'COUPON00002', 'mem00371', 1, '2022-11-11 08:00:00', '2022-10-27 00:00:00'),
(507, 'COUPON00002', 'mem00093', 0, NULL, '2023-01-21 00:00:00'),
(508, 'COUPON00002', 'mem00351', 1, '2022-06-17 02:00:00', '2022-05-24 00:00:00'),
(509, 'COUPON00002', 'mem00475', 0, NULL, '2022-07-26 00:00:00'),
(510, 'COUPON00005', 'mem00323', 0, NULL, '2023-04-27 00:00:00'),
(511, 'COUPON00002', 'mem00188', 1, '2022-06-02 11:00:00', '2022-05-19 00:00:00'),
(512, 'COUPON00004', 'mem00473', 0, NULL, '2022-10-01 00:00:00'),
(513, 'COUPON00004', 'mem00299', 1, '2023-03-28 02:00:00', '2023-03-28 00:00:00'),
(514, 'COUPON00001', 'mem00075', 1, '2022-07-07 00:00:00', '2022-06-20 00:00:00'),
(515, 'COUPON00003', 'mem00477', 1, '2022-06-16 17:00:00', '2022-05-23 00:00:00'),
(516, 'COUPON00001', 'mem00158', 1, '2023-04-20 12:00:00', '2023-04-08 00:00:00'),
(517, 'COUPON00001', 'mem00362', 1, '2022-10-14 11:00:00', '2022-08-27 00:00:00'),
(518, 'COUPON00002', 'mem00333', 0, NULL, '2023-03-23 00:00:00'),
(519, 'COUPON00001', 'mem00081', 0, NULL, '2022-09-08 00:00:00'),
(520, 'COUPON00002', 'mem00403', 1, '2022-07-20 20:00:00', '2022-06-26 00:00:00'),
(521, 'COUPON00001', 'mem00272', 0, NULL, '2023-01-26 00:00:00'),
(522, 'COUPON00005', 'mem00149', 1, '2022-07-17 17:00:00', '2022-06-09 00:00:00'),
(523, 'COUPON00004', 'mem00429', 0, NULL, '2022-09-28 00:00:00'),
(524, 'COUPON00003', 'mem00197', 0, NULL, '2023-01-06 00:00:00'),
(525, 'COUPON00002', 'mem00198', 0, NULL, '2022-06-05 00:00:00'),
(526, 'COUPON00002', 'mem00399', 1, '2023-01-05 00:00:00', '2022-11-07 00:00:00'),
(527, 'COUPON00002', 'mem00402', 0, NULL, '2022-07-23 00:00:00'),
(528, 'COUPON00003', 'mem00311', 0, NULL, '2022-12-16 00:00:00'),
(529, 'COUPON00004', 'mem00347', 0, NULL, '2022-09-09 00:00:00'),
(530, 'COUPON00003', 'mem00302', 0, NULL, '2023-04-17 00:00:00'),
(531, 'COUPON00002', 'mem00470', 1, '2023-02-01 01:00:00', '2022-12-04 00:00:00'),
(532, 'COUPON00006', 'mem00443', 0, NULL, '2022-06-02 00:00:00'),
(533, 'COUPON00005', 'mem00304', 0, NULL, '2023-01-30 00:00:00'),
(534, 'COUPON00002', 'mem00192', 1, '2022-11-02 03:00:00', '2022-09-05 00:00:00'),
(535, 'COUPON00002', 'mem00047', 1, '2023-01-06 13:00:00', '2022-11-14 00:00:00'),
(536, 'COUPON00002', 'mem00157', 0, NULL, '2022-12-08 00:00:00'),
(537, 'COUPON00002', 'mem00145', 0, NULL, '2022-09-10 00:00:00'),
(538, 'COUPON00003', 'mem00253', 0, NULL, '2022-05-01 00:00:00'),
(539, 'COUPON00002', 'mem00328', 1, '2023-06-05 11:00:00', '2023-05-03 00:00:00'),
(540, 'COUPON00001', 'mem00381', 1, '2023-03-12 12:00:00', '2023-03-06 00:00:00'),
(541, 'COUPON00004', 'mem00420', 0, NULL, '2022-07-03 00:00:00'),
(542, 'COUPON00001', 'mem00458', 1, '2022-11-19 04:00:00', '2022-09-28 00:00:00'),
(543, 'COUPON00002', 'mem00028', 1, '2022-10-31 09:00:00', '2022-10-30 00:00:00'),
(544, 'COUPON00006', 'mem00265', 1, '2022-08-14 05:00:00', '2022-07-15 00:00:00'),
(545, 'COUPON00004', 'mem00240', 1, '2022-12-28 23:00:00', '2022-12-02 00:00:00'),
(546, 'COUPON00005', 'mem00404', 0, NULL, '2022-07-25 00:00:00'),
(547, 'COUPON00006', 'mem00300', 0, NULL, '2022-10-09 00:00:00'),
(548, 'COUPON00002', 'mem00287', 0, NULL, '2022-10-18 00:00:00'),
(549, 'COUPON00004', 'mem00037', 0, NULL, '2023-05-04 00:00:00'),
(550, 'COUPON00002', 'mem00321', 0, NULL, '2022-11-02 00:00:00'),
(551, 'COUPON00001', 'mem00495', 1, '2023-01-03 04:00:00', '2022-11-20 00:00:00'),
(552, 'COUPON00006', 'mem00012', 1, '2022-08-09 00:00:00', '2022-07-20 00:00:00'),
(553, 'COUPON00003', 'mem00073', 1, '2022-11-15 11:00:00', '2022-10-19 00:00:00'),
(554, 'COUPON00002', 'mem00330', 1, '2023-01-09 07:00:00', '2022-12-23 00:00:00'),
(555, 'COUPON00005', 'mem00432', 1, '2023-02-15 01:00:00', '2023-02-11 00:00:00'),
(556, 'COUPON00001', 'mem00167', 0, NULL, '2023-04-03 00:00:00'),
(557, 'COUPON00006', 'mem00041', 1, '2022-08-04 06:00:00', '2022-07-07 00:00:00'),
(558, 'COUPON00004', 'mem00204', 0, NULL, '2022-07-28 00:00:00'),
(559, 'COUPON00003', 'mem00394', 0, NULL, '2022-12-25 00:00:00'),
(560, 'COUPON00003', 'mem00358', 1, '2022-10-19 06:00:00', '2022-10-10 00:00:00'),
(561, 'COUPON00005', 'mem00107', 0, NULL, '2022-08-08 00:00:00'),
(562, 'COUPON00004', 'mem00460', 0, NULL, '2022-05-08 00:00:00'),
(563, 'COUPON00005', 'mem00478', 1, '2022-09-18 12:00:00', '2022-08-28 00:00:00'),
(564, 'COUPON00001', 'mem00011', 0, NULL, '2022-11-13 00:00:00'),
(565, 'COUPON00001', 'mem00118', 0, NULL, '2022-12-27 00:00:00'),
(566, 'COUPON00001', 'mem00059', 1, '2023-01-05 17:00:00', '2022-12-17 00:00:00'),
(567, 'COUPON00002', 'mem00439', 1, '2022-07-23 01:00:00', '2022-06-19 00:00:00'),
(568, 'COUPON00001', 'mem00017', 0, NULL, '2023-03-16 00:00:00'),
(569, 'COUPON00004', 'mem00269', 0, NULL, '2023-03-01 00:00:00'),
(570, 'COUPON00004', 'mem00293', 0, NULL, '2022-10-29 00:00:00'),
(571, 'COUPON00002', 'mem00158', 1, '2023-07-03 04:00:00', '2023-05-13 00:00:00'),
(572, 'COUPON00004', 'mem00409', 0, NULL, '2022-11-12 00:00:00'),
(573, 'COUPON00002', 'mem00072', 0, NULL, '2022-12-13 00:00:00'),
(574, 'COUPON00001', 'mem00133', 0, NULL, '2022-10-11 00:00:00'),
(575, 'COUPON00005', 'mem00450', 1, '2022-10-21 16:00:00', '2022-09-18 00:00:00'),
(576, 'COUPON00005', 'mem00347', 0, NULL, '2022-11-28 00:00:00'),
(577, 'COUPON00001', 'mem00387', 1, '2023-01-25 21:00:00', '2023-01-11 00:00:00'),
(578, 'COUPON00002', 'mem00394', 0, NULL, '2023-01-15 00:00:00'),
(579, 'COUPON00002', 'mem00306', 0, NULL, '2022-09-27 00:00:00'),
(580, 'COUPON00005', 'mem00350', 1, '2023-05-20 05:00:00', '2023-04-17 00:00:00'),
(581, 'COUPON00005', 'mem00330', 1, '2022-10-13 13:00:00', '2022-10-12 00:00:00'),
(582, 'COUPON00002', 'mem00102', 1, '2022-10-22 01:00:00', '2022-09-24 00:00:00'),
(583, 'COUPON00002', 'mem00017', 1, '2023-01-12 14:00:00', '2022-12-28 00:00:00'),
(584, 'COUPON00003', 'mem00280', 1, '2022-06-24 19:00:00', '2022-05-02 00:00:00'),
(585, 'COUPON00003', 'mem00349', 1, '2022-08-01 08:00:00', '2022-06-20 00:00:00'),
(586, 'COUPON00006', 'mem00404', 0, NULL, '2023-01-01 00:00:00'),
(587, 'COUPON00003', 'mem00471', 0, NULL, '2023-03-07 00:00:00'),
(588, 'COUPON00006', 'mem00143', 0, NULL, '2022-06-24 00:00:00'),
(589, 'COUPON00002', 'mem00303', 1, '2022-10-02 05:00:00', '2022-08-13 00:00:00'),
(590, 'COUPON00006', 'mem00086', 0, NULL, '2023-04-25 00:00:00'),
(591, 'COUPON00006', 'mem00021', 1, '2023-04-06 02:00:00', '2023-04-02 00:00:00'),
(592, 'COUPON00004', 'mem00346', 1, '2023-01-26 15:00:00', '2022-12-08 00:00:00'),
(593, 'COUPON00002', 'mem00167', 1, '2022-10-03 02:00:00', '2022-08-08 00:00:00'),
(594, 'COUPON00005', 'mem00297', 0, NULL, '2022-12-02 00:00:00'),
(595, 'COUPON00004', 'mem00483', 0, NULL, '2022-05-15 00:00:00'),
(596, 'COUPON00006', 'mem00024', 0, NULL, '2022-11-08 00:00:00'),
(597, 'COUPON00005', 'mem00171', 0, NULL, '2022-09-27 00:00:00'),
(598, 'COUPON00002', 'mem00280', 1, '2022-11-01 15:00:00', '2022-10-21 00:00:00'),
(599, 'COUPON00001', 'mem00390', 1, '2022-06-15 16:00:00', '2022-06-06 00:00:00'),
(600, 'COUPON00002', 'mem00107', 1, '2022-06-27 10:00:00', '2022-06-14 00:00:00'),
(601, 'COUPON00003', 'mem00365', 0, NULL, '2022-08-20 00:00:00'),
(602, 'COUPON00002', 'mem00003', 0, NULL, '2022-06-11 00:00:00'),
(603, 'COUPON00005', 'mem00420', 1, '2023-02-18 04:00:00', '2023-01-11 00:00:00'),
(604, 'COUPON00006', 'mem00089', 1, '2022-06-07 15:00:00', '2022-05-08 00:00:00'),
(605, 'COUPON00002', 'mem00186', 1, '2022-07-13 15:00:00', '2022-06-05 00:00:00'),
(606, 'COUPON00004', 'mem00164', 0, NULL, '2022-10-02 00:00:00'),
(607, 'COUPON00002', 'mem00260', 0, NULL, '2023-02-08 00:00:00'),
(608, 'COUPON00004', 'mem00306', 0, NULL, '2022-11-07 00:00:00'),
(609, 'COUPON00002', 'mem00250', 1, '2022-09-21 05:00:00', '2022-08-11 00:00:00'),
(610, 'COUPON00001', 'mem00334', 1, '2023-04-20 06:00:00', '2023-03-21 00:00:00'),
(611, 'COUPON00001', 'mem00417', 1, '2022-11-11 14:00:00', '2022-10-15 00:00:00'),
(612, 'COUPON00001', 'mem00082', 0, NULL, '2023-01-01 00:00:00'),
(613, 'COUPON00005', 'mem00158', 1, '2023-05-26 05:00:00', '2023-04-09 00:00:00'),
(614, 'COUPON00001', 'mem00044', 0, NULL, '2022-12-03 00:00:00'),
(615, 'COUPON00006', 'mem00245', 0, NULL, '2022-06-23 00:00:00'),
(616, 'COUPON00002', 'mem00094', 0, NULL, '2023-05-16 00:00:00'),
(617, 'COUPON00004', 'mem00235', 0, NULL, '2022-12-02 00:00:00'),
(618, 'COUPON00001', 'mem00391', 1, '2023-04-16 07:00:00', '2023-03-14 00:00:00'),
(619, 'COUPON00004', 'mem00249', 1, '2022-11-19 18:00:00', '2022-10-26 00:00:00'),
(620, 'COUPON00005', 'mem00070', 0, NULL, '2023-03-19 00:00:00'),
(621, 'COUPON00002', 'mem00105', 0, NULL, '2023-03-08 00:00:00'),
(622, 'COUPON00004', 'mem00315', 1, '2022-12-17 22:00:00', '2022-11-24 00:00:00'),
(623, 'COUPON00001', 'mem00259', 1, '2022-09-25 08:00:00', '2022-08-11 00:00:00'),
(624, 'COUPON00006', 'mem00351', 1, '2023-03-05 00:00:00', '2023-01-29 00:00:00'),
(625, 'COUPON00003', 'mem00478', 1, '2023-03-29 23:00:00', '2023-02-19 00:00:00'),
(626, 'COUPON00004', 'mem00335', 0, NULL, '2023-01-27 00:00:00'),
(627, 'COUPON00002', 'mem00239', 1, '2022-08-28 18:00:00', '2022-07-30 00:00:00'),
(628, 'COUPON00004', 'mem00191', 1, '2022-06-23 21:00:00', '2022-05-23 00:00:00'),
(629, 'COUPON00001', 'mem00235', 1, '2022-12-19 05:00:00', '2022-12-09 00:00:00'),
(630, 'COUPON00005', 'mem00104', 0, NULL, '2023-02-05 00:00:00'),
(631, 'COUPON00002', 'mem00314', 0, NULL, '2023-04-20 00:00:00'),
(632, 'COUPON00002', 'mem00256', 0, NULL, '2022-10-14 00:00:00'),
(633, 'COUPON00003', 'mem00340', 0, NULL, '2022-09-28 00:00:00'),
(634, 'COUPON00002', 'mem00430', 0, NULL, '2023-01-07 00:00:00'),
(635, 'COUPON00006', 'mem00128', 1, '2022-06-27 07:00:00', '2022-06-12 00:00:00'),
(636, 'COUPON00005', 'mem00352', 1, '2023-01-24 20:00:00', '2022-12-10 00:00:00'),
(637, 'COUPON00006', 'mem00373', 0, NULL, '2022-12-13 00:00:00'),
(638, 'COUPON00004', 'mem00310', 0, NULL, '2022-07-17 00:00:00'),
(639, 'COUPON00006', 'mem00430', 1, '2022-08-04 11:00:00', '2022-08-01 00:00:00'),
(640, 'COUPON00001', 'mem00221', 0, NULL, '2022-12-15 00:00:00'),
(641, 'COUPON00005', 'mem00315', 1, '2022-10-09 13:00:00', '2022-08-11 00:00:00'),
(642, 'COUPON00003', 'mem00411', 1, '2023-01-12 12:00:00', '2022-11-26 00:00:00'),
(643, 'COUPON00004', 'mem00109', 0, NULL, '2023-04-23 00:00:00'),
(644, 'COUPON00001', 'mem00313', 1, '2022-07-12 23:00:00', '2022-05-15 00:00:00'),
(645, 'COUPON00001', 'mem00236', 0, NULL, '2022-09-21 00:00:00'),
(646, 'COUPON00005', 'mem00241', 1, '2023-03-22 05:00:00', '2023-02-18 00:00:00'),
(647, 'COUPON00003', 'mem00496', 0, NULL, '2023-01-27 00:00:00'),
(648, 'COUPON00006', 'mem00258', 1, '2022-09-19 05:00:00', '2022-08-06 00:00:00'),
(649, 'COUPON00001', 'mem00299', 0, NULL, '2022-06-23 00:00:00'),
(650, 'COUPON00001', 'mem00220', 0, NULL, '2023-04-24 00:00:00'),
(651, 'COUPON00005', 'mem00203', 1, '2022-08-17 10:00:00', '2022-08-13 00:00:00'),
(652, 'COUPON00006', 'mem00355', 0, NULL, '2022-11-26 00:00:00'),
(653, 'COUPON00006', 'mem00165', 0, NULL, '2023-04-18 00:00:00'),
(654, 'COUPON00005', 'mem00261', 0, NULL, '2023-05-05 00:00:00'),
(655, 'COUPON00001', 'mem00310', 1, '2022-06-03 09:00:00', '2022-05-25 00:00:00'),
(656, 'COUPON00004', 'mem00267', 1, '2022-11-10 14:00:00', '2022-10-08 00:00:00'),
(657, 'COUPON00003', 'mem00403', 1, '2023-05-02 19:00:00', '2023-04-13 00:00:00'),
(658, 'COUPON00001', 'mem00213', 0, NULL, '2022-08-18 00:00:00'),
(659, 'COUPON00004', 'mem00356', 1, '2023-03-23 06:00:00', '2023-01-24 00:00:00'),
(660, 'COUPON00002', 'mem00139', 0, NULL, '2023-01-06 00:00:00'),
(661, 'COUPON00003', 'mem00129', 1, '2022-08-26 00:00:00', '2022-07-05 00:00:00'),
(662, 'COUPON00002', 'mem00229', 0, NULL, '2023-04-03 00:00:00'),
(663, 'COUPON00001', 'mem00254', 1, '2023-05-09 05:00:00', '2023-04-14 00:00:00'),
(664, 'COUPON00001', 'mem00082', 0, NULL, '2023-04-11 00:00:00'),
(665, 'COUPON00005', 'mem00150', 1, '2023-03-28 00:00:00', '2023-02-26 00:00:00'),
(666, 'COUPON00002', 'mem00001', 1, '2022-08-10 09:00:00', '2022-07-27 00:00:00'),
(667, 'COUPON00003', 'mem00057', 0, NULL, '2023-02-21 00:00:00'),
(668, 'COUPON00001', 'mem00278', 0, NULL, '2022-07-13 00:00:00'),
(669, 'COUPON00003', 'mem00222', 1, '2023-02-09 19:00:00', '2022-12-30 00:00:00'),
(670, 'COUPON00001', 'mem00275', 1, '2023-02-02 23:00:00', '2022-12-19 00:00:00'),
(671, 'COUPON00006', 'mem00206', 1, '2022-08-02 09:00:00', '2022-06-19 00:00:00'),
(672, 'COUPON00002', 'mem00206', 1, '2023-04-01 23:00:00', '2023-03-09 00:00:00'),
(673, 'COUPON00003', 'mem00411', 0, NULL, '2023-01-24 00:00:00'),
(674, 'COUPON00005', 'mem00438', 1, '2022-07-08 18:00:00', '2022-05-23 00:00:00'),
(675, 'COUPON00001', 'mem00457', 0, NULL, '2022-07-12 00:00:00'),
(676, 'COUPON00003', 'mem00468', 0, NULL, '2023-02-20 00:00:00'),
(677, 'COUPON00006', 'mem00469', 1, '2022-10-01 21:00:00', '2022-08-21 00:00:00'),
(678, 'COUPON00004', 'mem00441', 1, '2022-07-08 04:00:00', '2022-06-29 00:00:00'),
(679, 'COUPON00004', 'mem00297', 0, NULL, '2023-04-08 00:00:00'),
(680, 'COUPON00004', 'mem00164', 1, '2022-06-16 03:00:00', '2022-05-07 00:00:00'),
(681, 'COUPON00006', 'mem00427', 1, '2022-11-19 03:00:00', '2022-09-27 00:00:00'),
(682, 'COUPON00005', 'mem00141', 0, NULL, '2023-04-13 00:00:00'),
(683, 'COUPON00006', 'mem00424', 0, NULL, '2022-09-20 00:00:00'),
(684, 'COUPON00005', 'mem00199', 1, '2022-07-16 08:00:00', '2022-06-21 00:00:00'),
(685, 'COUPON00004', 'mem00220', 0, NULL, '2022-11-29 00:00:00'),
(686, 'COUPON00004', 'mem00002', 1, '2022-10-20 08:00:00', '2022-09-23 00:00:00'),
(687, 'COUPON00002', 'mem00352', 1, '2022-07-27 13:00:00', '2022-07-27 00:00:00'),
(688, 'COUPON00002', 'mem00254', 0, NULL, '2022-05-01 00:00:00'),
(689, 'COUPON00004', 'mem00212', 1, '2022-10-08 16:00:00', '2022-08-29 00:00:00');
INSERT INTO `member_coupon_send` (`coupon_send_sid`, `coupon_sid`, `member_sid`, `coupon_status`, `used_time`, `create_time`) VALUES
(690, 'COUPON00001', 'mem00297', 1, '2022-12-30 18:00:00', '2022-12-09 00:00:00'),
(691, 'COUPON00001', 'mem00349', 0, NULL, '2023-05-04 00:00:00'),
(692, 'COUPON00006', 'mem00356', 1, '2022-07-14 19:00:00', '2022-05-29 00:00:00'),
(693, 'COUPON00004', 'mem00229', 0, NULL, '2022-10-30 00:00:00'),
(694, 'COUPON00006', 'mem00078', 0, NULL, '2022-07-04 00:00:00'),
(695, 'COUPON00006', 'mem00203', 0, NULL, '2022-10-04 00:00:00'),
(696, 'COUPON00006', 'mem00278', 0, NULL, '2022-11-21 00:00:00'),
(697, 'COUPON00006', 'mem00282', 0, NULL, '2022-10-21 00:00:00'),
(698, 'COUPON00006', 'mem00076', 0, NULL, '2023-01-11 00:00:00'),
(699, 'COUPON00005', 'mem00032', 1, '2023-06-26 19:00:00', '2023-05-09 00:00:00'),
(700, 'COUPON00001', 'mem00434', 0, NULL, '2023-04-03 00:00:00'),
(701, 'COUPON00005', 'mem00072', 0, NULL, '2022-10-30 00:00:00'),
(702, 'COUPON00006', 'mem00057', 0, NULL, '2023-02-08 00:00:00'),
(703, 'COUPON00003', 'mem00067', 0, NULL, '2022-08-15 00:00:00'),
(704, 'COUPON00006', 'mem00165', 1, '2022-08-15 15:00:00', '2022-07-03 00:00:00'),
(705, 'COUPON00002', 'mem00122', 1, '2023-05-26 15:00:00', '2023-05-15 00:00:00'),
(706, 'COUPON00003', 'mem00115', 1, '2022-12-13 07:00:00', '2022-10-27 00:00:00'),
(707, 'COUPON00002', 'mem00208', 1, '2022-10-10 16:00:00', '2022-09-19 00:00:00'),
(708, 'COUPON00003', 'mem00196', 1, '2022-11-13 07:00:00', '2022-10-18 00:00:00'),
(709, 'COUPON00003', 'mem00357', 0, NULL, '2022-06-12 00:00:00'),
(710, 'COUPON00004', 'mem00195', 1, '2022-07-30 12:00:00', '2022-07-24 00:00:00'),
(711, 'COUPON00005', 'mem00402', 0, NULL, '2023-02-21 00:00:00'),
(712, 'COUPON00005', 'mem00424', 1, '2022-08-03 15:00:00', '2022-07-21 00:00:00'),
(713, 'COUPON00004', 'mem00415', 1, '2023-03-29 15:00:00', '2023-02-09 00:00:00'),
(714, 'COUPON00005', 'mem00300', 1, '2022-06-21 09:00:00', '2022-05-30 00:00:00'),
(715, 'COUPON00002', 'mem00257', 0, NULL, '2022-06-26 00:00:00'),
(716, 'COUPON00005', 'mem00383', 1, '2022-12-08 22:00:00', '2022-11-13 00:00:00'),
(717, 'COUPON00006', 'mem00146', 1, '2022-06-20 12:00:00', '2022-06-18 00:00:00'),
(718, 'COUPON00002', 'mem00080', 1, '2022-07-30 16:00:00', '2022-06-06 00:00:00'),
(719, 'COUPON00003', 'mem00461', 1, '2022-07-01 21:00:00', '2022-06-06 00:00:00'),
(720, 'COUPON00004', 'mem00065', 1, '2022-08-04 09:00:00', '2022-07-10 00:00:00'),
(721, 'COUPON00002', 'mem00440', 0, NULL, '2023-01-02 00:00:00'),
(722, 'COUPON00005', 'mem00007', 1, '2023-02-27 04:00:00', '2023-01-09 00:00:00'),
(723, 'COUPON00005', 'mem00215', 0, NULL, '2022-09-26 00:00:00'),
(724, 'COUPON00005', 'mem00050', 1, '2023-06-16 20:00:00', '2023-04-28 00:00:00'),
(725, 'COUPON00004', 'mem00108', 1, '2023-01-19 14:00:00', '2022-12-09 00:00:00'),
(726, 'COUPON00005', 'mem00386', 1, '2022-07-23 12:00:00', '2022-05-26 00:00:00'),
(727, 'COUPON00006', 'mem00107', 0, NULL, '2022-12-09 00:00:00'),
(728, 'COUPON00002', 'mem00378', 1, '2023-03-18 17:00:00', '2023-01-30 00:00:00'),
(729, 'COUPON00004', 'mem00066', 0, NULL, '2023-03-17 00:00:00'),
(730, 'COUPON00002', 'mem00196', 1, '2022-05-20 02:00:00', '2022-05-17 00:00:00'),
(731, 'COUPON00004', 'mem00281', 1, '2023-03-16 03:00:00', '2023-01-23 00:00:00'),
(732, 'COUPON00001', 'mem00317', 0, NULL, '2022-09-21 00:00:00'),
(733, 'COUPON00003', 'mem00240', 1, '2023-03-01 12:00:00', '2023-02-18 00:00:00'),
(734, 'COUPON00001', 'mem00249', 0, NULL, '2023-02-01 00:00:00'),
(735, 'COUPON00002', 'mem00025', 1, '2022-09-16 03:00:00', '2022-08-26 00:00:00'),
(736, 'COUPON00004', 'mem00378', 1, '2022-10-01 02:00:00', '2022-09-20 00:00:00'),
(737, 'COUPON00002', 'mem00316', 1, '2023-06-15 23:00:00', '2023-04-25 00:00:00'),
(738, 'COUPON00005', 'mem00444', 1, '2023-01-24 15:00:00', '2022-12-09 00:00:00'),
(739, 'COUPON00005', 'mem00271', 0, NULL, '2022-06-02 00:00:00'),
(740, 'COUPON00006', 'mem00022', 1, '2023-02-03 07:00:00', '2023-01-17 00:00:00'),
(741, 'COUPON00001', 'mem00299', 0, NULL, '2022-07-05 00:00:00'),
(742, 'COUPON00005', 'mem00428', 0, NULL, '2023-03-02 00:00:00'),
(743, 'COUPON00001', 'mem00243', 0, NULL, '2022-10-31 00:00:00'),
(744, 'COUPON00005', 'mem00432', 0, NULL, '2023-05-17 00:00:00'),
(745, 'COUPON00001', 'mem00428', 0, NULL, '2022-12-01 00:00:00'),
(746, 'COUPON00003', 'mem00343', 0, NULL, '2023-03-06 00:00:00'),
(747, 'COUPON00001', 'mem00429', 1, '2022-09-21 13:00:00', '2022-09-15 00:00:00'),
(748, 'COUPON00006', 'mem00118', 0, NULL, '2022-09-22 00:00:00'),
(749, 'COUPON00001', 'mem00302', 1, '2023-04-14 18:00:00', '2023-03-05 00:00:00'),
(750, 'COUPON00001', 'mem00153', 0, NULL, '2023-04-11 00:00:00'),
(751, 'COUPON00006', 'mem00361', 0, NULL, '2022-06-08 00:00:00'),
(752, 'COUPON00004', 'mem00347', 0, NULL, '2023-02-26 00:00:00'),
(753, 'COUPON00001', 'mem00148', 0, NULL, '2023-01-02 00:00:00'),
(754, 'COUPON00004', 'mem00202', 1, '2023-03-26 06:00:00', '2023-03-22 00:00:00'),
(755, 'COUPON00001', 'mem00062', 1, '2022-09-22 20:00:00', '2022-09-04 00:00:00'),
(756, 'COUPON00002', 'mem00206', 0, NULL, '2022-06-06 00:00:00'),
(757, 'COUPON00006', 'mem00343', 1, '2022-11-22 10:00:00', '2022-11-01 00:00:00'),
(758, 'COUPON00005', 'mem00098', 0, NULL, '2022-06-19 00:00:00'),
(759, 'COUPON00006', 'mem00459', 0, NULL, '2022-07-14 00:00:00'),
(760, 'COUPON00002', 'mem00001', 0, NULL, '2022-12-12 00:00:00'),
(761, 'COUPON00003', 'mem00127', 0, NULL, '2022-09-16 00:00:00'),
(762, 'COUPON00004', 'mem00131', 0, NULL, '2022-05-18 00:00:00'),
(763, 'COUPON00003', 'mem00276', 0, NULL, '2022-06-22 00:00:00'),
(764, 'COUPON00002', 'mem00483', 1, '2023-01-14 15:00:00', '2022-11-25 00:00:00'),
(765, 'COUPON00005', 'mem00089', 0, NULL, '2022-09-01 00:00:00'),
(766, 'COUPON00004', 'mem00495', 1, '2023-05-15 21:00:00', '2023-05-07 00:00:00'),
(767, 'COUPON00003', 'mem00209', 1, '2023-04-19 12:00:00', '2023-04-07 00:00:00'),
(768, 'COUPON00001', 'mem00059', 1, '2023-01-04 19:00:00', '2022-11-30 00:00:00'),
(769, 'COUPON00005', 'mem00166', 0, NULL, '2022-06-11 00:00:00'),
(770, 'COUPON00006', 'mem00153', 1, '2023-04-16 13:00:00', '2023-03-26 00:00:00'),
(771, 'COUPON00004', 'mem00265', 0, NULL, '2023-05-13 00:00:00'),
(772, 'COUPON00005', 'mem00367', 1, '2022-09-14 06:00:00', '2022-09-14 00:00:00'),
(773, 'COUPON00003', 'mem00041', 0, NULL, '2023-03-11 00:00:00'),
(774, 'COUPON00006', 'mem00101', 1, '2022-07-13 14:00:00', '2022-05-18 00:00:00'),
(775, 'COUPON00006', 'mem00381', 1, '2023-03-26 06:00:00', '2023-02-12 00:00:00'),
(776, 'COUPON00001', 'mem00101', 0, NULL, '2022-12-25 00:00:00'),
(777, 'COUPON00006', 'mem00361', 1, '2023-05-09 14:00:00', '2023-03-29 00:00:00'),
(778, 'COUPON00002', 'mem00003', 1, '2022-11-20 05:00:00', '2022-10-30 00:00:00'),
(779, 'COUPON00003', 'mem00431', 1, '2023-04-02 06:00:00', '2023-02-20 00:00:00'),
(780, 'COUPON00005', 'mem00147', 1, '2022-11-07 14:00:00', '2022-10-16 00:00:00'),
(781, 'COUPON00006', 'mem00441', 0, NULL, '2023-04-01 00:00:00'),
(782, 'COUPON00002', 'mem00262', 1, '2022-07-15 03:00:00', '2022-05-27 00:00:00'),
(783, 'COUPON00001', 'mem00488', 0, NULL, '2023-01-26 00:00:00'),
(784, 'COUPON00001', 'mem00155', 1, '2022-11-02 00:00:00', '2022-09-05 00:00:00'),
(785, 'COUPON00004', 'mem00309', 0, NULL, '2022-11-23 00:00:00'),
(786, 'COUPON00004', 'mem00080', 1, '2023-02-16 14:00:00', '2023-01-25 00:00:00'),
(787, 'COUPON00006', 'mem00470', 0, NULL, '2023-04-12 00:00:00'),
(788, 'COUPON00001', 'mem00112', 1, '2022-12-04 20:00:00', '2022-10-07 00:00:00'),
(789, 'COUPON00003', 'mem00147', 1, '2022-11-01 14:00:00', '2022-09-16 00:00:00'),
(790, 'COUPON00002', 'mem00401', 0, NULL, '2022-12-04 00:00:00'),
(791, 'COUPON00005', 'mem00062', 0, NULL, '2023-02-12 00:00:00'),
(792, 'COUPON00006', 'mem00105', 1, '2022-07-16 09:00:00', '2022-05-21 00:00:00'),
(793, 'COUPON00001', 'mem00342', 0, NULL, '2022-05-04 00:00:00'),
(794, 'COUPON00006', 'mem00392', 0, NULL, '2023-04-06 00:00:00'),
(795, 'COUPON00004', 'mem00434', 0, NULL, '2022-10-11 00:00:00'),
(796, 'COUPON00005', 'mem00492', 1, '2022-11-15 06:00:00', '2022-10-24 00:00:00'),
(797, 'COUPON00002', 'mem00157', 1, '2022-05-10 23:00:00', '2022-05-09 00:00:00'),
(798, 'COUPON00005', 'mem00311', 0, NULL, '2023-02-04 00:00:00'),
(799, 'COUPON00005', 'mem00083', 1, '2022-12-16 00:00:00', '2022-12-13 00:00:00'),
(800, 'COUPON00006', 'mem00480', 0, NULL, '2023-02-16 00:00:00'),
(801, 'COUPON00004', 'mem00151', 0, NULL, '2022-05-15 00:00:00'),
(802, 'COUPON00004', 'mem00313', 1, '2023-04-19 03:00:00', '2023-04-10 00:00:00'),
(803, 'COUPON00003', 'mem00113', 1, '2022-11-03 15:00:00', '2022-09-28 00:00:00'),
(804, 'COUPON00004', 'mem00126', 0, NULL, '2022-08-12 00:00:00'),
(805, 'COUPON00004', 'mem00288', 0, NULL, '2022-07-03 00:00:00'),
(806, 'COUPON00001', 'mem00064', 1, '2022-06-12 18:00:00', '2022-05-08 00:00:00'),
(807, 'COUPON00005', 'mem00456', 1, '2022-12-25 22:00:00', '2022-12-17 00:00:00'),
(808, 'COUPON00003', 'mem00084', 1, '2023-06-26 07:00:00', '2023-04-30 00:00:00'),
(809, 'COUPON00005', 'mem00055', 1, '2023-05-22 19:00:00', '2023-05-03 00:00:00'),
(810, 'COUPON00004', 'mem00023', 1, '2023-06-16 01:00:00', '2023-04-30 00:00:00'),
(811, 'COUPON00003', 'mem00447', 1, '2023-05-25 22:00:00', '2023-03-31 00:00:00'),
(812, 'COUPON00002', 'mem00169', 0, NULL, '2022-11-13 00:00:00'),
(813, 'COUPON00003', 'mem00500', 0, NULL, '2023-04-28 00:00:00'),
(814, 'COUPON00001', 'mem00493', 0, NULL, '2022-07-17 00:00:00'),
(815, 'COUPON00003', 'mem00466', 1, '2022-07-19 10:00:00', '2022-07-01 00:00:00'),
(816, 'COUPON00001', 'mem00348', 1, '2022-08-30 09:00:00', '2022-07-17 00:00:00'),
(817, 'COUPON00004', 'mem00344', 0, NULL, '2022-11-21 00:00:00'),
(818, 'COUPON00001', 'mem00176', 1, '2022-07-09 14:00:00', '2022-05-24 00:00:00'),
(819, 'COUPON00004', 'mem00345', 1, '2023-03-05 19:00:00', '2023-01-25 00:00:00'),
(820, 'COUPON00004', 'mem00196', 0, NULL, '2022-09-08 00:00:00'),
(821, 'COUPON00006', 'mem00447', 0, NULL, '2022-12-12 00:00:00'),
(822, 'COUPON00003', 'mem00144', 1, '2023-06-18 06:00:00', '2023-04-20 00:00:00'),
(823, 'COUPON00005', 'mem00378', 0, NULL, '2023-03-29 00:00:00'),
(824, 'COUPON00001', 'mem00460', 0, NULL, '2022-12-05 00:00:00'),
(825, 'COUPON00005', 'mem00166', 1, '2022-09-28 22:00:00', '2022-08-03 00:00:00'),
(826, 'COUPON00003', 'mem00449', 0, NULL, '2022-11-14 00:00:00'),
(827, 'COUPON00004', 'mem00247', 1, '2023-05-04 20:00:00', '2023-03-19 00:00:00'),
(828, 'COUPON00002', 'mem00387', 0, NULL, '2023-01-11 00:00:00'),
(829, 'COUPON00003', 'mem00195', 0, NULL, '2023-03-06 00:00:00'),
(830, 'COUPON00002', 'mem00313', 1, '2022-05-19 12:00:00', '2022-05-16 00:00:00'),
(831, 'COUPON00005', 'mem00477', 1, '2023-04-19 21:00:00', '2023-02-22 00:00:00'),
(832, 'COUPON00003', 'mem00448', 0, NULL, '2023-02-18 00:00:00'),
(833, 'COUPON00004', 'mem00306', 0, NULL, '2022-11-12 00:00:00'),
(834, 'COUPON00006', 'mem00186', 0, NULL, '2022-08-02 00:00:00'),
(835, 'COUPON00003', 'mem00014', 0, NULL, '2023-01-20 00:00:00'),
(836, 'COUPON00005', 'mem00010', 1, '2023-03-08 23:00:00', '2023-02-03 00:00:00'),
(837, 'COUPON00003', 'mem00008', 0, NULL, '2022-12-05 00:00:00'),
(838, 'COUPON00005', 'mem00010', 1, '2023-03-10 02:00:00', '2023-01-10 00:00:00'),
(839, 'COUPON00006', 'mem00024', 1, '2023-01-06 14:00:00', '2022-12-24 00:00:00'),
(840, 'COUPON00005', 'mem00092', 0, NULL, '2022-06-12 00:00:00'),
(841, 'COUPON00001', 'mem00386', 0, NULL, '2023-01-17 00:00:00'),
(842, 'COUPON00003', 'mem00155', 1, '2022-06-14 16:00:00', '2022-06-04 00:00:00'),
(843, 'COUPON00005', 'mem00115', 0, NULL, '2022-09-30 00:00:00'),
(844, 'COUPON00004', 'mem00110', 0, NULL, '2023-02-01 00:00:00'),
(845, 'COUPON00006', 'mem00203', 1, '2022-10-21 15:00:00', '2022-10-09 00:00:00'),
(846, 'COUPON00004', 'mem00184', 0, NULL, '2023-04-27 00:00:00'),
(847, 'COUPON00001', 'mem00310', 1, '2022-11-25 00:00:00', '2022-10-25 00:00:00'),
(848, 'COUPON00004', 'mem00500', 0, NULL, '2022-10-30 00:00:00'),
(849, 'COUPON00001', 'mem00067', 0, NULL, '2023-05-16 00:00:00'),
(850, 'COUPON00004', 'mem00334', 0, NULL, '2022-11-25 00:00:00'),
(851, 'COUPON00002', 'mem00472', 1, '2023-04-05 03:00:00', '2023-02-07 00:00:00'),
(852, 'COUPON00006', 'mem00355', 1, '2022-06-05 18:00:00', '2022-05-24 00:00:00'),
(853, 'COUPON00006', 'mem00357', 0, NULL, '2022-06-05 00:00:00'),
(854, 'COUPON00003', 'mem00222', 0, NULL, '2022-08-17 00:00:00'),
(855, 'COUPON00003', 'mem00039', 0, NULL, '2022-06-21 00:00:00'),
(856, 'COUPON00002', 'mem00029', 0, NULL, '2023-03-09 00:00:00'),
(857, 'COUPON00005', 'mem00025', 0, NULL, '2023-01-19 00:00:00'),
(858, 'COUPON00001', 'mem00037', 1, '2023-05-27 05:00:00', '2023-05-15 00:00:00'),
(859, 'COUPON00005', 'mem00109', 1, '2023-04-30 21:00:00', '2023-04-08 00:00:00'),
(860, 'COUPON00006', 'mem00436', 0, NULL, '2022-11-11 00:00:00'),
(861, 'COUPON00003', 'mem00353', 0, NULL, '2023-03-22 00:00:00'),
(862, 'COUPON00003', 'mem00456', 0, NULL, '2023-02-04 00:00:00'),
(863, 'COUPON00003', 'mem00219', 0, NULL, '2022-06-07 00:00:00'),
(864, 'COUPON00005', 'mem00226', 1, '2022-09-10 20:00:00', '2022-08-24 00:00:00'),
(865, 'COUPON00003', 'mem00475', 0, NULL, '2022-07-21 00:00:00'),
(866, 'COUPON00001', 'mem00194', 0, NULL, '2022-06-29 00:00:00'),
(867, 'COUPON00001', 'mem00043', 1, '2022-07-16 09:00:00', '2022-06-26 00:00:00'),
(868, 'COUPON00002', 'mem00136', 0, NULL, '2022-08-11 00:00:00'),
(869, 'COUPON00001', 'mem00050', 0, NULL, '2023-04-09 00:00:00'),
(870, 'COUPON00005', 'mem00342', 1, '2023-03-08 09:00:00', '2023-01-19 00:00:00'),
(871, 'COUPON00001', 'mem00060', 0, NULL, '2023-02-11 00:00:00'),
(872, 'COUPON00005', 'mem00273', 0, NULL, '2023-01-16 00:00:00'),
(873, 'COUPON00006', 'mem00183', 1, '2022-07-01 20:00:00', '2022-07-01 00:00:00'),
(874, 'COUPON00003', 'mem00098', 1, '2023-03-24 23:00:00', '2023-02-14 00:00:00'),
(875, 'COUPON00005', 'mem00441', 0, NULL, '2022-08-27 00:00:00'),
(876, 'COUPON00001', 'mem00409', 1, '2022-08-25 09:00:00', '2022-08-13 00:00:00'),
(877, 'COUPON00001', 'mem00220', 0, NULL, '2022-10-17 00:00:00'),
(878, 'COUPON00002', 'mem00373', 0, NULL, '2022-09-27 00:00:00'),
(879, 'COUPON00005', 'mem00206', 0, NULL, '2022-12-28 00:00:00'),
(880, 'COUPON00006', 'mem00411', 0, NULL, '2023-05-10 00:00:00'),
(881, 'COUPON00005', 'mem00435', 1, '2022-05-05 22:00:00', '2022-05-01 00:00:00'),
(882, 'COUPON00004', 'mem00440', 0, NULL, '2022-05-29 00:00:00'),
(883, 'COUPON00006', 'mem00397', 1, '2022-11-02 09:00:00', '2022-09-16 00:00:00'),
(884, 'COUPON00006', 'mem00165', 1, '2023-01-22 05:00:00', '2022-12-11 00:00:00'),
(885, 'COUPON00006', 'mem00132', 1, '2023-04-01 23:00:00', '2023-03-24 00:00:00'),
(886, 'COUPON00005', 'mem00167', 1, '2022-12-22 02:00:00', '2022-11-14 00:00:00'),
(887, 'COUPON00004', 'mem00435', 1, '2022-06-17 16:00:00', '2022-05-05 00:00:00'),
(888, 'COUPON00001', 'mem00176', 1, '2022-12-26 03:00:00', '2022-11-12 00:00:00'),
(889, 'COUPON00004', 'mem00072', 0, NULL, '2022-11-16 00:00:00'),
(890, 'COUPON00006', 'mem00332', 1, '2022-06-28 13:00:00', '2022-05-30 00:00:00'),
(891, 'COUPON00006', 'mem00444', 1, '2023-03-26 06:00:00', '2023-03-11 00:00:00'),
(892, 'COUPON00005', 'mem00225', 0, NULL, '2023-04-01 00:00:00'),
(893, 'COUPON00005', 'mem00290', 0, NULL, '2023-04-18 00:00:00'),
(894, 'COUPON00004', 'mem00276', 1, '2023-06-27 17:00:00', '2023-05-11 00:00:00'),
(895, 'COUPON00005', 'mem00011', 1, '2022-07-05 20:00:00', '2022-06-23 00:00:00'),
(896, 'COUPON00005', 'mem00225', 0, NULL, '2023-02-12 00:00:00'),
(897, 'COUPON00006', 'mem00093', 0, NULL, '2022-09-09 00:00:00'),
(898, 'COUPON00001', 'mem00288', 1, '2022-12-05 00:00:00', '2022-10-25 00:00:00'),
(899, 'COUPON00005', 'mem00159', 1, '2022-10-03 12:00:00', '2022-08-18 00:00:00'),
(900, 'COUPON00001', 'mem00433', 1, '2022-07-02 15:00:00', '2022-05-14 00:00:00'),
(901, 'COUPON00004', 'mem00186', 1, '2022-10-19 13:00:00', '2022-09-01 00:00:00'),
(902, 'COUPON00005', 'mem00133', 0, NULL, '2022-11-11 00:00:00'),
(903, 'COUPON00004', 'mem00105', 1, '2023-01-08 21:00:00', '2022-12-06 00:00:00'),
(904, 'COUPON00005', 'mem00125', 1, '2022-10-01 16:00:00', '2022-09-08 00:00:00'),
(905, 'COUPON00002', 'mem00312', 1, '2023-05-28 16:00:00', '2023-05-12 00:00:00'),
(906, 'COUPON00006', 'mem00183', 0, NULL, '2023-04-09 00:00:00'),
(907, 'COUPON00001', 'mem00477', 0, NULL, '2022-11-25 00:00:00'),
(908, 'COUPON00002', 'mem00335', 0, NULL, '2022-05-13 00:00:00'),
(909, 'COUPON00003', 'mem00244', 1, '2022-11-28 07:00:00', '2022-11-16 00:00:00'),
(910, 'COUPON00001', 'mem00213', 0, NULL, '2022-11-14 00:00:00'),
(911, 'COUPON00006', 'mem00334', 1, '2022-05-18 12:00:00', '2022-05-07 00:00:00'),
(912, 'COUPON00005', 'mem00032', 0, NULL, '2022-11-19 00:00:00'),
(913, 'COUPON00001', 'mem00154', 0, NULL, '2022-12-16 00:00:00'),
(914, 'COUPON00006', 'mem00177', 1, '2022-10-24 15:00:00', '2022-10-04 00:00:00'),
(915, 'COUPON00002', 'mem00421', 0, NULL, '2022-08-06 00:00:00'),
(916, 'COUPON00005', 'mem00074', 1, '2022-05-24 13:00:00', '2022-05-16 00:00:00'),
(917, 'COUPON00001', 'mem00105', 1, '2022-11-22 20:00:00', '2022-10-13 00:00:00'),
(918, 'COUPON00002', 'mem00305', 0, NULL, '2022-05-19 00:00:00'),
(919, 'COUPON00001', 'mem00206', 1, '2023-06-25 13:00:00', '2023-04-28 00:00:00'),
(920, 'COUPON00004', 'mem00117', 1, '2023-01-31 08:00:00', '2022-12-12 00:00:00'),
(921, 'COUPON00006', 'mem00467', 0, NULL, '2022-06-11 00:00:00'),
(922, 'COUPON00004', 'mem00481', 1, '2023-03-08 23:00:00', '2023-02-21 00:00:00'),
(923, 'COUPON00003', 'mem00004', 1, '2023-01-16 20:00:00', '2022-11-29 00:00:00'),
(924, 'COUPON00001', 'mem00079', 0, NULL, '2022-10-18 00:00:00'),
(925, 'COUPON00001', 'mem00381', 0, NULL, '2022-12-03 00:00:00'),
(926, 'COUPON00004', 'mem00168', 0, NULL, '2022-11-05 00:00:00'),
(927, 'COUPON00001', 'mem00196', 0, NULL, '2023-02-17 00:00:00'),
(928, 'COUPON00002', 'mem00475', 0, NULL, '2022-09-11 00:00:00'),
(929, 'COUPON00006', 'mem00289', 1, '2022-11-03 09:00:00', '2022-10-18 00:00:00'),
(930, 'COUPON00004', 'mem00017', 0, NULL, '2022-07-09 00:00:00'),
(931, 'COUPON00004', 'mem00219', 0, NULL, '2022-12-06 00:00:00'),
(932, 'COUPON00006', 'mem00041', 0, NULL, '2022-09-03 00:00:00'),
(933, 'COUPON00001', 'mem00049', 0, NULL, '2023-04-16 00:00:00'),
(934, 'COUPON00002', 'mem00119', 1, '2023-02-10 04:00:00', '2022-12-17 00:00:00'),
(935, 'COUPON00001', 'mem00450', 0, NULL, '2022-08-11 00:00:00'),
(936, 'COUPON00003', 'mem00393', 1, '2023-01-02 23:00:00', '2022-11-17 00:00:00'),
(937, 'COUPON00002', 'mem00116', 1, '2023-03-20 04:00:00', '2023-03-11 00:00:00'),
(938, 'COUPON00006', 'mem00397', 0, NULL, '2022-11-24 00:00:00'),
(939, 'COUPON00005', 'mem00139', 0, NULL, '2022-08-01 00:00:00'),
(940, 'COUPON00006', 'mem00004', 0, NULL, '2022-12-11 00:00:00'),
(941, 'COUPON00001', 'mem00102', 1, '2022-08-10 21:00:00', '2022-07-17 00:00:00'),
(942, 'COUPON00006', 'mem00497', 1, '2022-09-11 23:00:00', '2022-08-06 00:00:00'),
(943, 'COUPON00006', 'mem00178', 0, NULL, '2023-01-12 00:00:00'),
(944, 'COUPON00003', 'mem00397', 0, NULL, '2022-12-10 00:00:00'),
(945, 'COUPON00005', 'mem00452', 1, '2023-06-05 04:00:00', '2023-04-16 00:00:00'),
(946, 'COUPON00001', 'mem00068', 0, NULL, '2023-03-12 00:00:00'),
(947, 'COUPON00006', 'mem00482', 0, NULL, '2022-09-23 00:00:00'),
(948, 'COUPON00001', 'mem00208', 1, '2022-10-29 23:00:00', '2022-10-10 00:00:00'),
(949, 'COUPON00005', 'mem00092', 0, NULL, '2023-05-10 00:00:00'),
(950, 'COUPON00005', 'mem00335', 1, '2023-01-04 08:00:00', '2022-12-26 00:00:00'),
(951, 'COUPON00002', 'mem00399', 1, '2022-08-30 17:00:00', '2022-07-15 00:00:00'),
(952, 'COUPON00005', 'mem00489', 1, '2022-07-03 15:00:00', '2022-06-08 00:00:00'),
(953, 'COUPON00002', 'mem00249', 1, '2023-05-30 23:00:00', '2023-04-13 00:00:00'),
(954, 'COUPON00005', 'mem00275', 1, '2022-09-17 01:00:00', '2022-08-05 00:00:00'),
(955, 'COUPON00006', 'mem00128', 1, '2022-11-29 09:00:00', '2022-11-18 00:00:00'),
(956, 'COUPON00004', 'mem00316', 1, '2023-05-18 12:00:00', '2023-04-01 00:00:00'),
(957, 'COUPON00001', 'mem00196', 1, '2023-03-28 14:00:00', '2023-03-05 00:00:00'),
(958, 'COUPON00006', 'mem00032', 1, '2022-11-09 08:00:00', '2022-10-05 00:00:00'),
(959, 'COUPON00002', 'mem00071', 0, NULL, '2022-12-27 00:00:00'),
(960, 'COUPON00005', 'mem00257', 0, NULL, '2023-04-17 00:00:00'),
(961, 'COUPON00006', 'mem00071', 0, NULL, '2023-01-24 00:00:00'),
(962, 'COUPON00006', 'mem00083', 1, '2023-04-01 00:00:00', '2023-02-14 00:00:00'),
(963, 'COUPON00002', 'mem00202', 0, NULL, '2023-01-15 00:00:00'),
(964, 'COUPON00002', 'mem00260', 0, NULL, '2022-06-19 00:00:00'),
(965, 'COUPON00004', 'mem00194', 1, '2022-12-20 01:00:00', '2022-12-16 00:00:00'),
(966, 'COUPON00002', 'mem00191', 0, NULL, '2022-12-22 00:00:00'),
(967, 'COUPON00002', 'mem00371', 0, NULL, '2022-08-17 00:00:00'),
(968, 'COUPON00003', 'mem00282', 1, '2022-12-07 04:00:00', '2022-12-05 00:00:00'),
(969, 'COUPON00005', 'mem00295', 0, NULL, '2022-05-04 00:00:00'),
(970, 'COUPON00001', 'mem00130', 1, '2022-11-01 14:00:00', '2022-09-04 00:00:00'),
(971, 'COUPON00004', 'mem00266', 0, NULL, '2022-12-25 00:00:00'),
(972, 'COUPON00003', 'mem00439', 1, '2022-08-04 14:00:00', '2022-06-19 00:00:00'),
(973, 'COUPON00005', 'mem00398', 0, NULL, '2023-02-22 00:00:00'),
(974, 'COUPON00006', 'mem00170', 1, '2023-01-04 02:00:00', '2022-11-08 00:00:00'),
(975, 'COUPON00006', 'mem00155', 1, '2022-07-29 20:00:00', '2022-07-04 00:00:00'),
(976, 'COUPON00003', 'mem00266', 1, '2022-09-26 21:00:00', '2022-09-09 00:00:00'),
(977, 'COUPON00001', 'mem00366', 1, '2022-07-30 21:00:00', '2022-07-19 00:00:00'),
(978, 'COUPON00004', 'mem00030', 0, NULL, '2022-05-04 00:00:00'),
(979, 'COUPON00005', 'mem00051', 1, '2022-10-15 14:00:00', '2022-10-10 00:00:00'),
(980, 'COUPON00001', 'mem00165', 1, '2022-07-30 08:00:00', '2022-06-08 00:00:00'),
(981, 'COUPON00001', 'mem00173', 0, NULL, '2022-07-27 00:00:00'),
(982, 'COUPON00001', 'mem00367', 1, '2023-03-22 02:00:00', '2023-03-17 00:00:00'),
(983, 'COUPON00001', 'mem00316', 1, '2022-12-30 04:00:00', '2022-11-12 00:00:00'),
(984, 'COUPON00002', 'mem00479', 1, '2022-06-29 18:00:00', '2022-05-15 00:00:00'),
(985, 'COUPON00005', 'mem00446', 0, NULL, '2023-01-04 00:00:00'),
(986, 'COUPON00006', 'mem00292', 0, NULL, '2022-06-24 00:00:00'),
(987, 'COUPON00002', 'mem00123', 0, NULL, '2023-02-14 00:00:00'),
(988, 'COUPON00005', 'mem00238', 0, NULL, '2022-09-17 00:00:00'),
(989, 'COUPON00006', 'mem00320', 0, NULL, '2022-11-25 00:00:00'),
(990, 'COUPON00002', 'mem00386', 1, '2023-01-23 07:00:00', '2022-12-30 00:00:00'),
(991, 'COUPON00004', 'mem00469', 0, NULL, '2022-11-29 00:00:00'),
(992, 'COUPON00002', 'mem00189', 1, '2023-05-08 04:00:00', '2023-03-25 00:00:00'),
(993, 'COUPON00003', 'mem00034', 1, '2023-01-25 23:00:00', '2022-12-29 00:00:00'),
(994, 'COUPON00002', 'mem00103', 0, NULL, '2022-12-14 00:00:00'),
(995, 'COUPON00002', 'mem00415', 0, NULL, '2022-05-26 00:00:00'),
(996, 'COUPON00003', 'mem00263', 0, NULL, '2022-11-29 00:00:00'),
(997, 'COUPON00001', 'mem00072', 0, NULL, '2022-12-06 00:00:00'),
(998, 'COUPON00004', 'mem00068', 1, '2022-07-27 08:00:00', '2022-07-20 00:00:00'),
(999, 'COUPON00001', 'mem00126', 0, NULL, '2022-09-03 00:00:00'),
(1000, 'COUPON00002', 'mem00425', 1, '2022-05-16 16:00:00', '2022-05-04 00:00:00'),
(1025, 'COUPON00006 ', 'mem00001', 0, NULL, '2023-05-17 10:23:58'),
(1027, 'COUPON00004 ', 'mem00008', 0, NULL, '2023-05-17 17:16:25'),
(1028, 'COUPON00007 ', 'mem00286', 0, NULL, '2023-05-18 00:42:00'),
(1029, 'COUPON00007 ', 'mem00378', 0, NULL, '2023-05-18 00:42:36'),
(1030, 'COUPON00007 ', 'mem00340', 1, NULL, '2023-05-18 00:42:45'),
(1031, 'COUPON00003', 'mem00401', 1, '2023-03-02 13:29:24', '2023-01-16 21:17:01'),
(1032, 'COUPON00003', 'mem00402', 1, '2023-03-07 01:12:26', '2023-01-10 21:57:38'),
(1033, 'COUPON00003', 'mem00403', 1, '2023-03-08 21:31:43', '2023-02-15 09:41:56'),
(1034, 'COUPON00003', 'mem00404', 1, '2023-03-03 14:10:56', '2023-01-07 10:38:13'),
(1035, 'COUPON00003', 'mem00405', 1, '2023-03-10 03:42:11', '2023-01-09 18:48:45'),
(1036, 'COUPON00003', 'mem00406', 1, '2023-03-27 14:43:12', '2023-02-19 21:42:21'),
(1037, 'COUPON00003', 'mem00407', 1, '2023-03-21 06:21:18', '2023-02-13 03:06:01'),
(1038, 'COUPON00003', 'mem00408', 1, '2023-03-22 12:15:58', '2023-01-17 07:33:17'),
(1039, 'COUPON00003', 'mem00409', 1, '2023-03-10 07:51:45', '2023-02-09 19:38:28'),
(1040, 'COUPON00003', 'mem00410', 1, '2023-03-15 14:59:41', '2023-01-20 17:11:18'),
(1046, 'COUPON00003', 'mem00401', 1, '2023-03-15 13:54:31', '2023-02-17 07:49:03'),
(1047, 'COUPON00003', 'mem00402', 1, '2023-03-19 14:12:03', '2023-02-04 22:39:12'),
(1048, 'COUPON00003', 'mem00403', 1, '2023-03-06 00:38:21', '2023-01-03 00:03:34'),
(1049, 'COUPON00003', 'mem00404', 1, '2023-03-22 04:20:25', '2023-01-19 13:15:10'),
(1050, 'COUPON00003', 'mem00405', 1, '2023-03-17 04:42:40', '2023-02-09 11:16:05'),
(1051, 'COUPON00003', 'mem00406', 1, '2023-03-25 02:27:07', '2023-02-21 22:49:12'),
(1052, 'COUPON00003', 'mem00407', 1, '2023-03-03 04:11:18', '2023-02-11 20:10:17'),
(1053, 'COUPON00003', 'mem00408', 1, '2023-03-11 09:30:45', '2023-02-02 09:52:43'),
(1054, 'COUPON00003', 'mem00409', 1, '2023-03-23 23:02:31', '2023-01-04 06:09:04'),
(1055, 'COUPON00003', 'mem00410', 1, '2023-03-02 16:11:11', '2023-01-07 03:57:58'),
(1061, 'COUPON00003', 'mem00401', 1, '2023-03-08 06:26:01', '2023-02-01 23:33:19'),
(1062, 'COUPON00003', 'mem00402', 1, '2023-03-01 05:09:29', '2023-01-25 02:25:14'),
(1063, 'COUPON00003', 'mem00403', 1, '2023-03-01 16:06:18', '2023-02-22 01:59:42'),
(1064, 'COUPON00003', 'mem00404', 1, '2023-03-11 19:34:14', '2023-01-06 16:07:20'),
(1065, 'COUPON00003', 'mem00405', 1, '2023-03-14 10:53:51', '2023-02-22 00:22:06'),
(1066, 'COUPON00003', 'mem00406', 1, '2023-03-04 06:55:08', '2023-02-22 05:53:51'),
(1067, 'COUPON00003', 'mem00407', 1, '2023-03-04 09:22:52', '2023-02-22 12:44:30'),
(1068, 'COUPON00003', 'mem00408', 1, '2023-03-04 19:58:27', '2023-02-25 21:00:49'),
(1069, 'COUPON00003', 'mem00409', 1, '2023-03-12 07:04:45', '2023-02-27 20:35:01'),
(1070, 'COUPON00003', 'mem00410', 1, '2023-03-26 02:44:12', '2023-01-07 09:58:09'),
(1076, 'COUPON00003', 'mem00401', 1, '2023-03-18 09:25:28', '2023-01-11 15:28:03'),
(1077, 'COUPON00003', 'mem00402', 1, '2023-03-07 18:52:12', '2023-02-02 15:29:24'),
(1078, 'COUPON00003', 'mem00403', 1, '2023-03-04 09:42:40', '2023-02-22 11:06:17'),
(1079, 'COUPON00003', 'mem00404', 1, '2023-03-04 14:41:01', '2023-02-23 23:34:43'),
(1080, 'COUPON00003', 'mem00405', 1, '2023-03-07 23:35:17', '2023-01-23 12:03:20'),
(1081, 'COUPON00003', 'mem00406', 1, '2023-03-08 04:01:30', '2023-01-01 16:50:48'),
(1082, 'COUPON00003', 'mem00407', 1, '2023-03-12 08:11:00', '2023-02-16 19:35:29'),
(1083, 'COUPON00003', 'mem00408', 1, '2023-03-27 23:15:29', '2023-02-27 04:37:07'),
(1084, 'COUPON00003', 'mem00409', 1, '2023-03-08 08:15:27', '2023-01-17 07:26:01'),
(1085, 'COUPON00003', 'mem00410', 1, '2023-03-21 19:34:11', '2023-02-01 03:40:14'),
(1091, 'COUPON00003', 'mem00401', 1, '2023-03-17 02:08:36', '2023-01-01 12:32:06'),
(1092, 'COUPON00003', 'mem00402', 1, '2023-03-16 02:30:03', '2023-01-25 04:00:05'),
(1093, 'COUPON00003', 'mem00403', 1, '2023-03-19 04:13:46', '2023-02-11 11:12:44'),
(1094, 'COUPON00003', 'mem00404', 1, '2023-03-24 09:51:09', '2023-02-09 09:01:28'),
(1095, 'COUPON00003', 'mem00405', 1, '2023-03-03 05:08:01', '2023-01-21 22:33:10'),
(1096, 'COUPON00003', 'mem00406', 1, '2023-03-18 08:51:56', '2023-02-13 11:17:16'),
(1097, 'COUPON00003', 'mem00407', 1, '2023-03-01 02:14:38', '2023-02-17 11:29:28'),
(1098, 'COUPON00003', 'mem00408', 1, '2023-03-01 10:50:47', '2023-02-08 20:44:37'),
(1099, 'COUPON00003', 'mem00409', 1, '2023-03-08 17:53:20', '2023-01-17 02:42:46'),
(1100, 'COUPON00003', 'mem00410', 1, '2023-03-20 02:16:24', '2023-01-16 08:51:03'),
(1106, 'COUPON00003', 'mem00401', 1, '2023-03-06 19:28:22', '2023-02-09 16:42:19'),
(1107, 'COUPON00003', 'mem00402', 1, '2023-03-25 20:27:03', '2023-02-28 09:47:21'),
(1108, 'COUPON00003', 'mem00403', 1, '2023-03-17 21:18:49', '2023-02-14 11:39:00'),
(1109, 'COUPON00003', 'mem00404', 1, '2023-03-05 04:54:09', '2023-01-25 13:15:02'),
(1110, 'COUPON00003', 'mem00405', 1, '2023-03-21 21:19:25', '2023-01-08 02:54:35'),
(1111, 'COUPON00003', 'mem00406', 1, '2023-03-19 01:01:44', '2023-02-02 08:01:51'),
(1112, 'COUPON00003', 'mem00407', 1, '2023-03-31 19:38:17', '2023-01-20 06:23:57'),
(1113, 'COUPON00003', 'mem00408', 1, '2023-03-21 03:51:48', '2023-01-17 01:18:36'),
(1114, 'COUPON00003', 'mem00409', 1, '2023-03-13 16:39:53', '2023-01-14 15:18:02'),
(1115, 'COUPON00003', 'mem00410', 1, '2023-03-29 17:51:45', '2023-02-25 14:55:10'),
(1121, 'COUPON00003', 'mem00401', 1, '2023-03-30 15:34:54', '2023-02-10 18:19:35'),
(1122, 'COUPON00003', 'mem00402', 1, '2023-03-19 03:26:05', '2023-02-20 08:40:25'),
(1123, 'COUPON00003', 'mem00403', 1, '2023-03-16 21:01:30', '2023-02-28 23:51:45'),
(1124, 'COUPON00003', 'mem00404', 1, '2023-03-15 08:33:50', '2023-01-19 15:19:37'),
(1125, 'COUPON00003', 'mem00405', 1, '2023-03-06 21:29:21', '2023-01-01 04:26:56'),
(1126, 'COUPON00003', 'mem00406', 1, '2023-03-14 19:13:12', '2023-01-13 18:35:12'),
(1127, 'COUPON00003', 'mem00407', 1, '2023-03-24 03:46:45', '2023-01-06 01:06:27'),
(1128, 'COUPON00003', 'mem00408', 1, '2023-03-06 18:49:35', '2023-02-09 21:46:01'),
(1129, 'COUPON00003', 'mem00409', 1, '2023-03-26 11:41:17', '2023-01-05 19:36:11'),
(1130, 'COUPON00003', 'mem00410', 1, '2023-03-30 04:38:19', '2023-01-28 08:33:28'),
(1136, 'COUPON00003', 'mem00401', 1, '2023-03-31 16:05:32', '2023-02-25 21:46:57'),
(1137, 'COUPON00003', 'mem00402', 1, '2023-03-24 20:44:43', '2023-01-01 08:58:13'),
(1138, 'COUPON00003', 'mem00403', 1, '2023-03-23 09:19:49', '2023-02-04 22:23:36'),
(1139, 'COUPON00003', 'mem00404', 1, '2023-03-25 14:34:05', '2023-01-12 08:44:33'),
(1140, 'COUPON00003', 'mem00405', 1, '2023-03-19 00:49:22', '2023-01-20 12:34:15'),
(1141, 'COUPON00003', 'mem00406', 1, '2023-03-29 04:31:20', '2023-02-02 16:09:43'),
(1142, 'COUPON00003', 'mem00407', 1, '2023-03-02 06:31:11', '2023-02-02 01:56:36'),
(1143, 'COUPON00003', 'mem00408', 1, '2023-03-19 11:10:25', '2023-01-21 11:28:02'),
(1144, 'COUPON00003', 'mem00409', 1, '2023-03-30 09:37:18', '2023-02-11 08:23:13'),
(1145, 'COUPON00003', 'mem00410', 1, '2023-03-21 10:15:09', '2023-01-12 08:08:51'),
(1151, 'COUPON00003', 'mem00401', 1, '2023-03-14 04:58:23', '2023-02-20 11:55:24'),
(1152, 'COUPON00003', 'mem00402', 1, '2023-03-01 00:56:49', '2023-01-26 21:14:32'),
(1153, 'COUPON00003', 'mem00403', 1, '2023-03-06 21:14:11', '2023-02-07 08:17:48'),
(1154, 'COUPON00003', 'mem00404', 1, '2023-03-19 10:58:07', '2023-01-05 14:27:28'),
(1155, 'COUPON00003', 'mem00405', 1, '2023-03-19 17:16:46', '2023-02-16 08:01:45'),
(1156, 'COUPON00003', 'mem00406', 1, '2023-03-04 13:35:39', '2023-01-13 22:26:15'),
(1157, 'COUPON00003', 'mem00407', 1, '2023-03-24 06:46:26', '2023-01-06 18:03:11'),
(1158, 'COUPON00003', 'mem00408', 1, '2023-03-08 06:21:35', '2023-02-21 21:04:12'),
(1159, 'COUPON00003', 'mem00409', 1, '2023-03-22 11:52:05', '2023-02-18 21:51:26'),
(1160, 'COUPON00003', 'mem00410', 1, '2023-03-03 00:15:28', '2023-02-19 09:39:25'),
(1166, 'COUPON00003', 'mem00401', 1, '2023-03-07 09:52:32', '2023-02-25 00:19:32'),
(1167, 'COUPON00003', 'mem00402', 1, '2023-03-02 07:01:28', '2023-01-25 06:15:27'),
(1168, 'COUPON00003', 'mem00403', 1, '2023-03-29 20:35:09', '2023-01-25 19:57:50'),
(1169, 'COUPON00003', 'mem00404', 1, '2023-03-10 15:54:37', '2023-01-18 10:59:51'),
(1170, 'COUPON00003', 'mem00405', 1, '2023-03-17 21:01:30', '2023-02-19 05:16:43'),
(1171, 'COUPON00003', 'mem00406', 1, '2023-03-17 16:17:03', '2023-01-12 01:19:14'),
(1172, 'COUPON00003', 'mem00407', 1, '2023-03-11 00:10:34', '2023-01-04 01:35:07'),
(1173, 'COUPON00003', 'mem00408', 1, '2023-03-10 00:47:20', '2023-01-18 18:14:10'),
(1174, 'COUPON00003', 'mem00409', 1, '2023-03-20 13:24:21', '2023-01-15 20:13:10'),
(1175, 'COUPON00003', 'mem00410', 1, '2023-03-12 07:36:47', '2023-01-05 04:02:53'),
(1181, 'COUPON00003', 'mem00401', 1, '2023-03-04 15:45:47', '2023-02-02 17:33:40'),
(1182, 'COUPON00003', 'mem00402', 1, '2023-03-14 00:28:20', '2023-01-26 16:50:39'),
(1183, 'COUPON00003', 'mem00403', 1, '2023-03-29 11:06:21', '2023-01-17 17:59:32'),
(1184, 'COUPON00003', 'mem00404', 1, '2023-03-21 14:45:47', '2023-01-28 22:15:16'),
(1185, 'COUPON00003', 'mem00405', 1, '2023-03-12 12:32:54', '2023-01-26 20:54:29'),
(1186, 'COUPON00003', 'mem00406', 1, '2023-03-03 09:33:13', '2023-01-05 04:57:48'),
(1187, 'COUPON00003', 'mem00407', 1, '2023-03-04 20:34:56', '2023-01-25 02:08:07'),
(1188, 'COUPON00003', 'mem00408', 1, '2023-03-21 17:05:00', '2023-01-07 19:54:11'),
(1189, 'COUPON00003', 'mem00409', 1, '2023-03-18 19:20:34', '2023-01-31 22:56:24'),
(1190, 'COUPON00003', 'mem00410', 1, '2023-03-28 21:45:48', '2023-02-24 16:44:10'),
(1196, 'COUPON00001 ', 'mem00001', 0, NULL, '2023-05-18 11:14:34'),
(2109, 'COUPON00001', 'mem00127', 1, '2023-01-04 19:28:37', '2022-02-16 17:33:26'),
(2110, 'COUPON00001', 'mem00029', 1, '2022-06-16 23:17:42', '2022-02-20 16:03:43'),
(2111, 'COUPON00001', 'mem00378', 1, '2022-11-16 17:44:40', '2022-02-01 18:55:44'),
(2112, 'COUPON00001', 'mem00404', 1, '2022-08-04 22:37:04', '2022-04-06 00:39:26'),
(2113, 'COUPON00001', 'mem00116', 1, '2023-03-04 10:20:09', '2022-01-24 21:30:15'),
(2114, 'COUPON00001', 'mem00331', 1, '2023-02-04 00:13:16', '2022-03-07 22:35:26'),
(2115, 'COUPON00001', 'mem00315', 1, '2022-11-12 02:37:48', '2022-03-12 02:38:59'),
(2116, 'COUPON00001', 'mem00220', 1, '2022-10-23 12:26:48', '2022-04-19 10:02:43'),
(2117, 'COUPON00001', 'mem00093', 1, '2022-07-23 12:45:33', '2022-03-02 12:05:51'),
(2118, 'COUPON00001', 'mem00444', 1, '2023-04-29 12:41:16', '2022-04-24 00:35:30'),
(2119, 'COUPON00001', 'mem00475', 1, '2023-04-27 22:32:56', '2022-03-30 08:43:17'),
(2120, 'COUPON00001', 'mem00467', 1, '2022-10-27 21:21:33', '2022-02-27 09:45:12'),
(2121, 'COUPON00001', 'mem00013', 1, '2023-01-29 19:55:41', '2022-02-16 16:47:54'),
(2122, 'COUPON00001', 'mem00434', 1, '2022-07-04 09:34:28', '2022-01-27 00:32:45'),
(2123, 'COUPON00001', 'mem00298', 1, '2022-09-06 11:54:52', '2022-04-11 22:06:49'),
(2124, 'COUPON00001', 'mem00115', 1, '2023-01-01 22:40:42', '2022-02-21 02:21:30'),
(2125, 'COUPON00001', 'mem00131', 1, '2022-05-12 04:36:24', '2022-02-12 23:36:15'),
(2126, 'COUPON00001', 'mem00353', 1, '2022-10-27 20:14:22', '2022-01-20 00:40:05'),
(2127, 'COUPON00001', 'mem00214', 1, '2023-01-16 06:47:30', '2022-01-02 16:08:22'),
(2128, 'COUPON00001', 'mem00047', 1, '2022-10-14 20:53:38', '2022-04-11 01:07:35'),
(2129, 'COUPON00001', 'mem00451', 1, '2022-05-03 00:09:54', '2022-02-08 14:21:18'),
(2130, 'COUPON00001', 'mem00297', 1, '2022-05-01 01:04:41', '2022-01-27 14:00:08'),
(2131, 'COUPON00001', 'mem00054', 1, '2023-04-10 09:49:23', '2022-01-05 12:35:42'),
(2132, 'COUPON00001', 'mem00287', 1, '2023-02-21 12:44:54', '2022-01-05 05:32:59'),
(2133, 'COUPON00001', 'mem00463', 1, '2022-11-20 10:40:41', '2022-04-07 07:55:45'),
(2140, 'COUPON00001', 'mem00303', 1, '2022-03-07 00:10:19', '2022-01-22 23:57:00'),
(2141, 'COUPON00001', 'mem00158', 1, '2022-03-01 21:08:35', '2022-01-24 21:48:42'),
(2142, 'COUPON00001', 'mem00455', 1, '2022-03-29 06:48:56', '2022-04-29 18:17:47'),
(2143, 'COUPON00001', 'mem00061', 1, '2022-03-19 22:23:40', '2022-04-06 10:48:34'),
(2144, 'COUPON00001', 'mem00042', 1, '2022-03-01 23:32:08', '2022-04-20 10:46:21'),
(2145, 'COUPON00001', 'mem00232', 1, '2022-03-18 06:12:46', '2022-02-28 17:57:20'),
(2146, 'COUPON00001', 'mem00361', 1, '2022-03-05 05:33:49', '2022-03-06 17:36:05'),
(2147, 'COUPON00001', 'mem00138', 1, '2022-03-23 13:21:11', '2022-04-23 11:19:55'),
(2148, 'COUPON00001', 'mem00216', 1, '2022-03-11 06:01:47', '2022-02-19 23:19:36'),
(2149, 'COUPON00001', 'mem00029', 1, '2022-03-02 01:51:03', '2022-01-02 00:11:19'),
(2150, 'COUPON00001', 'mem00468', 1, '2022-03-20 09:16:27', '2022-02-21 09:17:23'),
(2151, 'COUPON00001', 'mem00102', 1, '2022-03-22 19:58:40', '2022-01-04 18:05:15'),
(2152, 'COUPON00001', 'mem00487', 1, '2022-03-24 03:48:56', '2022-04-23 20:11:52'),
(2153, 'COUPON00001', 'mem00193', 1, '2022-03-04 05:51:15', '2022-02-15 23:28:47'),
(2154, 'COUPON00001', 'mem00296', 1, '2022-03-25 05:19:29', '2022-02-01 13:03:20'),
(2155, 'COUPON00001', 'mem00447', 1, '2022-03-21 03:55:56', '2022-03-24 02:30:25'),
(2156, 'COUPON00001', 'mem00203', 1, '2022-03-30 02:48:20', '2022-03-18 16:04:05'),
(2157, 'COUPON00001', 'mem00142', 1, '2022-03-15 22:17:22', '2022-03-18 17:46:20'),
(2158, 'COUPON00001', 'mem00353', 1, '2022-03-19 03:24:18', '2022-04-20 03:56:23'),
(2159, 'COUPON00001', 'mem00368', 1, '2022-03-29 06:35:32', '2022-03-03 03:20:10'),
(2160, 'COUPON00001', 'mem00360', 1, '2022-03-03 03:27:43', '2022-01-24 16:31:32'),
(2161, 'COUPON00001', 'mem00387', 1, '2022-03-09 02:57:41', '2022-01-05 07:58:38'),
(2162, 'COUPON00001', 'mem00185', 1, '2022-03-22 23:27:06', '2022-03-08 23:59:35'),
(2163, 'COUPON00001', 'mem00297', 1, '2022-03-09 20:11:06', '2022-03-25 00:04:22'),
(2164, 'COUPON00001', 'mem00288', 1, '2022-03-24 21:37:18', '2022-02-01 06:00:52'),
(2171, 'COUPON00001', 'mem00175', 1, '2022-04-07 00:48:59', '2022-03-02 23:04:27'),
(2172, 'COUPON00001', 'mem00103', 1, '2022-01-12 14:14:10', '2022-04-19 11:54:50'),
(2173, 'COUPON00001', 'mem00005', 1, '2022-02-19 12:50:40', '2022-03-15 18:07:05'),
(2174, 'COUPON00001', 'mem00045', 1, '2021-12-21 19:10:20', '2022-04-01 23:46:57'),
(2175, 'COUPON00001', 'mem00488', 1, '2021-12-23 10:58:47', '2022-01-08 21:25:37'),
(2176, 'COUPON00001', 'mem00268', 1, '2022-01-18 00:43:14', '2022-04-05 16:02:00'),
(2177, 'COUPON00001', 'mem00254', 1, '2022-03-25 01:11:55', '2022-02-10 08:09:31'),
(2178, 'COUPON00001', 'mem00083', 1, '2021-11-06 04:25:39', '2022-03-13 03:47:55'),
(2179, 'COUPON00001', 'mem00256', 1, '2021-11-14 09:50:48', '2022-02-13 11:37:20'),
(2180, 'COUPON00001', 'mem00237', 1, '2022-03-01 20:10:44', '2022-04-28 11:14:07'),
(2181, 'COUPON00001', 'mem00028', 1, '2022-02-17 04:27:14', '2022-03-05 09:01:27'),
(2182, 'COUPON00001', 'mem00313', 1, '2022-01-05 03:28:55', '2022-04-09 10:35:29'),
(2183, 'COUPON00001', 'mem00243', 1, '2021-10-05 14:17:28', '2022-02-14 03:39:45'),
(2184, 'COUPON00001', 'mem00473', 1, '2021-12-17 17:16:02', '2022-02-04 07:02:22'),
(2185, 'COUPON00001', 'mem00278', 1, '2021-10-15 11:31:00', '2022-04-22 08:16:25'),
(2186, 'COUPON00001', 'mem00442', 1, '2021-12-15 23:07:14', '2022-03-03 15:50:35'),
(2187, 'COUPON00001', 'mem00336', 1, '2021-11-07 02:42:03', '2022-01-07 12:04:04'),
(2188, 'COUPON00001', 'mem00416', 1, '2021-09-29 23:48:32', '2022-02-25 09:40:04'),
(2189, 'COUPON00001', 'mem00169', 1, '2022-02-26 07:47:03', '2022-02-26 15:36:39'),
(2190, 'COUPON00001', 'mem00236', 1, '2021-10-10 03:54:14', '2022-02-06 03:50:18'),
(2191, 'COUPON00001', 'mem00339', 1, '2022-01-18 06:08:16', '2022-02-13 05:35:22'),
(2192, 'COUPON00001', 'mem00184', 1, '2021-11-19 01:36:34', '2022-03-24 07:31:49'),
(2193, 'COUPON00001', 'mem00079', 1, '2021-11-26 11:01:42', '2022-01-18 19:31:43'),
(2194, 'COUPON00001', 'mem00286', 1, '2022-01-31 22:48:40', '2022-02-12 14:59:11'),
(2195, 'COUPON00001', 'mem00267', 1, '2021-12-22 15:07:04', '2022-02-18 23:38:14'),
(2202, 'COUPON00001', 'mem00132', 1, '2022-02-09 07:40:06', '2022-04-08 09:28:59'),
(2203, 'COUPON00001', 'mem00150', 1, '2022-06-22 10:01:44', '2022-02-16 02:43:00'),
(2204, 'COUPON00001', 'mem00378', 1, '2022-03-27 19:15:40', '2022-04-10 09:17:58'),
(2205, 'COUPON00001', 'mem00144', 1, '2022-02-04 22:07:08', '2022-04-16 22:37:28'),
(2206, 'COUPON00001', 'mem00285', 1, '2022-06-01 01:27:05', '2022-02-01 22:52:15'),
(2207, 'COUPON00001', 'mem00375', 1, '2022-02-05 22:54:19', '2022-02-25 18:48:49'),
(2208, 'COUPON00001', 'mem00250', 1, '2022-06-15 17:14:26', '2022-04-30 23:35:43'),
(2209, 'COUPON00001', 'mem00351', 1, '2022-04-13 16:48:44', '2022-02-22 11:39:27'),
(2210, 'COUPON00001', 'mem00331', 1, '2022-01-28 15:28:46', '2022-04-30 07:32:37'),
(2211, 'COUPON00001', 'mem00492', 1, '2022-02-06 16:25:19', '2022-03-30 00:44:44'),
(2212, 'COUPON00001', 'mem00429', 1, '2022-06-18 07:48:44', '2022-04-11 23:59:11'),
(2213, 'COUPON00001', 'mem00481', 1, '2022-05-18 13:35:46', '2022-03-05 02:46:49'),
(2214, 'COUPON00001', 'mem00392', 1, '2022-05-09 12:45:18', '2022-02-12 06:48:22'),
(2215, 'COUPON00001', 'mem00370', 1, '2022-03-24 05:18:41', '2022-04-29 13:25:25'),
(2216, 'COUPON00001', 'mem00008', 1, '2022-06-13 08:31:38', '2022-03-05 02:08:37'),
(2217, 'COUPON00001', 'mem00143', 1, '2022-02-20 10:45:53', '2022-02-16 01:03:43'),
(2218, 'COUPON00001', 'mem00188', 1, '2022-03-11 06:56:39', '2022-03-02 03:04:45'),
(2219, 'COUPON00001', 'mem00165', 1, '2022-06-09 00:53:38', '2022-03-29 01:40:39'),
(2220, 'COUPON00001', 'mem00101', 1, '2022-02-24 04:01:15', '2022-03-04 03:04:46'),
(2221, 'COUPON00001', 'mem00059', 1, '2022-06-25 09:32:07', '2022-04-10 09:04:39'),
(2222, 'COUPON00001', 'mem00016', 1, '2022-03-19 06:16:15', '2022-02-02 19:04:27'),
(2223, 'COUPON00001', 'mem00173', 1, '2022-02-11 04:12:27', '2022-03-02 08:50:25'),
(2224, 'COUPON00001', 'mem00396', 1, '2022-04-22 23:17:15', '2022-04-15 00:14:38'),
(2225, 'COUPON00001', 'mem00495', 1, '2022-05-08 21:23:37', '2022-04-01 20:50:20'),
(2226, 'COUPON00001', 'mem00376', 1, '2022-04-17 02:44:01', '2022-01-22 04:32:42'),
(2233, 'COUPON00004', 'mem00222', 1, '2022-02-05 22:39:44', '2022-04-04 23:02:16'),
(2234, 'COUPON00004', 'mem00025', 1, '2021-12-17 00:41:42', '2022-02-10 13:29:58'),
(2235, 'COUPON00004', 'mem00500', 1, '2021-12-01 19:42:56', '2022-04-19 01:56:21'),
(2236, 'COUPON00004', 'mem00283', 1, '2022-05-08 22:29:08', '2022-04-22 06:40:09'),
(2237, 'COUPON00004', 'mem00132', 1, '2022-02-22 18:30:50', '2022-04-15 01:11:14'),
(2238, 'COUPON00004', 'mem00372', 1, '2022-05-11 10:00:47', '2022-02-09 10:55:41'),
(2239, 'COUPON00004', 'mem00156', 1, '2022-02-16 13:09:30', '2022-04-18 02:11:27'),
(2240, 'COUPON00004', 'mem00385', 1, '2022-05-01 14:18:49', '2022-03-04 00:13:14'),
(2241, 'COUPON00004', 'mem00046', 1, '2021-12-15 21:48:26', '2022-01-30 06:30:33'),
(2242, 'COUPON00004', 'mem00256', 1, '2021-12-31 14:06:42', '2022-03-09 10:47:47'),
(2243, 'COUPON00004', 'mem00178', 1, '2022-05-15 12:08:27', '2022-02-15 15:58:09'),
(2244, 'COUPON00004', 'mem00318', 1, '2022-05-25 14:15:35', '2022-02-02 02:02:18'),
(2245, 'COUPON00004', 'mem00117', 1, '2022-03-25 20:57:57', '2022-01-14 19:54:34'),
(2246, 'COUPON00004', 'mem00244', 1, '2022-05-14 20:14:47', '2022-01-01 01:43:45'),
(2247, 'COUPON00004', 'mem00363', 1, '2022-02-05 21:38:49', '2022-04-23 08:47:30'),
(2248, 'COUPON00004', 'mem00408', 1, '2022-04-12 09:06:11', '2022-04-18 08:39:30'),
(2249, 'COUPON00004', 'mem00335', 1, '2022-01-29 23:46:53', '2022-02-04 23:18:31'),
(2250, 'COUPON00004', 'mem00240', 1, '2022-02-25 00:43:11', '2022-01-19 22:55:49'),
(2251, 'COUPON00004', 'mem00117', 1, '2022-01-23 15:28:55', '2022-04-03 05:05:24'),
(2252, 'COUPON00004', 'mem00381', 1, '2022-02-28 19:07:25', '2022-01-26 04:06:23'),
(2253, 'COUPON00004', 'mem00277', 1, '2022-05-06 07:51:59', '2022-01-04 23:05:12'),
(2254, 'COUPON00004', 'mem00375', 1, '2022-02-01 16:58:36', '2022-04-28 08:04:01'),
(2255, 'COUPON00004', 'mem00478', 1, '2021-12-27 17:44:11', '2022-02-09 22:02:10'),
(2256, 'COUPON00004', 'mem00073', 1, '2022-01-17 00:33:14', '2022-01-26 09:05:20'),
(2257, 'COUPON00004', 'mem00435', 1, '2022-01-20 21:25:09', '2022-04-23 12:09:03'),
(2264, 'COUPON00001', 'mem00391', 1, '2023-01-10 08:44:34', '2022-01-27 03:25:25'),
(2265, 'COUPON00001', 'mem00077', 1, '2023-01-04 07:41:11', '2022-01-12 09:07:09'),
(2266, 'COUPON00001', 'mem00072', 1, '2023-01-13 18:51:34', '2022-03-26 13:06:51'),
(2267, 'COUPON00001', 'mem00123', 1, '2023-01-04 05:14:04', '2022-04-07 10:55:28'),
(2268, 'COUPON00001', 'mem00349', 1, '2023-01-03 05:33:55', '2022-02-03 15:53:13'),
(2269, 'COUPON00001', 'mem00090', 1, '2023-01-02 15:53:52', '2022-03-30 16:00:25'),
(2270, 'COUPON00001', 'mem00265', 1, '2023-01-13 17:34:13', '2022-03-06 11:37:40'),
(2271, 'COUPON00001', 'mem00207', 1, '2023-01-14 16:23:48', '2022-01-05 18:03:12'),
(2272, 'COUPON00001', 'mem00415', 1, '2023-01-01 21:20:30', '2022-03-21 02:19:03'),
(2273, 'COUPON00001', 'mem00104', 1, '2023-01-02 16:37:19', '2022-03-21 09:58:30'),
(2274, 'COUPON00001', 'mem00070', 1, '2023-01-22 09:32:03', '2022-01-18 15:26:58'),
(2275, 'COUPON00001', 'mem00298', 1, '2023-01-17 01:57:26', '2022-04-18 06:38:19'),
(2276, 'COUPON00001', 'mem00431', 1, '2023-01-19 19:09:16', '2022-03-07 17:58:11'),
(2277, 'COUPON00001', 'mem00430', 1, '2023-01-20 15:31:00', '2022-03-25 10:20:52'),
(2278, 'COUPON00001', 'mem00256', 1, '2023-01-15 04:09:47', '2022-04-10 06:38:45'),
(2279, 'COUPON00001', 'mem00360', 1, '2023-01-04 10:06:19', '2022-02-19 12:17:27'),
(2280, 'COUPON00001', 'mem00361', 1, '2023-01-12 00:01:14', '2022-03-22 11:50:28'),
(2281, 'COUPON00001', 'mem00127', 1, '2023-01-08 16:48:58', '2022-03-04 15:27:02'),
(2282, 'COUPON00001', 'mem00421', 1, '2023-01-20 00:44:08', '2022-03-20 04:20:15'),
(2283, 'COUPON00001', 'mem00178', 1, '2023-01-25 12:49:17', '2022-01-04 01:51:11'),
(2284, 'COUPON00001', 'mem00338', 1, '2023-01-09 21:52:03', '2022-02-25 07:08:02'),
(2285, 'COUPON00001', 'mem00207', 1, '2023-01-21 11:13:25', '2022-01-21 16:41:41'),
(2286, 'COUPON00001', 'mem00408', 1, '2023-01-17 19:28:04', '2022-02-12 14:58:58'),
(2287, 'COUPON00001', 'mem00048', 1, '2023-01-13 06:23:18', '2022-04-02 03:52:10'),
(2288, 'COUPON00001', 'mem00286', 1, '2023-01-18 09:27:17', '2022-01-23 01:02:20');

-- --------------------------------------------------------

--
-- Table structure for table `member_info`
--

CREATE TABLE `member_info` (
  `member_sid` varchar(255) NOT NULL,
  `name` varchar(255) NOT NULL,
  `email` varchar(255) NOT NULL,
  `password` varchar(255) NOT NULL,
  `mobile` varchar(11) NOT NULL,
  `gender` varchar(11) NOT NULL,
  `birthday` date DEFAULT NULL,
  `pet` varchar(11) NOT NULL,
  `level` varchar(255) NOT NULL,
  `member_ID` varchar(255) DEFAULT NULL,
  `profile` varchar(255) DEFAULT NULL,
  `game_pet` varchar(255) NOT NULL,
  `nickname` varchar(255) NOT NULL,
  `create_time` datetime DEFAULT CURRENT_TIMESTAMP,
  `update_time` datetime DEFAULT CURRENT_TIMESTAMP
) ENGINE=InnoDB DEFAULT CHARSET=utf8mb4;

--
-- Dumping data for table `member_info`
--

INSERT INTO `member_info` (`member_sid`, `name`, `email`, `password`, `mobile`, `gender`, `birthday`, `pet`, `level`, `member_ID`, `profile`, `game_pet`, `nickname`, `create_time`, `update_time`) VALUES
('mem00001', '劉宜庭', 'Jerry9014@gmail.com', '$2b$10$shSsmfP42kSPVV0K/tUi9OpGlxwmCkh3EWX.LS0uy7J.PvdfrFaTO', '0918890243', '女', '2001-12-04', '其他', '銀牌', 'DD3l7KtG', NULL, '狗', '劉宜庭', '2023-02-05 05:00:14', '2023-03-07 05:00:14'),
('mem00002', '蕭雅婷', 'Ryan1502@gmail.com', '$2b$10$oYvKpfmTT72JwcsKp0UeH.wwB/0JbqVJwzulGPhj93I6G1zYPBxxa', '0964859704', '男', '1981-10-21', '狗', '銅牌', 'WmylnGay', NULL, '狗', '蕭雅婷', '2022-04-16 07:14:34', '2022-05-16 07:14:34'),
('mem00003', '林雅筑', 'Jack9243@gmail.com', '$2b$10$ToUcmnQRkGgYB.JGfJhXj.YgYqJkUBdPG.1Ybrg9JKTxfZEWYcMPy', '0985254925', '女', '1993-11-12', '狗貓', '銅牌', 'AQNZzf1o', NULL, '狗', '林雅筑', '2023-06-07 10:48:47', '2023-07-07 10:48:47'),
('mem00004', '邱宜靜', 'Sophia3016@gmail.com', '$2b$10$BocsuTl7Wtid62PvUMMzbOJ0uqiARtkGmxm4HYvKAOVrTXyB8sv4O', '0957175662', '男', '1982-07-29', '狗貓', '銀牌', 'z1e0FdRL', NULL, '狗', '邱宜靜', '2020-05-13 12:32:12', '2020-06-12 12:32:12'),
('mem00005', '蔡彥廷', 'Leo8430@gmail.com', '$2b$10$cypAn/hCJ1VVpW242rFkBem6U6JqlZcq6HYi.Tre1ANebyP9sk5S.', '0999820127', '其他', '2001-01-16', '貓', '銅牌', 'DuIFGabv', NULL, '貓', '蔡彥廷', '2021-05-28 10:29:18', '2021-06-27 10:29:18'),
('mem00006', '高怡君', 'Jerry8168@gmail.com', '$2b$10$GQLdxziSk6lgxm6.fXGKHOQABS9g1W9tVbaBsJPwKoK406WfwNIUO', '0936179054', '女', '1981-07-02', '狗', '金牌', 'rCHK0L6B', NULL, '狗', '高怡君', '2022-08-29 00:21:52', '2022-09-28 00:21:52'),
('mem00007', '莊宜庭', 'Peter9906@gmail.com', '$2b$10$lG9lTsLY04Cku3Pf1uR1/eBFB43sihMb7Jp1BxK.5yJgQlXcBPLG2', '0941151456', '男', '1998-12-03', '其他', '金牌', 'o6TIJEMa', NULL, '貓', '莊宜庭', '2022-08-14 03:02:48', '2022-09-13 03:02:48'),
('mem00008', '郭怡婷', 'David4313@gmail.com', '$2b$10$h6cfkufGI/PdCixzd6M2i.SVPdwkHI4F4DT6lN7ylYz./jnHlknQK', '0971069971', '女', '2002-10-16', '貓', '銀牌', 'nBzERqUQ', NULL, '貓', '郭怡婷', '2022-10-03 23:36:36', '2022-11-02 23:36:36'),
('mem00009', '郭雅婷', 'Ken1865@gmail.com', '$2b$10$NuBTShlsWnArWsywNfMaiey9Wb0fPxI1CANL40fy7UVI7FtFtmGVK', '0938531184', '男', '1998-03-12', '狗貓', '銅牌', 'PtC37em5', NULL, '貓', '郭雅婷', '2023-02-09 10:59:24', '2023-03-11 10:59:24'),
('mem00010', '曾鈺婷', 'Evelyn9772@gmail.com', '$2b$10$aKf6b9fUkkmVAFS2DoNFjuJTU2l26bfZP0eOaJextDTosuCCy1mD6', '0954472886', '男', '2001-01-30', '狗', '金牌', 'FiQMPHTw', NULL, '狗', '曾鈺婷', '2023-04-19 07:01:57', '2023-05-19 07:01:57'),
('mem00011', '詹寧鄉', 'Emma4138@gmail.com', '$2b$10$tAFSBc5LIO2vIW7JnbW0DenOryFzaMbufPtAmbAfntfsHSaug0gji', '0938355602', '女', '1993-02-06', '狗', '金牌', 'o0N1IVt4', NULL, '狗', '詹寧鄉', '2023-06-09 22:27:38', '2023-07-09 22:27:38'),
('mem00012', '羅沛怡', 'Olivia3520@gmail.com', '$2b$10$aTk078yyr/xsa8duCOyfvOTMdp.8Rk6HH66Nuf6qoJ0plHesvdL1i', '0954873105', '女', '1983-05-29', '狗', '金牌', 'EHPXH8aH', NULL, '狗', '羅沛怡', '2020-04-19 12:55:02', '2020-05-19 12:55:02'),
('mem00013', '彭柏翰', 'Alex9532@gmail.com', '$2b$10$EMuSpX7et4070kACsoFZeew4JYHsnrUIre2Ati17nOZFTkgw7q3JW', '0942207617', '女', '1994-05-15', '狗', '金牌', 'BSCxM7Wt', NULL, '狗', '彭柏翰', '2021-03-12 15:14:28', '2021-04-11 15:14:28'),
('mem00014', '黃寧鄉', 'Jerry9183@gmail.com', '$2b$10$Yu4UpoFNVfIZ352R8mzkmO9BpoGZ0yFUaOJ.1U.YY16vca.M6NIwG', '0978387232', '女', '1989-07-22', '狗', '銅牌', 'twyCyTFs', NULL, '狗', '黃寧鄉', '2020-07-14 20:47:02', '2020-08-13 20:47:02'),
('mem00015', '胡承翰', 'Sophia3772@gmail.com', '$2b$10$b5lB7G6ytd4kSqCddbU5hO.iRjWvE7h41fOKcseG5EFrfdH5Ooqvu', '0952271742', '女', '1986-10-17', '其他', '金牌', '2jEzqFLh', NULL, '貓', '胡承翰', '2020-12-04 20:25:32', '2021-01-03 20:25:32'),
('mem00016', '高冠宇', 'Isabella8710@gmail.com', '$2b$10$flPvwfO/H3A8PIIBd29mKucwrhv9ce38cqIJAe1ol4ZNrUUk/xHWe', '0978643273', '其他', '1993-06-13', '貓', '金牌', 'arnitC1D', NULL, '貓', '高冠宇', '2020-11-26 23:13:20', '2020-12-26 23:13:20'),
('mem00017', '鄭寧鄉', 'Ryan1064@gmail.com', '$2b$10$U8zsgnPqxchdSkQicWvgeO1JqsZQWzVgWQh5LOcNlXgPPO.Wk.4Mm', '0962247288', '男', '1993-01-07', '狗', '金牌', '53DxT4C9', NULL, '狗', '鄭寧鄉', '2022-01-29 21:38:49', '2022-02-28 21:38:49'),
('mem00018', '陳佳穎', 'Charlotte3844@gmail.com', '$2b$10$xx02g87ETtV85KxDbvuWqOjFSCPbO.IkXge22Fk75lDnwPKrx/Zie', '0962957035', '男', '1996-06-01', '狗', '金牌', 'yr2wS6Uj', NULL, '狗', '陳佳穎', '2023-02-11 22:36:48', '2023-03-13 22:36:48'),
('mem00019', '陳家瑋', 'Ken3401@gmail.com', '$2b$10$.NsLRrKgy1QcylI0.YK3m.0qFY5xD.p3F7gYPgDDEjU9o9mDDTwRa', '0993315492', '男', '1982-08-09', '狗貓', '金牌', 'K1hUuT5D', NULL, '貓', '陳家瑋', '2021-09-19 19:52:56', '2021-10-19 19:52:56'),
('mem00020', '賴寧鄉', 'Sophia1851@gmail.com', '$2b$10$uuz3/pxtePOhSbrxc9TZ6ex/2wrkrc/1WsTifqwd1mzTrtAsnvbx6', '0952523341', '女', '1996-04-24', '貓', '銀牌', 'QnS5sUzP', NULL, '貓', '賴寧鄉', '2022-02-19 16:13:37', '2022-03-21 16:13:37'),
('mem00021', '詹怡君', 'Andy3403@gmail.com', '$2b$10$EVHsna1qnEXA6xNbWyYOLOYORXE68uRiHqtkZALLIzu406MuiShOm', '0919442396', '男', '1980-09-14', '其他', '銅牌', 'JQuxQuud', NULL, '貓', '詹怡君', '2022-03-15 19:29:46', '2022-04-14 19:29:46'),
('mem00022', '潘冠霖', 'James2861@gmail.com', '$2b$10$VKSe80/XGtIwQY0mR8yNc.0qIgppXLJjIAU3q1/fgJMduPIsVBXD6', '0960965774', '男', '1993-07-11', '貓', '銅牌', 'rxm7YEH1', NULL, '貓', '潘冠霖', '2022-10-01 06:13:46', '2022-10-31 06:13:46'),
('mem00023', '詹佳穎', 'Ryan3164@gmail.com', '$2b$10$Q.nc4q5wGJ6BEWD0lLWQa.ICKueo1t.oQOPlBf914bDABAvQlG1oy', '0977993509', '女', '1985-01-16', '其他', '銀牌', 'ZvZJdY0k', NULL, '貓', '詹佳穎', '2020-08-29 00:04:21', '2020-09-28 00:04:21'),
('mem00024', '徐宜靜', 'Allen3692@gmail.com', '$2b$10$Ge.6/TcCdnct/z4pGp/LtujEax.PRtuNpFZwxOXdHwfgFcUz72vai', '0975612815', '其他', '2001-02-15', '其他', '銅牌', 'JE0k9nxK', NULL, '狗', '徐宜靜', '2022-08-19 14:09:53', '2022-09-18 14:09:53'),
('mem00025', '葉怡君', 'Jack8944@gmail.com', '$2b$10$UmOZPWt6rEnMaDKl15SiN.OzKmh2AByHrTSERVwSAWGFeV9szW1NO', '0957218811', '女', '1991-11-30', '其他', '銀牌', 'TpTkcR0D', NULL, '貓', '葉怡君', '2020-03-07 03:49:06', '2020-04-06 03:49:06'),
('mem00026', '施雅婷', 'Olivia1566@gmail.com', '$2b$10$aZXwh2NBRFzod5AyZtm/r.IA7RbpgkVRVRmxAkIgq22Ws4CncEkxm', '0917348219', '其他', '1982-10-22', '狗貓', '銅牌', 'PFZdz07A', NULL, '貓', '施雅婷', '2023-02-02 07:13:39', '2023-03-04 07:13:39'),
('mem00027', '陳詩涵', 'Steven6750@gmail.com', '$2b$10$uoYnPZEaIaLEPPBOIv/y7u34Nd/KNOtwB78g3uS49K762OYE2VWEy', '0956016049', '女', '1980-01-02', '貓', '銀牌', 'tFvAErT5', NULL, '貓', '陳詩涵', '2022-09-13 22:23:42', '2022-10-13 22:23:42'),
('mem00028', '彭詩涵', 'Jack5463@gmail.com', '$2b$10$yk2Cjc14MITYkd/eMDrZvOYcabAqXqSqoVkyyOKwBLZqTpmeThhY6', '0998277472', '女', '1996-06-04', '狗貓', '銀牌', 'pnrMaovB', NULL, '貓', '彭詩涵', '2022-08-13 15:16:59', '2022-09-12 15:16:59'),
('mem00029', '邱怡萱', 'Leo9869@gmail.com', '$2b$10$9hn7ZIrMj8p7v40gqGcYU.F44hAykABST.WB/h6.VWrsOkZgcn8HW', '0975959648', '男', '1997-05-06', '狗', '銅牌', 'IHGYJr8y', NULL, '狗', '邱怡萱', '2022-01-09 02:29:34', '2022-02-08 02:29:34'),
('mem00030', '江家豪', 'Charlotte2546@gmail.com', '$2b$10$asiL3J6lW5FNkyIVXZAYqeKyt.s0Nlujf6K0sPGsXSe.nhBHuKJZ2', '0918331477', '其他', '1980-10-09', '狗貓', '金牌', 'eBDXnTnZ', NULL, '貓', '江家豪', '2022-03-11 02:00:36', '2022-04-10 02:00:36'),
('mem00031', '徐冠宇', 'Emma8710@gmail.com', '$2b$10$z2a/lW5iyJUfw3w0wbSBqu5JBjc6g79gi2mW3m0nL7V.YdX5zMGay', '0951413555', '男', '2001-10-08', '貓', '金牌', 'G6e5fq3A', NULL, '貓', '徐冠宇', '2021-03-02 22:49:20', '2021-04-01 22:49:20'),
('mem00032', '李書儀', 'Alex1845@gmail.com', '$2b$10$K6L0sw/6lJDMQUx1EJgJrOhj1mIaSecjdVGywDf9Gnh/f39spay7q', '0919265510', '男', '1991-05-09', '狗', '銅牌', '3Bk3bZDN', NULL, '狗', '李書儀', '2022-04-18 19:58:08', '2022-05-18 19:58:08'),
('mem00033', '邱宗翰', 'Ava5339@gmail.com', '$2b$10$PzcBd35cwLxDz1GFcJ4DfOfuP3sQxNyCKVN25XhjLZuN9f9O/kp4O', '0999094737', '其他', '1995-06-13', '貓', '金牌', 'SuoYGoQ4', NULL, '貓', '邱宗翰', '2021-06-25 10:53:46', '2021-07-25 10:53:46'),
('mem00034', '蕭寧鄉', 'Charlotte5851@gmail.com', '$2b$10$Ar8Fh133Muw8n5HR8AaDhev5oKfw/SUbDqCstQ.eMrg/dvhJ1TmAm', '0961606266', '女', '1981-06-19', '狗貓', '金牌', 'goxD4iW6', NULL, '狗', '蕭寧鄉', '2022-11-27 10:20:42', '2022-12-27 10:20:42'),
('mem00035', '邱宇軒', 'Ryan8767@gmail.com', '$2b$10$tnTeLQguiz1XCj20mI/snu88H8Yaft8KhF1T8HZB1frUOzz8UfOV2', '0965059280', '其他', '1985-09-13', '狗', '金牌', 'l3nnE3Go', NULL, '狗', '邱宇軒', '2020-05-20 14:37:40', '2020-06-19 14:37:40'),
('mem00036', '張雅婷', 'Ken3860@gmail.com', '$2b$10$AW07ySUv1ArYoXNinUbgZ.e4DrvJm7qK8PZfu2GXLP86.CpeXaN.W', '0915605304', '女', '1999-05-11', '貓', '銀牌', '6doV0GUx', NULL, '貓', '張雅婷', '2022-10-31 23:45:33', '2022-11-30 23:45:33'),
('mem00037', '羅詩涵', 'Steven8141@gmail.com', '$2b$10$.jfzuGW/fOrZijVy3NgeYOeWzDkG5qxIL087m140JQN1JIXDuJKaW', '0984850427', '其他', '1992-04-21', '狗貓', '銅牌', 'hhsvidPP', NULL, '狗', '羅詩涵', '2022-08-30 23:54:20', '2022-09-29 23:54:20'),
('mem00038', '何彥廷', 'Chris3463@gmail.com', '$2b$10$lvA2nUIbdOzpW8FfXQDkZ.4f8Ct8nAZMwYi.aq4P80KPxOSX6QDwK', '0990065600', '其他', '2002-08-28', '狗', '銅牌', 'rX184ZSL', NULL, '狗', '何彥廷', '2020-03-19 09:30:43', '2020-04-18 09:30:43'),
('mem00039', '葉怡萱', 'Sam8434@gmail.com', '$2b$10$mLQsrL64Jcb9OCdqef7I0O1ecjjFekEcrjSNb2dIcmdAhLsqqqUzm', '0912631930', '男', '1994-06-04', '狗貓', '銅牌', 'Knyxjt4w', NULL, '貓', '葉怡萱', '2022-04-10 02:50:08', '2022-05-10 02:50:08'),
('mem00040', '邱郁婷', 'David2102@gmail.com', '$2b$10$FKZ1SLXq/uXkfPqmYigeqOWzpomyVzP/7lV3vzbTYuFFG76ZSOgSa', '0986792243', '其他', '1982-02-22', '其他', '金牌', 'UT9BEpfY', NULL, '狗', '邱郁婷', '2020-05-18 23:39:25', '2020-06-17 23:39:25'),
('mem00041', '吳怡君', 'Luna2882@gmail.com', '$2b$10$Hb8vV.oDWnBSLaSkMV31g.grC9GJJi6lqH77vr7hHf1IbmkB8oJS6', '0994736446', '其他', '2002-07-27', '其他', '金牌', 'p1wCnX5Y', NULL, '狗', '吳怡君', '2020-06-04 02:58:03', '2020-07-04 02:58:03'),
('mem00042', '楊柏翰', 'Emma7511@gmail.com', '$2b$10$iUxQ7AkfbpjTJYNPOTf.5eTMUWmYK/mwm1uvn4.Q1f4LkJFO57VOm', '0984833423', '女', '1988-01-25', '其他', '銅牌', 'c2mBm3yp', NULL, '貓', '楊柏翰', '2023-04-23 00:58:02', '2023-05-23 00:58:02'),
('mem00043', '徐怡萱', 'Ava6438@gmail.com', '$2b$10$ifzUVwPSJ4u5j6iF6XBaGOTYerVB5/qwoiDo7wdDOsV.d6wQvJ1Pa', '0995190193', '男', '2002-03-09', '狗', '銀牌', 'LBWfdsV8', NULL, '狗', '徐怡萱', '2022-04-06 12:12:58', '2022-05-06 12:12:58'),
('mem00044', '王宗翰', 'Jason5540@gmail.com', '$2b$10$FQo3WZOpOIT3I/bMYUZGFOjDRphE3Bn6X6z3oMUUFFn5xqD207276', '0918801997', '其他', '1999-04-07', '貓', '銀牌', 'mldPW57Q', NULL, '貓', '王宗翰', '2021-12-18 07:00:42', '2022-01-17 07:00:42'),
('mem00045', '胡冠廷', 'Alex4491@gmail.com', '$2b$10$ioMiPQ301P.H0uce.5XRFe04B6UpbCJpDfhPfVGkF3E9RsGwgUErG', '0975927140', '男', '1999-02-15', '狗貓', '金牌', 'mwnVsgbr', NULL, '貓', '胡冠廷', '2021-12-28 10:33:07', '2022-01-27 10:33:07'),
('mem00046', '郭怡婷', 'Ken8254@gmail.com', '$2b$10$1vtx5V15VK9I8JFe0RSkyO33KBO5uNauyqZpE7270rHE6Us9Zj6i.', '0992481696', '其他', '1980-11-26', '貓', '銀牌', 'Wh1f998W', NULL, '貓', '郭怡婷', '2021-06-22 00:38:52', '2021-07-22 00:38:52'),
('mem00047', '吳彥廷', 'Charlotte9940@gmail.com', '$2b$10$jFI2YC9Ii2FCeTc0O4vUsOAES0wbfgFhWGD8eyJAeIMmiOxn6iF4G', '0992774264', '女', '1987-03-18', '其他', '金牌', 'gzRyTPFs', NULL, '貓', '吳彥廷', '2020-01-12 08:46:21', '2020-02-11 08:46:21'),
('mem00048', '簡怡婷', 'Olivia8821@gmail.com', '$2b$10$kFsLkVQPIzcGBQJAtRGKOePRV6jEkLTWFRBuB22MqhmuxkKG0bBI2', '0992693325', '男', '1985-02-04', '其他', '銀牌', 'cF4Ngf21', NULL, '貓', '簡怡婷', '2022-09-28 03:06:09', '2022-10-28 03:06:09'),
('mem00049', '曾冠宇', 'Sam8634@gmail.com', '$2b$10$CSGesagTrz/N3chOakCD3emZa08jsp3QissWq4bLLfuhugEHLNGay', '0953657047', '女', '2000-08-10', '其他', '金牌', 'jyzbsBUx', NULL, '狗', '曾冠宇', '2022-11-04 05:06:11', '2022-12-04 05:06:11'),
('mem00050', '莊柏翰', 'Jason5564@gmail.com', '$2b$10$axVcRJzoj9ENfJmGO0IzreInEzPA0l3NV1d38tIN5hd0S7RqXTV8W', '0950865277', '其他', '1989-10-16', '貓', '銅牌', 'Ty2ZZBMA', NULL, '貓', '莊柏翰', '2023-01-27 20:39:06', '2023-02-26 20:39:06'),
('mem00051', '蘇宜庭', 'James8313@gmail.com', '$2b$10$nrsuOOZ.k172p33rWpssWuiRM9U/H7tfIDyQ5vstrGZg8ldyMZw0y', '0924193519', '其他', '2000-05-20', '狗', '銅牌', 'vkXMhn6U', NULL, '狗', '蘇宜庭', '2021-11-04 09:12:28', '2021-12-04 09:12:28'),
('mem00052', '鄭宜靜', 'Jack6851@gmail.com', '$2b$10$EmNIZM5Ykl9/tBNZ0Tz2E.xgouVHP.Y0IJRbpIAEn5CjQaEdL3swq', '0978172366', '男', '2001-05-20', '貓', '金牌', 'KEMIQpZD', NULL, '貓', '鄭宜靜', '2022-08-02 08:53:09', '2022-09-01 08:53:09'),
('mem00053', '彭雅筑', 'Andy5011@gmail.com', '$2b$10$9gTr5jGcrvJvpy37iH9frejhxaIhwxKbMllJVPaTAo9GfEsyar/NK', '0915492823', '女', '1980-09-01', '狗貓', '銅牌', 'UnN5GF2Q', NULL, '狗', '彭雅筑', '2022-08-09 21:51:02', '2022-09-08 21:51:02'),
('mem00054', '沈沛怡', 'Sam2782@gmail.com', '$2b$10$AylGR7eyTfocjcFtU5SS1.zvNdgpQnJkDnozpSlpGo0BDhEgbIiu2', '0927371212', '其他', '1983-04-01', '狗', '銀牌', '8kQQjQt1', NULL, '狗', '沈沛怡', '2021-09-30 02:15:43', '2021-10-30 02:15:43'),
('mem00055', '莊彥廷', 'Andy9537@gmail.com', '$2b$10$9ZiLZTyH.19lEdFwZqS3L.DyRtCINHgDDkmpEFhczgMvicUwgsp7K', '0996631362', '其他', '1984-04-08', '其他', '銅牌', 'XUPRwyl6', NULL, '狗', '莊彥廷', '2021-07-15 19:30:47', '2021-08-14 19:30:47'),
('mem00056', '賴承翰', 'Allen6093@gmail.com', '$2b$10$/MpZHpg3nfdBGmTojBAD7u4vwjzy.Pz6mNvghJxlEp8Np4RVizbrW', '0964889898', '女', '1999-04-08', '貓', '金牌', '61bIhGT8', NULL, '貓', '賴承翰', '2022-12-08 14:12:02', '2023-01-07 14:12:02'),
('mem00057', '蘇宜零', 'Daniel6716@gmail.com', '$2b$10$n21CaXDDJO2ujm/NcRC/ROJBWHe1VSE/TNhpsmR/zXb/z3e9kkxrS', '0926412309', '男', '1985-03-24', '狗貓', '金牌', 'oOvVfwPj', NULL, '貓', '蘇宜零', '2021-04-30 14:20:48', '2021-05-30 14:20:48'),
('mem00058', '羅佳穎', 'David7373@gmail.com', '$2b$10$yZCWrNbA3LTGeadmxUVueuxtUuHB5i9/qoZj0lHpuD/BJbLlkK3GW', '0983327469', '男', '1992-04-05', '狗', '銀牌', 'G4hpiXPB', NULL, '狗', '羅佳穎', '2021-01-05 11:03:07', '2021-02-04 11:03:07'),
('mem00059', '劉怡君', 'Tony1594@gmail.com', '$2b$10$nokjrpLUyPr4EBfUHFW2gutJ2CkRu9DaKMKy5v2N4o0eZBHzFCPPC', '0977490513', '其他', '1983-01-23', '貓', '金牌', 'ZGI1mry7', NULL, '貓', '劉怡君', '2021-03-31 22:46:41', '2021-04-30 22:46:41'),
('mem00060', '曾冠廷', 'Daniel9389@gmail.com', '$2b$10$rZgiY7J/muSxn4uYza4Uw.yt6NUjilD0KXt96ucz0NdezsQHOmtAK', '0915520128', '男', '1982-08-05', '貓', '金牌', 'Hp4HekYA', NULL, '貓', '曾冠廷', '2022-12-02 17:30:44', '2023-01-01 17:30:44'),
('mem00061', '施冠廷', 'Steven1925@gmail.com', '$2b$10$CrRXBaBB3D4x76v2SaSe3.HBcMofdFO0wn5lykDHRPjLFXmd5nT4i', '0978551901', '女', '1992-10-21', '其他', '銀牌', 'Isb7kBCQ', NULL, '貓', '施冠廷', '2020-12-04 13:34:25', '2021-01-03 13:34:25'),
('mem00062', '胡怡萱', 'Jason4636@gmail.com', '$2b$10$kqt9blneEpHXqUDP6j2oXOwADPZObpKV8OwbJO/JZJkAJBv0e60Li', '0945278880', '男', '1980-07-06', '狗', '銅牌', 'NszDIBli', NULL, '狗', '胡怡萱', '2021-04-15 20:38:59', '2021-05-15 20:38:59'),
('mem00063', '洪雅婷', 'Jack2238@gmail.com', '$2b$10$6iriS1LSpr9i9Fy63MPOJODc7s6o2SUY92UqYWmUloaNb2GJw2Uua', '0983696629', '其他', '1996-01-11', '狗貓', '銀牌', 'q98YeKrg', NULL, '狗', '洪雅婷', '2022-09-16 14:36:52', '2022-10-16 14:36:52'),
('mem00064', '呂宗翰', 'Daniel3191@gmail.com', '$2b$10$Sw0UXfY0oRu0dpl9zkIEMOxYVZdvEz4wk5qICDX/Wq39DBFt1Sy7e', '0960667132', '男', '1989-09-28', '狗貓', '銀牌', 'lGhpbEbX', NULL, '狗', '呂宗翰', '2021-01-30 23:08:36', '2021-03-01 23:08:36'),
('mem00065', '詹宇軒', 'Sam5750@gmail.com', '$2b$10$xwH5tUtoc51W5RmnRbDcpOmVfIS.mfymjeKWci0sw0hIz2QW5hs/O', '0957413058', '女', '1998-10-20', '狗', '銀牌', 'kkAB1l3w', NULL, '狗', '詹宇軒', '2020-11-27 18:45:11', '2020-12-27 18:45:11'),
('mem00066', '呂冠廷', 'Alex7294@gmail.com', '$2b$10$/7hi5U6OedcNPwd5bG/1Luwj8uotw6uttu0Dxje3JIoJBDHpiMYL2', '0947010685', '其他', '1986-09-22', '狗', '銀牌', 'IhdFwkQv', NULL, '狗', '呂冠廷', '2020-04-06 06:28:54', '2020-05-06 06:28:54'),
('mem00067', '莊怡婷', 'Tony2099@gmail.com', '$2b$10$numvA2fNOukfQVXddclLFO2Ma7VKZ7/9F/XychGFzW82qAE2YqMS2', '0933731672', '其他', '1989-12-28', '狗', '銀牌', 'ErbKPQ1A', NULL, '狗', '莊怡婷', '2023-05-30 04:09:02', '2023-06-29 04:09:02'),
('mem00068', '吳彥廷', 'Charlotte3197@gmail.com', '$2b$10$RYuxTnmGcyCrf6gtonXhr.Q3higTRano742AOUnFcG7B6tRtZTsn2', '0985312827', '女', '1990-09-03', '貓', '銅牌', 'YX7AfIH6', NULL, '貓', '吳彥廷', '2022-12-29 01:25:54', '2023-01-28 01:25:54'),
('mem00069', '蕭宗翰', 'Vincent6023@gmail.com', '$2b$10$p5/vjo1LkuW.S1qDHABgau2EasRCofdQsb4i1/mpyAHu0Tn3UEWYa', '0947294986', '其他', '2001-03-06', '貓', '銅牌', 'I0jctYAH', NULL, '貓', '蕭宗翰', '2022-07-21 21:18:53', '2022-08-20 21:18:53'),
('mem00070', '游寧鄉', 'Jack3293@gmail.com', '$2b$10$cHrjEFrszjDkPSxvdTlGsOcyOd/C9/vuyy/S35dAt7nnXkSnMcoaS', '0994887709', '男', '1998-03-01', '狗貓', '銀牌', 'n1ATZWKp', NULL, '貓', '游寧鄉', '2022-02-01 02:05:08', '2022-03-03 02:05:08'),
('mem00071', '徐宜零', 'Leo5701@gmail.com', '$2b$10$NtI4ueLjWOofiziRHNq8gu6MCy9VbnmHsbTR12h3RVAbAmcc.lR4q', '0945694037', '其他', '1981-03-20', '狗貓', '銅牌', 'CAIXDehb', NULL, '貓', '徐宜零', '2020-05-30 05:05:58', '2020-06-29 05:05:58'),
('mem00072', '呂詩涵', 'David5732@gmail.com', '$2b$10$rtLSzcLnDpZ/jV9kbQcstesY4OLBFDLQ4SFoNes0bnJMRZzY/421m', '0919946548', '男', '1995-06-18', '其他', '金牌', 'NIr1GJl5', NULL, '貓', '呂詩涵', '2021-08-01 05:05:40', '2021-08-31 05:05:40'),
('mem00073', '潘冠廷', 'Steven9996@gmail.com', '$2b$10$Y3vI9gDvflp9NoRXb1M3TuZ.Zt/gFp23UbTknDTYexPvcH6ybHKWe', '0967831610', '女', '1996-05-17', '狗', '金牌', 'ae4fd8xk', NULL, '狗', '潘冠廷', '2021-04-10 23:16:01', '2021-05-10 23:16:01'),
('mem00074', '楊宜靜', 'Mia6218@gmail.com', '$2b$10$FrkE8VXy1WIZbiixOxSzxuVwwdkfcboRHIDCTsdkSoHzjSJGfdBVO', '0940880628', '女', '1993-02-24', '貓', '金牌', 'XoQBZjwz', NULL, '貓', '楊宜靜', '2022-10-03 09:01:14', '2022-11-02 09:01:14'),
('mem00075', '蕭寧鄉', 'Mia1621@gmail.com', '$2b$10$fHlzSRKSvihnO907XL5zGuVoyc/XxYU59gx9DWVnpoJlD1nUN07se', '0947079904', '女', '1994-12-22', '貓', '銅牌', 'xPiB8gvp', NULL, '貓', '蕭寧鄉', '2020-01-30 01:02:36', '2020-02-29 01:02:36'),
('mem00076', '蕭宗翰', 'Andy1231@gmail.com', '$2b$10$rrwiHHsM6r0FqkJBUrNx8.oaxMWN6ZZLaj19UcJOiEnan8nSezaku', '0975453458', '女', '1986-05-29', '其他', '銅牌', '4rdUEY2W', NULL, '貓', '蕭宗翰', '2020-07-26 18:33:08', '2020-08-25 18:33:08'),
('mem00077', '蘇冠霖', 'Jack7668@gmail.com', '$2b$10$hwBEPMc0ZAKdwusLPyEEfeHaD6D8MZWPKKJg0TMwXEZGk8aNqNIVi', '0994633457', '女', '1981-08-13', '狗', '銅牌', 'eadn2vSc', NULL, '狗', '蘇冠霖', '2021-11-04 08:25:00', '2021-12-04 08:25:00'),
('mem00078', '鄭鈺婷', 'Jason6827@gmail.com', '$2b$10$QSowKYIJM1RGYQrf8sJqx.75d8xyF8sMjYLlDy2EHxVts5GAP5jYK', '0978740955', '男', '1983-07-18', '貓', '金牌', 'Px7HmiPk', NULL, '貓', '鄭鈺婷', '2022-09-11 00:23:08', '2022-10-11 00:23:08'),
('mem00079', '洪寧鄉', 'Emma9696@gmail.com', '$2b$10$V/Ey4Ql2CiUQ3WKwuriQtO7qQrniZI/lAHl4uyaxumasz72cr.G5y', '0995586410', '女', '1990-04-10', '狗', '銅牌', '4BXPrL8x', NULL, '狗', '洪寧鄉', '2021-09-11 22:22:41', '2021-10-11 22:22:41'),
('mem00080', '楊雅筑', 'Mia8234@gmail.com', '$2b$10$ZGzjBinrGiRhj77yCAu/4uEM/sPV5/BwN0wWsfuo74WPwr1eOomLm', '0989641316', '男', '1986-02-22', '狗', '銅牌', 'IZsfqgDm', NULL, '狗', '楊雅筑', '2020-05-22 16:14:43', '2020-06-21 16:14:43'),
('mem00081', '陳家瑋', 'Ava2475@gmail.com', '$2b$10$lZ9CJxaDxaO.PyvkcVYwDuw8bnTHfqh2x9UZ1Sjr2qOc8mmh4ROye', '0983837234', '男', '1987-11-21', '貓', '金牌', 'QsXThMgj', NULL, '貓', '陳家瑋', '2022-05-27 12:11:51', '2022-06-26 12:11:51'),
('mem00082', '蕭季庭', 'Evelyn3400@gmail.com', '$2b$10$tvsoT7I.81p8SxdbjQikoO73ZSj5.ju5eOBuw5vWazNdda1brU9Zi', '0937657780', '男', '1998-08-15', '狗貓', '金牌', '7pictY9P', NULL, '狗', '蕭季庭', '2021-07-14 04:00:11', '2021-08-13 04:00:11'),
('mem00083', '蘇鈺婷', 'Luna8687@gmail.com', '$2b$10$d9NfFtKIhZFC9jPY2oD0k.ZAUb5uxxudaho3IMX/GlhqSM0mo/4si', '0983804220', '男', '1987-03-02', '貓', '金牌', 'u4u1sp7o', NULL, '貓', '蘇鈺婷', '2023-06-01 00:56:57', '2023-07-01 00:56:57'),
('mem00084', '曾怡婷', 'Sam9192@gmail.com', '$2b$10$Jnd.Pevm407GXu/E193hL.IPXO/CY91GlVUPuTruC2peK4o0cAxIu', '0947561771', '其他', '1989-02-24', '狗', '銅牌', 'CeFPPNT4', NULL, '狗', '曾怡婷', '2021-12-15 21:48:04', '2022-01-14 21:48:04'),
('mem00085', '鄭柏翰', 'Alex2841@gmail.com', '$2b$10$pGjg5T.BWlHlzb8O5l8X4.JMkYimdqBt7l16zNUW80sWAoKNIEsw6', '0923964355', '男', '1998-04-26', '狗貓', '銅牌', 'cQwzkibg', NULL, '貓', '鄭柏翰', '2021-05-13 16:59:38', '2021-06-12 16:59:38'),
('mem00086', '王郁婷', 'Chris3563@gmail.com', '$2b$10$00RfKl6LrweAo8kM0wiWkemt8llHw4E4uCYsepdHBCtFjKurCV3.2', '0953140427', '其他', '1997-01-07', '貓', '銀牌', 'QCaNQgUf', NULL, '貓', '王郁婷', '2021-01-25 20:26:16', '2021-02-24 20:26:16'),
('mem00087', '曾宇軒', 'Evelyn8127@gmail.com', '$2b$10$mA4wcspfmUgZq5O2rcFBL.pLi10ElwgzAh6izIcV3do2FnChUl2A2', '0985845306', '女', '1990-08-19', '其他', '銀牌', 'GayIfkUe', NULL, '狗', '曾宇軒', '2022-08-27 18:09:43', '2022-09-26 18:09:43'),
('mem00088', '胡書儀', 'Sophia3781@gmail.com', '$2b$10$r7m2Yb9Ue4c8rIlIY6zT1.WmrTGkt6FqgqLirf7uSOvBsDwkU1N5.', '0924642218', '男', '1987-04-11', '其他', '銅牌', 'kEEw4ucs', NULL, '狗', '胡書儀', '2020-08-17 22:58:00', '2020-09-16 22:58:00'),
('mem00089', '劉宗翰', 'Ava1105@gmail.com', '$2b$10$AihuZDQ4/5PQ1B1TY8/lhOg/vMJWLf8grcGXPGh7ZfDPMMKxoxwaO', '0923376291', '男', '1982-07-05', '狗貓', '銅牌', 'k44ivADT', NULL, '貓', '劉宗翰', '2021-02-28 03:48:33', '2021-03-30 03:48:33'),
('mem00090', '施家瑋', 'Charlotte3855@gmail.com', '$2b$10$axBrw7Obf2c4.Icz3H27w.vBWkbUylUIkTev1O.QdKQ..1MenYFGm', '0916834327', '女', '1998-06-16', '其他', '金牌', 'uWXZizQI', NULL, '狗', '施家瑋', '2022-05-12 19:06:06', '2022-06-11 19:06:06'),
('mem00091', '周家豪', 'Evelyn7763@gmail.com', '$2b$10$r83CWAVHanMWoU94RSW5LucAfDpmlJSVjGSkwlaaGQNexid42cTq2', '0926015170', '男', '1991-01-06', '其他', '銅牌', 'bTFDg6F3', NULL, '狗', '周家豪', '2022-08-27 20:41:46', '2022-09-26 20:41:46'),
('mem00092', '鄭怡萱', 'Jerry4661@gmail.com', '$2b$10$VtQrqGzGUIyAZjNYMmY.Q.oawCnDfKZwUm/0.B5cln9ZuMsYBSfxa', '0964614386', '男', '1993-03-08', '其他', '金牌', 'eV8U6hwf', NULL, '狗', '鄭怡萱', '2020-06-08 10:25:52', '2020-07-08 10:25:52'),
('mem00093', '楊怡萱', 'Mia1454@gmail.com', '$2b$10$jH3JpPJFn8K04QQNVoVFJOe4qjeBLqeSP7231POgLaKdmZNeH0ssq', '0922280738', '女', '1988-01-27', '狗', '金牌', 'KNsJNjt0', NULL, '狗', '楊怡萱', '2022-07-23 06:55:46', '2022-08-22 06:55:46'),
('mem00094', '簡宜庭', 'Ryan6878@gmail.com', '$2b$10$36LXWzxt9tD4Xt7QEl3Bn.M3MXxxErJsPoTKe7ml6Z/h6BG1hjPfS', '0948148648', '男', '1995-09-17', '狗貓', '銀牌', 'qcF3eRcc', NULL, '貓', '簡宜庭', '2021-12-28 07:15:16', '2022-01-27 07:15:16'),
('mem00095', '郭郁婷', 'Andy2425@gmail.com', '$2b$10$55SX5pAOABRutLpKUyYhKuFb.4W5CvCWDg.p1ERK6VUW.Yx0AUA1S', '0954821462', '其他', '1993-01-10', '其他', '銅牌', 'ck6Uvav4', NULL, '貓', '郭郁婷', '2020-12-10 14:26:04', '2021-01-09 14:26:04'),
('mem00096', '江怡君', 'David2088@gmail.com', '$2b$10$2pbPV.t6er7bb.EsBdt3GeB2i3LWlP2RB8wKEq2L/Ab77zPstUZoe', '0998393485', '女', '1998-01-19', '狗', '金牌', 'dKdsUOsx', NULL, '狗', '江怡君', '2021-03-11 23:20:16', '2021-04-10 23:20:16'),
('mem00097', '廖冠霖', 'Jerry7914@gmail.com', '$2b$10$c3jjB.3wARyrYjQd7qtMiejgW0vCKSk1FrfsunN45t9ZGWG0Ojy3.', '0950377314', '其他', '1999-02-25', '其他', '銀牌', 'bc3o4PWP', NULL, '狗', '廖冠霖', '2021-02-14 10:56:00', '2021-03-16 10:56:00'),
('mem00098', '江郁婷', 'Emma5114@gmail.com', '$2b$10$rHKEpfSrZZl2Tri2/hZJ/O4YmIbL5PNkLi/yg8jzKigKmc.jYLfV6', '0994568893', '其他', '1989-03-05', '貓', '銅牌', 'Bn0OEuEJ', NULL, '貓', '江郁婷', '2022-09-25 21:08:01', '2022-10-25 21:08:01'),
('mem00099', '廖雅婷', 'Andy6181@gmail.com', '$2b$10$P9il8FbTjEzJU0mEMkx/.uLpE3onZTmC76gAJnTw4B3K5XustRjQW', '0919344556', '其他', '1983-11-30', '狗', '銅牌', 'YQii8zIz', NULL, '狗', '廖雅婷', '2021-08-07 08:15:29', '2021-09-06 08:15:29'),
('mem00100', '林家瑋', 'Daniel8034@gmail.com', '$2b$10$iZ.9vnRvfT2/gJJ9JUbAiuGvrmZeBiiGzzhzmsnsGhVFyFyN6RZy6', '0931326387', '其他', '1992-09-08', '狗貓', '銅牌', 'wBNTLRia', NULL, '貓', '林家瑋', '2022-06-19 11:23:42', '2022-07-19 11:23:42'),
('mem00101', '陳怡婷', 'Luna1369@gmail.com', '$2b$10$BR.QqsMRsyCQ7pH6eX.1Le24Y/v.zBT3Dmh3ydXkUxR7wzvB3Jb3y', '0977319694', '男', '1989-08-07', '貓', '銀牌', 'Q6Fy3VkG', NULL, '貓', '陳怡婷', '2020-02-24 22:11:51', '2020-03-25 22:11:51'),
('mem00102', '賴郁婷', 'Amelia5314@gmail.com', '$2b$10$kTrudBKMMChX/MInjrvGGOfCJoJtAW.w0QSd77/q3MEwA4WB6aHQS', '0995449667', '其他', '1993-09-06', '狗', '銀牌', 'GHeVROPz', NULL, '狗', '賴郁婷', '2021-02-17 06:10:29', '2021-03-19 06:10:29'),
('mem00103', '張怡婷', 'Tony7289@gmail.com', '$2b$10$wdSgOHWt5LtjP6Gjdri2sedOKei5GeLwOZnH9dKVDPS96WucIfYhO', '0982996951', '其他', '1993-02-16', '貓', '銅牌', 'MqR1dNZ6', NULL, '貓', '張怡婷', '2022-06-08 13:29:09', '2022-07-08 13:29:09'),
('mem00104', '黃佳穎', 'David2761@gmail.com', '$2b$10$fFnc5p.pas/JW/h7YrbyP.6K65H.0TefV0nB22FXvkOP4FoKXdtCi', '0957116903', '男', '1980-08-22', '其他', '金牌', 'M3QrMP2a', NULL, '狗', '黃佳穎', '2020-02-21 05:49:20', '2020-03-22 05:49:20'),
('mem00105', '徐沛怡', 'Eric2739@gmail.com', '$2b$10$yRMGUq9kGI208Duu8r90TukmM/D6vPXz9xKHDbTaTLukMpk/hoS5K', '0917145278', '女', '1997-03-08', '狗', '銅牌', 'cEq7YmmZ', NULL, '狗', '徐沛怡', '2023-06-12 12:01:57', '2023-07-12 12:01:57'),
('mem00106', '高鈺婷', 'Jason3160@gmail.com', '$2b$10$ojWFQOO3FbjwVO6lM7E5OOPRuZQqO65Zjn2c7jwnemygIt.D9J1aC', '0974879519', '其他', '1999-01-19', '狗', '銀牌', 'jwH0kH5P', NULL, '狗', '高鈺婷', '2020-05-01 00:43:14', '2020-05-31 00:43:14'),
('mem00107', '沈沛怡', 'Amelia3990@gmail.com', '$2b$10$puVEexk3Yxo.LCsDeYBCeuDUrwdoL87y0c2HIIHKYix3zVwu6Z/Qi', '0999606856', '其他', '1990-02-15', '貓', '銅牌', 'dkEE7Bmy', NULL, '貓', '沈沛怡', '2021-11-25 23:27:01', '2021-12-25 23:27:01'),
('mem00108', '徐冠霖', 'Evelyn8529@gmail.com', '$2b$10$dWKgJLA2Yk9L/Ji95yXKNuMd3wTjb0sn9ympe31r4.ycwHA1ODVce', '0997268628', '男', '1984-07-28', '狗貓', '金牌', 'WbGIejyr', NULL, '狗', '徐冠霖', '2021-03-05 01:08:36', '2021-04-04 01:08:36'),
('mem00109', '郭鈺婷', 'Daniel1521@gmail.com', '$2b$10$NBkQHBdIn8EoSbHspo87QuTB5irLA5QGsb13O1.8qoTqx2KmJYlfW', '0975640221', '其他', '1983-03-03', '貓', '金牌', 'XmgUBzxl', NULL, '貓', '郭鈺婷', '2020-01-19 06:59:13', '2020-02-18 06:59:13'),
('mem00110', '游家豪', 'David7904@gmail.com', '$2b$10$z30EoIjSUJDW2G6dlIx6vuBTmB3KFODbBTyBD/cviErDHqPKKAVim', '0962370262', '其他', '1982-03-01', '狗貓', '銅牌', '8BHag8YO', NULL, '貓', '游家豪', '2021-04-03 04:15:09', '2021-05-03 04:15:09'),
('mem00111', '張沛怡', 'Ava8653@gmail.com', '$2b$10$dWqwwpVKFwu1XXdIjPdNTeoZyRUWzq8H55kz4ml85A2Y1HHk81Y7y', '0933687837', '其他', '1991-08-28', '貓', '銀牌', '4vyb0XfI', NULL, '貓', '張沛怡', '2023-06-03 02:21:44', '2023-07-03 02:21:44'),
('mem00112', '呂鈺婷', 'Allen2149@gmail.com', '$2b$10$DDJ/L2MF3pfo7LRKuQdSZu1Y4F4cnJsBScYH1yezEiiBGlT.zKEJS', '0952655095', '男', '1986-07-02', '狗', '銀牌', 'PMgNFODy', NULL, '狗', '呂鈺婷', '2020-05-05 21:32:37', '2020-06-04 21:32:37'),
('mem00113', '曾宜零', 'Vincent6363@gmail.com', '$2b$10$tSnpUmAbDVLsm/815rCNSuSpibmMSquePE5ups7N0al7mYpKAwu8O', '0938186450', '女', '1982-03-20', '貓', '銀牌', 'egwaQTq8', NULL, '貓', '曾宜零', '2020-01-16 06:29:57', '2020-02-15 06:29:57'),
('mem00114', '曾宜庭', 'Ava2324@gmail.com', '$2b$10$1SsL6QiaiMwANcWet29b8e9WBKSojQPYDdMGW9azcjcB.Cq3dDX3m', '0981829954', '男', '2002-08-28', '狗', '銅牌', '9zYbbejD', NULL, '狗', '曾宜庭', '2023-04-06 01:32:03', '2023-05-06 01:32:03'),
('mem00115', '廖冠廷', 'Ryan6786@gmail.com', '$2b$10$I00eK8LqZv8RMjzOMOiL8urEbpYfLboFWL1hoUoajzxYq1QTWzchi', '0969253631', '女', '1982-12-07', '貓', '銀牌', '4gop5oyj', NULL, '貓', '廖冠廷', '2023-03-10 07:11:01', '2023-04-09 07:11:01'),
('mem00116', '黃宇軒', 'Vincent7067@gmail.com', '$2b$10$In1vcLoH6PwcoX5T8/Wqd.7shrBAqeh3hGZAvrXo4d3V9SdxkcI9.', '0986758890', '男', '1985-06-19', '狗', '銀牌', 'nSnK4cwz', NULL, '狗', '黃宇軒', '2020-02-26 21:37:10', '2020-03-27 21:37:10'),
('mem00117', '賴家豪', 'Emma1117@gmail.com', '$2b$10$Y2F2VXkUqLDy3yX3yndQ8uZ6jQu.wBwrEzLBWIVw84So.0GeGf9DG', '0928758495', '女', '1992-06-21', '其他', '銅牌', 'OHKgBgy0', NULL, '貓', '賴家豪', '2022-05-05 18:34:03', '2022-06-04 18:34:03'),
('mem00118', '陳家瑋', 'Peter7548@gmail.com', '$2b$10$BRafuw9zIiqWPy4cUjkCM.uQ6YDMBtY0yVEoYDg9STw6nt9s0g1AK', '0988271128', '其他', '1999-07-30', '狗貓', '銅牌', 'rKlWDeGW', NULL, '貓', '陳家瑋', '2022-07-22 12:58:52', '2022-08-21 12:58:52'),
('mem00119', '施書儀', 'Eric4843@gmail.com', '$2b$10$Jq7UAKKjgGAhLiER4N4k6uS/wZX01lNxstEnvhZ1Wsp9vUUFqP0hW', '0953802286', '其他', '1984-07-01', '貓', '銀牌', 'KH6dqu86', NULL, '貓', '施書儀', '2021-04-16 00:22:24', '2021-05-16 00:22:24'),
('mem00120', '胡書儀', 'Steven6757@gmail.com', '$2b$10$7kiWkVRBCdM4oe/iWhXlBOReyvuFoHu8p2qiTV0bmbGadJdCcV61y', '0932778268', '男', '1988-08-02', '狗貓', '金牌', 'FHevuDFB', NULL, '貓', '胡書儀', '2020-10-24 23:04:48', '2020-11-23 23:04:48'),
('mem00121', '呂宇軒', 'Olivia2098@gmail.com', '$2b$10$xYbpnambMTMZpCOuWFzkGOycZCzXUUNxrYIED.GafokS8f8XRtbt6', '0996622361', '女', '1983-02-26', '其他', '金牌', 'OOo46gPp', NULL, '狗', '呂宇軒', '2023-04-09 00:25:34', '2023-05-09 00:25:34'),
('mem00122', '謝彥廷', 'Charlotte2200@gmail.com', '$2b$10$HiZVSTc5ghXlhI8KfDacsuCGfd7xK9W1FtK367HTaQbYHaIxcr9QK', '0970760458', '其他', '1989-05-17', '貓', '銀牌', 'sxgfoIFB', NULL, '貓', '謝彥廷', '2022-06-03 19:41:07', '2022-07-03 19:41:07'),
('mem00123', '黃宗翰', 'Sam8486@gmail.com', '$2b$10$rmuk8RhhfYJJai1mwOqE1OiGKqotVtTjtYeMjclXf11.kQBGNaKcC', '0981954089', '男', '1984-01-24', '貓', '金牌', 'zpq8JQxi', NULL, '貓', '黃宗翰', '2023-06-27 13:08:58', '2023-07-27 13:08:58'),
('mem00124', '詹承翰', 'Sophia4061@gmail.com', '$2b$10$iTpFO91WW8IAEDeawaGoReAFgJtV8edqHt3OmMFlabyQeWbdzGgNG', '0945168233', '女', '1997-05-28', '狗貓', '金牌', '4YPtDca1', NULL, '狗', '詹承翰', '2020-08-01 11:03:37', '2020-08-31 11:03:37'),
('mem00125', '徐宗翰', 'Steven5256@gmail.com', '$2b$10$U0eVRogItDUlqfOJNwdOjeftbtNTbLtg7FiO1flsbc.LBKlPui8Rq', '0999173226', '女', '1980-12-22', '其他', '銀牌', 'rgI2CC2a', NULL, '貓', '徐宗翰', '2022-04-26 11:35:15', '2022-05-26 11:35:15'),
('mem00126', '游冠宇', 'Vincent2092@gmail.com', '$2b$10$g57pYrbUgmGg9RAn/3TyIe2.yFDqttjzcTDs0acHVB8Gtb6Ock6E.', '0913454870', '其他', '1981-09-18', '其他', '銅牌', '48EklAAf', NULL, '狗', '游冠宇', '2021-02-18 06:47:34', '2021-03-20 06:47:34'),
('mem00127', '黃怡萱', 'Ryan3923@gmail.com', '$2b$10$GrxBDfa9PHJ6MJl8LYfzNe8IolfXKw2rPyKaNagkd6h32fHWNACNO', '0952281545', '其他', '1995-01-30', '狗貓', '金牌', 'KlCrIuIL', NULL, '貓', '黃怡萱', '2021-10-25 15:23:51', '2021-11-24 15:23:51'),
('mem00128', '江彥廷', 'Ken5851@gmail.com', '$2b$10$Hs8QlH0FENFaHI64aOeuLOyzB61FaDo/lxuqZIB11nrHzZ2uDoAAm', '0984927060', '女', '1996-11-25', '狗', '銅牌', '8JmCwGO6', NULL, '狗', '江彥廷', '2020-07-25 18:41:00', '2020-08-24 18:41:00'),
('mem00129', '林宗翰', 'Olivia3371@gmail.com', '$2b$10$J6UmBUjHpceQfV50zFSwreKwEVwXx6Pw69xqzeIO3ON0qs3GNRshm', '0964670805', '其他', '1990-01-14', '其他', '金牌', 'yLkzYlf8', NULL, '貓', '林宗翰', '2022-05-28 06:12:53', '2022-06-27 06:12:53'),
('mem00130', '賴寧鄉', 'Charlotte4036@gmail.com', '$2b$10$3VW5fxC2gBZmjBskBD7nh.J4DlmoSnzfGgd1V82astqnEkr6XJ.ya', '0961388114', '女', '1992-02-17', '狗', '銅牌', '9INuS5dH', NULL, '狗', '賴寧鄉', '2023-03-02 10:39:58', '2023-04-01 10:39:58'),
('mem00131', '呂冠廷', 'Tony3220@gmail.com', '$2b$10$Lla9/OQ5gw1GUz4AaqBSTeFLqevW4fiCbMqTGxrV0hbERW/sKU41y', '0969772029', '女', '2000-04-24', '貓', '金牌', 'rAIpsvXp', NULL, '貓', '呂冠廷', '2021-03-27 11:40:53', '2021-04-26 11:40:53'),
('mem00132', '洪宜庭', 'Charlotte1534@gmail.com', '$2b$10$tTGgaE2P6B91gtz5O.gRi.wdqG9aytFfSZ7A5mUh4vHNvXmyJijwO', '0977009660', '男', '1981-12-10', '狗貓', '銅牌', 'SAfiMOMw', NULL, '貓', '洪宜庭', '2022-11-02 05:21:54', '2022-12-02 05:21:54'),
('mem00133', '莊冠霖', 'Ava1116@gmail.com', '$2b$10$UFHeeovu67RB0Y2ezfhnfOrtsndSQWo7mJz/5D6uiOBkZCHmSj2i2', '0956442163', '男', '1983-06-02', '貓', '金牌', 'gkUOJIfL', NULL, '貓', '莊冠霖', '2020-04-27 14:46:21', '2020-05-27 14:46:21'),
('mem00134', '游鈺婷', 'Olivia5912@gmail.com', '$2b$10$WknA8oiTVlmi93aJIy68muzUSIx3KqDtjDuRsGNKDjeDlrdwVyfV.', '0943980501', '其他', '1999-04-02', '狗', '銀牌', 'UC4Jgq4p', NULL, '狗', '游鈺婷', '2021-11-03 17:35:54', '2021-12-03 17:35:54'),
('mem00135', '呂彥廷', 'Jerry3342@gmail.com', '$2b$10$Ra3U.dZMvcntbiEJh21Dkehh5bMmGmH0UVhk1adFfRpLOXW1vzcky', '0999958109', '其他', '1996-11-12', '貓', '金牌', 'kmhbJj9u', NULL, '貓', '呂彥廷', '2021-12-03 08:02:19', '2022-01-02 08:02:19'),
('mem00136', '羅宜零', 'Steven2537@gmail.com', '$2b$10$JEAdkvL8NVIUUDEr/NhC0u2Jq.mpIkESF/CCN3yX1uf4urJlQQpxS', '0987575722', '男', '1983-04-20', '狗', '金牌', 'BfpeLc8W', NULL, '狗', '羅宜零', '2020-10-01 23:03:48', '2020-10-31 23:03:48'),
('mem00137', '呂宇軒', 'Chris5863@gmail.com', '$2b$10$0eEdMn9mF3D4sa/czQGqie3ZeK2/smkxPEU5a4TcsPydYEOc9nOqm', '0967967593', '男', '2002-11-16', '其他', '銅牌', 'sIjJkjuo', NULL, '貓', '呂宇軒', '2023-06-26 10:24:00', '2023-07-26 10:24:00'),
('mem00138', '許家豪', 'Isabella6159@gmail.com', '$2b$10$yrWUdeFjM15bzBHkQCogDu0BoHB.dXztB8Zz.J5e.qiwmFyAQ8KDm', '0999125704', '其他', '1990-01-18', '狗', '銀牌', '5lUuRbsq', NULL, '狗', '許家豪', '2021-04-18 22:39:33', '2021-05-18 22:39:33'),
('mem00139', '呂郁婷', 'Jack9960@gmail.com', '$2b$10$kxtUl6ccVN1DMOCO3HQdPuiIwpgyRbfy0ib0gF2yjksi3iuL/HAv6', '0963373997', '其他', '1999-02-18', '狗', '金牌', '4Ezj7me9', NULL, '狗', '呂郁婷', '2023-02-14 13:42:26', '2023-03-16 13:42:26'),
('mem00140', '朱怡婷', 'James1585@gmail.com', '$2b$10$Nu.iGOvdE01EvzLNGi.QwOoHK3SPGNE8G1WJZUuevh67.8qVcBdnW', '0974027006', '女', '1982-07-16', '貓', '金牌', 'RC3AdM5Z', NULL, '貓', '朱怡婷', '2022-09-04 13:09:36', '2022-10-04 13:09:36'),
('mem00141', '鍾詩涵', 'Mia2642@gmail.com', '$2b$10$ySJNFDuY9gDsnhCknODumOAwAwSfzPkCKMmbQZx6C8oiCUiJcb8nO', '0996454518', '女', '1982-04-20', '其他', '銀牌', 'Hqxof6av', NULL, '狗', '鍾詩涵', '2020-09-23 06:35:36', '2020-10-23 06:35:36'),
('mem00142', '楊家瑋', 'Ryan1339@gmail.com', '$2b$10$4CgPQra/PP5MIZUZ02fgiuT7j7vbh.9924DiAD6cG/QVV01TX0BWC', '0964348636', '男', '1998-09-01', '貓', '金牌', 'vPW8Lqqq', NULL, '貓', '楊家瑋', '2020-09-27 05:06:36', '2020-10-27 05:06:36'),
('mem00143', '沈怡婷', 'Andy2503@gmail.com', '$2b$10$I7TuLNCQnpyTBzqHKyA6Oe.6aiDUQZ2zPfucUs8vdHn6xUMvmzP6m', '0985063816', '其他', '1998-10-15', '狗', '銀牌', 'jeWOP5it', NULL, '狗', '沈怡婷', '2023-05-21 14:07:51', '2023-06-20 14:07:51'),
('mem00144', '施宜零', 'Jerry1186@gmail.com', '$2b$10$GG3o3s7FceYA9mbZLBMizeG0GFocEpu6LwvcH98k0BmnQv0MGnug.', '0929101276', '女', '1997-11-02', '狗', '銀牌', 'CUABw8UC', NULL, '狗', '施宜零', '2022-11-20 17:28:21', '2022-12-20 17:28:21'),
('mem00145', '蕭柏翰', 'Ryan4092@gmail.com', '$2b$10$KYPN10RGicZuPM5wbukIR.GDAFoGvSrY75WJdnC4eovCeRTc22TQa', '0985968077', '女', '1984-09-19', '貓', '銀牌', 'rkboO6Yu', NULL, '貓', '蕭柏翰', '2022-03-28 07:15:27', '2022-04-27 07:15:27'),
('mem00146', '徐雅筑', 'Eric6646@gmail.com', '$2b$10$BR1au13XwKqYoHznhONbP.tXcnc6xeh8mulZrIP9bgkhWIKEyIV5.', '0960704115', '女', '1993-01-25', '狗', '銀牌', 'IlEloEXE', NULL, '狗', '徐雅筑', '2021-09-29 04:48:01', '2021-10-29 04:48:01'),
('mem00147', '莊怡萱', 'James4526@gmail.com', '$2b$10$zNpLAnuEaIhgPo72l0V5vOsu5i2pXAq9GeTjEsi9l3TdK25mn67Sm', '0920023515', '男', '1992-06-25', '狗', '銅牌', 'd9WeQ7SD', NULL, '狗', '莊怡萱', '2021-04-27 02:29:52', '2021-05-27 02:29:52'),
('mem00148', '鍾詩涵', 'Charlotte9063@gmail.com', '$2b$10$A83FkmmqR8ojKFd9UpecO.rGMbDc.J9vS1i7NLcesldT4Yhe1Cq3G', '0961083289', '女', '1999-12-19', '其他', '銅牌', 'McyFSrHq', NULL, '狗', '鍾詩涵', '2022-10-02 08:58:34', '2022-11-01 08:58:34'),
('mem00149', '張宜靜', 'Evelyn5048@gmail.com', '$2b$10$u80AU0Ww/BuUxtcSGLl0YuY.VDeHCVcTuAjVhUQjjKDT5qQIkU9mG', '0922895123', '其他', '1983-10-02', '其他', '金牌', '2hR3Fb63', NULL, '貓', '張宜靜', '2021-04-28 12:04:35', '2021-05-28 12:04:35'),
('mem00150', '蕭家豪', 'Luna3877@gmail.com', '$2b$10$vdSw0BzakjR.ptN.WR6/xuSNacXv1h51f4fg/9Qs.pQ3EKAKcAkui', '0988390696', '女', '1998-07-31', '狗', '銅牌', 'MYgUSp4D', NULL, '狗', '蕭家豪', '2022-12-08 13:18:04', '2023-01-07 13:18:04'),
('mem00151', '呂宜庭', 'Isabella2181@gmail.com', '$2b$10$F5xZxF3ED1pytTOznDiAxO8LccFQMUoMVEzAfJY13SJUb/KaTdUs2', '0920384289', '男', '1995-02-01', '狗貓', '金牌', 'tje4UZ6O', NULL, '狗', '呂宜庭', '2021-07-21 16:17:52', '2021-08-20 16:17:52'),
('mem00152', '彭家瑋', 'Eric7880@gmail.com', '$2b$10$4RcUC56.Gl9qclOkAukjhuFWjNV7Ubu7WMZOoLh6BJlnNfcylTL46', '0999523577', '女', '1986-01-04', '狗', '金牌', '6cG8YP63', NULL, '狗', '彭家瑋', '2020-10-25 07:56:04', '2020-11-24 07:56:04'),
('mem00153', '朱怡婷', 'Chris6646@gmail.com', '$2b$10$WO70zeHKDh35ltZwuJyOCeLJnzbmvOhnya77irxL3m2KniIQKYQG.', '0947682704', '女', '1998-04-19', '狗貓', '銅牌', 'ZA6HcK8b', NULL, '貓', '朱怡婷', '2021-10-06 11:36:32', '2021-11-05 11:36:32'),
('mem00154', '王柏翰', 'David9749@gmail.com', '$2b$10$LD/twrqmU0/LgT00pyFWIOpHHPxc67sUFEBrwHpGRSkJodMKnavbq', '0950978344', '女', '1991-03-31', '貓', '銅牌', 'wqBwHHPT', NULL, '貓', '王柏翰', '2022-05-08 19:45:51', '2022-06-07 19:45:51'),
('mem00155', '胡宜靜', 'Ryan7728@gmail.com', '$2b$10$tz9y025yH1.uQZNaHYyVSOkyrAJWF2jhjdC0pfFwosj2Pe4WIbK4G', '0993781029', '男', '1986-11-02', '狗', '金牌', 'Ya4LQCpQ', NULL, '狗', '胡宜靜', '2020-10-27 10:16:50', '2020-11-26 10:16:50'),
('mem00156', '胡怡萱', 'Sam9325@gmail.com', '$2b$10$/iIJDtLR.Pt6pI0YzDHkROv5guP1lMR6pNQpPLp938eNHYLEY4AJ6', '0944192649', '女', '1994-03-06', '狗', '金牌', 'GjSFciAJ', NULL, '狗', '胡怡萱', '2022-06-11 22:27:23', '2022-07-11 22:27:23'),
('mem00157', '胡宗翰', 'Emma7519@gmail.com', '$2b$10$p0Sd8BVwQd2z0DhIenOe1OcyxpPt5eKw2YX8/igi6FJ/UzMZmBw.G', '0933742756', '其他', '1982-03-22', '狗貓', '銅牌', 'oCPk5LHq', NULL, '貓', '胡宗翰', '2020-05-05 13:35:11', '2020-06-04 13:35:11'),
('mem00158', '施冠廷', 'Tony2152@gmail.com', '$2b$10$YZ7xfjMonRPCBre3EUwUeuN3tTqFx9KwcO97QKeFU6cFirwhtxKqu', '0996445211', '其他', '1998-06-07', '狗', '銅牌', 'dqe0vMDd', NULL, '狗', '施冠廷', '2021-03-30 11:26:15', '2021-04-29 11:26:15'),
('mem00159', '鍾宜庭', 'Steven1663@gmail.com', '$2b$10$JU.B7180mXZtbTCjnUc.Guy9S0cOBJJk7oqDuRiSNCXXGBjxSUdMi', '0961196096', '女', '1996-01-13', '狗', '銀牌', 'YgVmy5KB', NULL, '狗', '鍾宜庭', '2021-02-11 15:00:05', '2021-03-13 15:00:05'),
('mem00160', '賴宗翰', 'Steven5840@gmail.com', '$2b$10$eRyr2PF4kpS8qZSaIx9FE.ZyFFHv5iWBZengLOCYWRwZ0g3gUp76q', '0978130156', '女', '1986-10-25', '狗', '銀牌', 'unNofzkT', NULL, '狗', '賴宗翰', '2021-08-02 14:34:05', '2021-09-01 14:34:05'),
('mem00161', '劉雅婷', 'Ken7537@gmail.com', '$2b$10$glt.geKvbX1oei9eAEPI2et1VfCDrD99UQo3fDFRHIWKD3Rsq0K0K', '0984222120', '男', '1998-09-03', '其他', '金牌', 'hd6fm9Dp', NULL, '貓', '劉雅婷', '2020-04-08 17:27:45', '2020-05-08 17:27:45'),
('mem00162', '黃冠霖', 'Kevin9784@gmail.com', '$2b$10$FowMGjKO.TKOjOyeL7yMr.SMAQLpVpzqu71EcgRWZjswE8QKCTChu', '0926458108', '男', '1983-03-25', '其他', '銅牌', 'X10GgIY6', NULL, '貓', '黃冠霖', '2023-04-03 06:44:30', '2023-05-03 06:44:30'),
('mem00163', '蔡宜靜', 'Evelyn4354@gmail.com', '$2b$10$jRAsAq1zxQpx2FjCf8MgVuKCe5ipquUN9prDXnclzSIpOlhlD8UXm', '0960889425', '男', '1991-12-02', '其他', '金牌', 'eGXBEHgI', NULL, '貓', '蔡宜靜', '2021-08-16 11:24:34', '2021-09-15 11:24:34'),
('mem00164', '葉宗翰', 'Emma8316@gmail.com', '$2b$10$OLxJfWeKQa3DxnH9lWirgecyonDjHu/AGJGMvXWVhYV96BChKxmEq', '0919078080', '其他', '1993-12-07', '其他', '金牌', 'eY0LQssz', NULL, '狗', '葉宗翰', '2022-03-18 17:19:50', '2022-04-17 17:19:50'),
('mem00165', '莊宗翰', 'Alex5761@gmail.com', '$2b$10$VkrTOIRNB.FhUOiua3YRn.6UB3/HhddOpARkTd91P7kiTyG4z0nKW', '0989839602', '其他', '1983-05-30', '貓', '銅牌', 'UOfBXb4K', NULL, '貓', '莊宗翰', '2022-08-03 04:31:05', '2022-09-02 04:31:05'),
('mem00166', '劉郁婷', 'Steven7941@gmail.com', '$2b$10$oPwQwb98yJ1jxNPGFuNQu.IA5g4RvjwncSCpIQ0MVy0mFHtJGTfWi', '0976891245', '其他', '1999-04-13', '貓', '銀牌', '4c7ln1PY', NULL, '貓', '劉郁婷', '2022-11-11 03:56:42', '2022-12-11 03:56:42'),
('mem00167', '鍾冠廷', 'Daniel4410@gmail.com', '$2b$10$qwS8HcPMnidPJAC.OX4lk.cHX/9j9r9iC0ip6K6GajI4vsER8Y0Ha', '0917074635', '其他', '1983-01-03', '狗', '銀牌', 'ABMQF9ty', NULL, '狗', '鍾冠廷', '2020-11-27 04:03:59', '2020-12-27 04:03:59'),
('mem00168', '詹宗翰', 'Eric6140@gmail.com', '$2b$10$RSVjtUwxKO3ZmzMjSJG8yO13qO4cxAKr3GozehfhQTFh73YhHqBrS', '0968513367', '男', '1981-12-04', '其他', '金牌', 'gDTOYTuZ', NULL, '狗', '詹宗翰', '2022-08-07 22:00:50', '2022-09-06 22:00:50'),
('mem00169', '胡宜零', 'James2185@gmail.com', '$2b$10$juVrzXrm5ikBGnH1HEE9ie2Dy.zu8EgbXq3YPHI9uclVfAI0U.A1e', '0950167919', '其他', '1995-04-19', '貓', '銀牌', 'rfwMlBtz', NULL, '貓', '胡宜零', '2020-08-03 11:11:59', '2020-09-02 11:11:59'),
('mem00170', '胡佳穎', 'Jack7809@gmail.com', '$2b$10$Jp5ONDpB74f.B9WRaaC8BuH9P9H9/eel.qH8YtH7w.gRtBSgPcZoi', '0946535355', '男', '1980-12-31', '狗貓', '銀牌', '1T4I7nDE', NULL, '貓', '胡佳穎', '2020-06-18 19:27:20', '2020-07-18 19:27:20'),
('mem00171', '呂彥廷', 'Emma8110@gmail.com', '$2b$10$6ZRpQKxM27G8jOHa7lcaOu0CE7Mzj1Gt3dbRUVula4X5adGRaFZrC', '0959078041', '女', '1980-09-11', '狗貓', '銀牌', 'oQn1Hzlo', NULL, '貓', '呂彥廷', '2023-03-10 16:24:02', '2023-04-09 16:24:02'),
('mem00172', '鄭怡君', 'James6717@gmail.com', '$2b$10$hQJWW6BwRITJDeBZNU5um.j9CGNQd.LLqjwNyGS2Vc2u8dptY6P7i', '0971569466', '男', '1995-06-11', '貓', '銅牌', 'FmLZhmZZ', NULL, '貓', '鄭怡君', '2023-01-12 05:17:55', '2023-02-11 05:17:55'),
('mem00173', '簡冠宇', 'Tony7055@gmail.com', '$2b$10$fqH/x980y8/LTqjDPiSnh.01jr5Iv3nmP0Acf3WaonQ7cL/.WfEFK', '0967565853', '女', '1980-10-02', '貓', '銀牌', 'pGTu2jGV', NULL, '貓', '簡冠宇', '2021-02-04 16:33:26', '2021-03-06 16:33:26'),
('mem00174', '王寧鄉', 'Jason7514@gmail.com', '$2b$10$ykyZogtCt8sag/XcRy87o.mTgENnFI9AA2ivbjoWoIPcc1eCaUldy', '0993430211', '其他', '1993-08-22', '其他', '銅牌', 'EvXAG48h', NULL, '貓', '王寧鄉', '2022-02-18 17:58:08', '2022-03-20 17:58:08'),
('mem00175', '徐冠廷', 'Olivia4452@gmail.com', '$2b$10$RLmY5C4lAMoljCUAPHAtXOtn0tkfxUBsrhzCMCP7HlQNUOmnS0FZa', '0931374909', '其他', '2002-11-27', '狗貓', '金牌', 'NgpLUaFH', NULL, '狗', '徐冠廷', '2020-04-13 10:56:59', '2020-05-13 10:56:59'),
('mem00176', '高郁婷', 'Alex3416@gmail.com', '$2b$10$evVo4V957sKMex5rYD3rfeJXZBWUMzk51zGRuZQKvwxWDH6ldx4CW', '0965805160', '其他', '1982-11-11', '狗貓', '銀牌', 'jT49Cdki', NULL, '狗', '高郁婷', '2022-09-04 14:29:05', '2022-10-04 14:29:05'),
('mem00177', '江柏翰', 'Ryan3671@gmail.com', '$2b$10$rC0kAQUsRfwNcydeGHlfvO1P8ZuqmmRUfLfpHb4SSbXb5/T8VorYu', '0978527018', '其他', '1983-05-26', '其他', '銅牌', 'QNbzmCwq', NULL, '貓', '江柏翰', '2023-05-12 21:40:05', '2023-06-11 21:40:05'),
('mem00178', '葉詩涵', 'Isabella3466@gmail.com', '$2b$10$YMg2ZoSi8OeroDBcojy9uOjvrdGa/0mIrPmFm93oRMezOlpDu79CC', '0960655502', '女', '2002-02-23', '其他', '銀牌', 'WMdD2t2v', NULL, '狗', '葉詩涵', '2020-05-17 22:48:01', '2020-06-16 22:48:01'),
('mem00179', '莊宇軒', 'Jerry1908@gmail.com', '$2b$10$RO1ioooC/rlnxyeRtqozr.2kGg/gfZlMRz1TBUxcaDcaec7fpWlda', '0974010001', '女', '1993-10-14', '狗', '金牌', 'EqUiaadb', NULL, '狗', '莊宇軒', '2020-03-14 05:11:03', '2020-04-13 05:11:03'),
('mem00180', '鍾寧鄉', 'Ava6894@gmail.com', '$2b$10$WlqaKewu55P1oC/CU/43NOOKbYYG9vLZ/bqschYvezGaeWCFDvL5q', '0938874346', '其他', '1988-07-20', '狗', '銀牌', 'fYlPuOe5', NULL, '狗', '鍾寧鄉', '2021-01-27 10:06:12', '2021-02-26 10:06:12'),
('mem00181', '胡承翰', 'Isabella6025@gmail.com', '$2b$10$xVu50B6bNjYA9ZRjSi9im.b7MlSZ6yQPpbpdJyV2hvQn.vA.WiwUC', '0931923136', '女', '1981-10-24', '狗貓', '銅牌', '2QhclRi6', NULL, '貓', '胡承翰', '2022-11-25 13:47:25', '2022-12-25 13:47:25'),
('mem00182', '何柏翰', 'Ava5289@gmail.com', '$2b$10$uExJxm44JCoj0Q3OMqH5.umlkQiCnSTohJIbSUNw.IgJTG9KpPr9O', '0966820969', '男', '1982-09-07', '貓', '金牌', 'Kdi3tEv1', NULL, '貓', '何柏翰', '2022-06-04 19:43:59', '2022-07-04 19:43:59'),
('mem00183', '游彥廷', 'Allen9081@gmail.com', '$2b$10$oDJuEjDHgau91uA1ByjT3u4fK0QnTWNtmR8z3BGgOxpDBtyqv2Fme', '0944505147', '男', '1990-01-02', '其他', '銅牌', 'dESDQQ7H', NULL, '貓', '游彥廷', '2022-12-16 11:54:50', '2023-01-15 11:54:50'),
('mem00184', '謝怡君', 'Ava1493@gmail.com', '$2b$10$Oqwj/ic.1rsXVz1uRFxohunPiE3F0gokAvTRGwbx2XWJgJ7u5MBVa', '0918643802', '其他', '1988-11-24', '其他', '銀牌', '8WLdo27u', NULL, '貓', '謝怡君', '2022-08-13 09:18:28', '2022-09-12 09:18:28'),
('mem00185', '游鈺婷', 'Steven2295@gmail.com', '$2b$10$mClhSm1qeyADa5LCJPh14uHZ69Ozc/Mv2pFi8wKJCqdpciXWbXeXC', '0975305921', '女', '1984-05-27', '狗', '銅牌', 'Fzu5k4mV', NULL, '狗', '游鈺婷', '2022-06-02 17:25:33', '2022-07-02 17:25:33'),
('mem00186', '楊鈺婷', 'Ryan9643@gmail.com', '$2b$10$Dgwad4ENb7yOsBHL1sxRgetQOUwoVdMaTbW8qucUurMoDsTpIzWMK', '0998555561', '其他', '1996-11-27', '狗貓', '銀牌', '5O90tGe5', NULL, '狗', '楊鈺婷', '2022-08-11 11:31:11', '2022-09-10 11:31:11'),
('mem00187', '高雅筑', 'Ava4400@gmail.com', '$2b$10$Cc8FjMpUfNatAOrnSe4/Ou5zANSD1H0CXsof4rm6MLNDPwYtytR0K', '0973493543', '男', '1982-04-10', '貓', '金牌', 'IjMK200m', NULL, '貓', '高雅筑', '2020-06-11 20:02:59', '2020-07-11 20:02:59'),
('mem00188', '朱彥廷', 'Ryan2358@gmail.com', '$2b$10$hEQx4JjAx2ePvPdak/74yO2DynWaGBu8SFq1sSvBPvvTU.sXFVIdO', '0941042233', '女', '1997-03-19', '貓', '銀牌', 'wbwelq3I', NULL, '貓', '朱彥廷', '2020-09-25 17:24:26', '2020-10-25 17:24:26'),
('mem00189', '莊家瑋', 'Mia5338@gmail.com', '$2b$10$6FQZnOK0QVh/cj3tG1hvJOaytjK/IMIkbODPa5WYYhru4vKnYj2sC', '0935358310', '其他', '1997-07-02', '狗貓', '銀牌', 'pqOyNOVm', NULL, '貓', '莊家瑋', '2022-07-30 11:47:26', '2022-08-29 11:47:26'),
('mem00190', '陳詩涵', 'David1521@gmail.com', '$2b$10$s37KKTIwDMPkjHN2tKOeiODKP3vW6Poks/JKIGEXSK15cYlt2zqQy', '0921735642', '女', '1997-01-28', '其他', '金牌', 'busXzKqK', NULL, '狗', '陳詩涵', '2021-01-28 21:01:20', '2021-02-27 21:01:20'),
('mem00191', '蔡沛怡', 'Mia6471@gmail.com', '$2b$10$MWY2U4PXK63eToLhLsI/iuRfdHJVzEZ83fi6mYPDXOT6UwhkOQ9kW', '0989444419', '男', '1997-10-14', '其他', '銅牌', 'ZOvX6VzC', NULL, '狗', '蔡沛怡', '2023-04-26 12:59:19', '2023-05-26 12:59:19'),
('mem00192', '蔡詩涵', 'Daniel2020@gmail.com', '$2b$10$7FdQ1SgDRSVvCGds/7jdWOjq9H4YTbDl.gDjLkL94qmry1IStwH/.', '0912347970', '男', '2001-01-09', '狗', '銀牌', 'HtfxlGqe', NULL, '狗', '蔡詩涵', '2023-06-28 15:06:14', '2023-07-28 15:06:14'),
('mem00193', '沈沛怡', 'Leo8933@gmail.com', '$2b$10$VLNTU2sWm.IgPJIhy5ToVeycdvhWA8YH6QPy3s38ty4ih6B4LtDP.', '0920501314', '女', '1992-03-29', '狗', '金牌', 'BJXp80sY', NULL, '狗', '沈沛怡', '2023-04-08 14:22:52', '2023-05-08 14:22:52'),
('mem00194', '許宗翰', 'Steven2281@gmail.com', '$2b$10$cdn/EAGoSfXPVEd6gUuoC.Lf4a7WYoUQA./iCYWpEbOzJDIE6jH.S', '0944172618', '男', '1981-10-30', '貓', '金牌', 'rozNZvTi', NULL, '貓', '許宗翰', '2021-04-12 12:14:49', '2021-05-12 12:14:49'),
('mem00195', '王郁婷', 'Peter9632@gmail.com', '$2b$10$6cKqSNCHcPnlkOYhoW8aFOoganssPgrv7HF6MAHs1shoZIL5yOjsu', '0987772320', '其他', '1990-11-19', '狗貓', '銅牌', 'yF8QI5rq', NULL, '狗', '王郁婷', '2020-03-18 00:48:50', '2020-04-17 00:48:50'),
('mem00196', '鄭承翰', 'Jerry3557@gmail.com', '$2b$10$GOU3er8hmSL3JxJUEFMb0eVnxGCx01RAq60BfMSkvAfcTtwAJx7Ya', '0943181513', '女', '1995-10-08', '貓', '銀牌', 'VGgCioyc', NULL, '貓', '鄭承翰', '2020-12-30 10:49:27', '2021-01-29 10:49:27'),
('mem00197', '曾季庭', 'Ken6917@gmail.com', '$2b$10$elLcyicS4ADwTPrQAx1Zf.Vysxb/yAwJ4hn28.J8h1i7egdkKvQcO', '0946867613', '其他', '1994-05-06', '狗貓', '金牌', 'o0B0hMfN', NULL, '狗', '曾季庭', '2021-03-16 15:50:21', '2021-04-15 15:50:21'),
('mem00198', '周詩涵', 'Sophia4443@gmail.com', '$2b$10$9.F9I9yCexECZRS17ZXaxeEeGluQfibpl4HJV9WEh97S6mbxzPzAi', '0930953798', '男', '1986-02-11', '狗', '金牌', 'L0ozqdaw', NULL, '狗', '周詩涵', '2022-06-22 22:14:28', '2022-07-22 22:14:28'),
('mem00199', '賴宗翰', 'Tony5253@gmail.com', '$2b$10$ISoxFtIs4fmHHMP21JIXpuU0JgT9kzPF25M5APr7GE23LEAiXexMa', '0913025993', '女', '1982-03-19', '狗', '金牌', 'CYOSAe1g', NULL, '狗', '賴宗翰', '2022-10-03 14:22:44', '2022-11-02 14:22:44'),
('mem00200', '沈宜零', 'Andy9483@gmail.com', '$2b$10$jtNw3sj7yy4WfpB8mMg2G.NJkd2I05zDH/7hFIQuNvEM5xJXE6aWS', '0945887740', '男', '1985-09-06', '狗貓', '金牌', 'Gg4ESuuv', NULL, '貓', '沈宜零', '2020-11-04 03:00:59', '2020-12-04 03:00:59'),
('mem00201', '郭冠廷', 'Eric1268@gmail.com', '$2b$10$sTm5keG8k072t8BtEY.TQ.1MUosIjkP3ww6b8RYYFKHLWrap4Kmc.', '0965860645', '男', '2002-09-26', '狗貓', '金牌', '0zTnEAPg', NULL, '貓', '郭冠廷', '2022-08-06 23:58:07', '2022-09-05 23:58:07'),
('mem00202', '徐宇軒', 'Alex8718@gmail.com', '$2b$10$PJfNhQEFA18PH4aQn31iqOFAicFbdJHeQx2XT29zAvVRDGjx6iTDC', '0979439818', '其他', '1995-02-22', '狗', '金牌', 'FCtmfMFO', NULL, '狗', '徐宇軒', '2023-05-26 00:44:58', '2023-06-25 00:44:58'),
('mem00203', '李鈺婷', 'David2276@gmail.com', '$2b$10$wkXDEcEnkZAPzoAYnechUOsaPsfg4oK/seRXzWMescRWDbKGwavpm', '0971044465', '女', '1982-09-04', '狗貓', '銅牌', 'hlRyXuvs', NULL, '狗', '李鈺婷', '2023-04-06 16:38:23', '2023-05-06 16:38:23'),
('mem00204', '高沛怡', 'Olivia4596@gmail.com', '$2b$10$AXBudt.ye1paDUDPv16WReYsOS/mi6upBy.DjDm3njYXtmRR4tV82', '0949714209', '其他', '1999-03-14', '狗貓', '金牌', '7vUFPuhR', NULL, '貓', '高沛怡', '2022-01-02 01:57:07', '2022-02-01 01:57:07'),
('mem00205', '吳彥廷', 'Evelyn5401@gmail.com', '$2b$10$c/YQ2BeeBJF/cOfeJciys.QZ6nzARGMjhEKGJxX7inxoNxsdi/2gy', '0981489520', '女', '1993-01-19', '狗貓', '金牌', 'Pm5BQD5l', NULL, '貓', '吳彥廷', '2022-11-07 04:56:48', '2022-12-07 04:56:48'),
('mem00206', '簡鈺婷', 'Kevin4895@gmail.com', '$2b$10$IjfDMVsXqk9m.szz9AGBfu1gN7lluSm4shQ2UjMOcls24WOeKLxYm', '0964988299', '男', '2000-01-14', '狗', '金牌', '1MS92w9K', NULL, '狗', '簡鈺婷', '2022-09-11 18:57:19', '2022-10-11 18:57:19'),
('mem00207', '邱詩涵', 'Jason8857@gmail.com', '$2b$10$w7gktFzUDgt/2H/2EV4VqO.C1IYFPc4oP6NPk4losMTgi//NYH.nK', '0962060124', '女', '1995-04-17', '其他', '銅牌', 'IGCBLbzy', NULL, '貓', '邱詩涵', '2020-09-06 20:54:53', '2020-10-06 20:54:53'),
('mem00208', '胡冠霖', 'Olivia9290@gmail.com', '$2b$10$wYoHKBeQucuUVp5p/gz3I.W87HZf1jZZEJ7uHYa6M7.cw4/VjSKc2', '0930208465', '女', '2000-03-23', '狗貓', '銅牌', 'Eu7xD0Ls', NULL, '貓', '胡冠霖', '2022-08-14 04:00:35', '2022-09-13 04:00:35'),
('mem00209', '林佳穎', 'Alex5203@gmail.com', '$2b$10$KB5ZSLHOzyqU3xBOSpIjgOM0zTMcAqMEBs8/lsgIcjFZsmGfHQT8y', '0921606459', '男', '2002-03-25', '狗', '銀牌', 'z6XkUKOd', NULL, '狗', '林佳穎', '2021-01-23 04:34:11', '2021-02-22 04:34:11'),
('mem00210', '謝怡萱', 'David6427@gmail.com', '$2b$10$oLVLqIwAMmdw7RLFdX7ht.qOrG2r1JzhlmIzeknSsCWwMflvwWtNu', '0985595017', '其他', '1982-04-03', '其他', '金牌', 'jMHlminf', NULL, '狗', '謝怡萱', '2022-02-01 01:29:09', '2022-03-03 01:29:09'),
('mem00211', '游怡君', 'Jerry1797@gmail.com', '$2b$10$BkzwzzHrrO.zESh8gd63tuwkL07qtwo9mccq85MRjdzchru8AXUVm', '0910573672', '其他', '1998-03-05', '狗貓', '銀牌', 'PZMieu35', NULL, '狗', '游怡君', '2021-11-09 05:38:51', '2021-12-09 05:38:51'),
('mem00212', '許彥廷', 'Allen8169@gmail.com', '$2b$10$UHs6/Y7LekxPhMXqFVJbfux2vMLVtXU1IiOH4tNm.1HUQUnnzY6XK', '0958019760', '男', '1993-02-11', '狗貓', '銅牌', 'CEc1kXGV', NULL, '貓', '許彥廷', '2021-05-20 00:02:08', '2021-06-19 00:02:08'),
('mem00213', '林怡婷', 'Peter9278@gmail.com', '$2b$10$4fgwRdUvbJxiGIUcEorsw.MOJJmlDXXsN8wvJa8ALVRmhTGvb5FSC', '0958292679', '女', '1988-12-18', '狗貓', '銀牌', 'wUDQ2KMh', NULL, '狗', '林怡婷', '2023-02-02 03:51:56', '2023-03-04 03:51:56'),
('mem00214', '朱宜靜', 'Peter8692@gmail.com', '$2b$10$REDxf18iZguw0V19h5CuP.kadZpJCrMF44Upwr1fuVk4ocp25Gsqq', '0943631961', '其他', '1992-09-28', '其他', '銅牌', 'tjbstosA', NULL, '狗', '朱宜靜', '2022-02-01 01:38:16', '2022-03-03 01:38:16'),
('mem00215', '劉冠霖', 'Vincent4685@gmail.com', '$2b$10$rfXO9iGEYq6jquwJrkm8/uonkgm7G84kHuUPeU4i3VOq3Xgkp9qP6', '0951924002', '男', '2001-09-14', '其他', '金牌', 'DEcFqKGz', NULL, '狗', '劉冠霖', '2021-05-26 03:12:27', '2021-06-25 03:12:27'),
('mem00216', '許郁婷', 'Jack8831@gmail.com', '$2b$10$JopcuA8SnTeXvKFJJfy3JewhDB/v1EPUd4LGMLgWFlaAhabARWUuy', '0994379585', '男', '1993-01-01', '狗貓', '銅牌', 'uotoQ8Cx', NULL, '貓', '許郁婷', '2022-01-26 14:25:40', '2022-02-25 14:25:40'),
('mem00217', '朱詩涵', 'Mia3960@gmail.com', '$2b$10$oTmUF2JufcseLuoi9FYp8uq1ByOF9BRdLExnWXS1ikf5rybNudoOm', '0953714500', '其他', '1983-03-24', '其他', '銀牌', 'aSFhTNJi', NULL, '貓', '朱詩涵', '2022-10-14 05:14:56', '2022-11-13 05:14:56'),
('mem00218', '鍾鈺婷', 'Evelyn8699@gmail.com', '$2b$10$F85QZp31Uf0VNyQqARmjn.nnYI0E9KpoIN0ejn3qEYwDH59cfKsG6', '0999688851', '女', '1982-06-18', '狗貓', '銅牌', '38JLXdXG', NULL, '貓', '鍾鈺婷', '2020-04-13 23:06:28', '2020-05-13 23:06:28'),
('mem00219', '潘雅婷', 'Leo9112@gmail.com', '$2b$10$lnK0z1UJ3BxLPkUEMez98.tP28VllhhOr9zI3dOnAUY33.VoN.hE6', '0923472953', '男', '2002-08-14', '狗貓', '銀牌', 'P8gSFd3D', NULL, '貓', '潘雅婷', '2020-02-18 00:31:04', '2020-03-19 00:31:04');
INSERT INTO `member_info` (`member_sid`, `name`, `email`, `password`, `mobile`, `gender`, `birthday`, `pet`, `level`, `member_ID`, `profile`, `game_pet`, `nickname`, `create_time`, `update_time`) VALUES
('mem00220', '郭宇軒', 'Daniel7702@gmail.com', '$2b$10$xhujC81A.7HFicaPUbSwCuu3Ik62v91nd1u2As/7uJhW0JPUbcbiq', '0968667729', '男', '1980-02-05', '貓', '銀牌', 'vgTc3LSF', NULL, '貓', '郭宇軒', '2020-03-31 17:27:07', '2020-04-30 17:27:07'),
('mem00221', '羅家豪', 'Tony5386@gmail.com', '$2b$10$er.jxm0e4pPIglFMndlO5ewwHgGOr6L3kQxIf9HcRXz/UEXpajuOa', '0917292895', '女', '1985-03-28', '貓', '銅牌', '05ZQiU8v', NULL, '貓', '羅家豪', '2020-03-07 09:49:10', '2020-04-06 09:49:10'),
('mem00222', '江詩涵', 'Allen5472@gmail.com', '$2b$10$PI.ci7UIiJEc4HklCUMXY.VvVPcC9/CJjQsOXgXKlc0H5jUPaVwdy', '0929327955', '女', '1993-05-30', '貓', '銀牌', '6Tn0v7gx', NULL, '貓', '江詩涵', '2021-02-20 21:56:39', '2021-03-22 21:56:39'),
('mem00223', '邱寧鄉', 'Sophia3348@gmail.com', '$2b$10$PI4GBsyfE4Po5YUu//HedeMwnYQT1OXSJcwoJd58ED3YQuWTyyPIK', '0947395088', '其他', '1989-03-31', '貓', '銀牌', 'qbEZHgpM', NULL, '貓', '邱寧鄉', '2023-01-15 14:44:39', '2023-02-14 14:44:39'),
('mem00224', '謝怡君', 'Andy3604@gmail.com', '$2b$10$OMRE0VFw5YKXiAYOHQF74.utxlLYBp3.9HLjj5IiPRfSn1g4flsYW', '0989517239', '女', '1988-10-20', '狗', '銀牌', 'h301A480', NULL, '狗', '謝怡君', '2022-08-24 18:22:30', '2022-09-23 18:22:30'),
('mem00225', '許冠宇', 'Daniel7383@gmail.com', '$2b$10$Qn0KxZRcjbZWantTV464ZOZZJagBWFRXbl5ixg0l7uomXeo.eRB5a', '0960581801', '女', '1982-06-02', '貓', '銀牌', 'jf8UPotN', NULL, '貓', '許冠宇', '2022-11-11 07:38:39', '2022-12-11 07:38:39'),
('mem00226', '許雅筑', 'Isabella6108@gmail.com', '$2b$10$4QshTa8IO34I23rGIW98beNrPwLTc3gXZTq215TyqpWTMI.k.cNRq', '0921985637', '女', '2000-11-04', '貓', '銀牌', 'Z2txeDwq', NULL, '貓', '許雅筑', '2022-07-30 16:46:22', '2022-08-29 16:46:22'),
('mem00227', '劉宇軒', 'Ken4419@gmail.com', '$2b$10$/gvdiYJnxcOvhRbdWuFfn.pTuU8w5cl66GsjOc0g84jKmEKCQiAr2', '0931460538', '男', '1989-02-21', '其他', '金牌', 'kBKL7kIe', NULL, '狗', '劉宇軒', '2020-08-02 04:53:50', '2020-09-01 04:53:50'),
('mem00228', '楊怡婷', 'Luna9531@gmail.com', '$2b$10$nIdXjFvDFc1SKSjPLVkLAu4/Wgw1hkkMIhOhypxcyVGiZf86tfnOO', '0933040393', '女', '1990-03-14', '狗貓', '銅牌', 'QMsJ4mKi', NULL, '貓', '楊怡婷', '2022-01-24 16:30:09', '2022-02-23 16:30:09'),
('mem00229', '廖郁婷', 'Leo7864@gmail.com', '$2b$10$2FtOd3/uJJ.l5HdL0e6o2enSFyfAld6QSHBvn8jJCh1KNs9t0CTMq', '0952854696', '其他', '1980-08-10', '狗貓', '銀牌', 'WvRfH2vf', NULL, '狗', '廖郁婷', '2020-03-11 18:23:23', '2020-04-10 18:23:23'),
('mem00230', '施怡君', 'Eric8829@gmail.com', '$2b$10$gQJfxr1N/bhO0FF2NsONaeVVE8V6gKTYpCjPCHRRzV6tX.3VlGl5i', '0998336925', '女', '1989-05-10', '其他', '銀牌', 'z1gBpDj7', NULL, '貓', '施怡君', '2020-01-02 19:48:38', '2020-02-01 19:48:38'),
('mem00231', '彭郁婷', 'Ryan1174@gmail.com', '$2b$10$mPHSQs9dURFK4nW35fDFx.LSYQ8M6aPlQMMdYEU5g7wOEt7MwMr7a', '0979389684', '其他', '1991-12-05', '狗', '金牌', 'Xq1jJUzI', NULL, '狗', '彭郁婷', '2023-06-05 13:40:32', '2023-07-05 13:40:32'),
('mem00232', '詹書儀', 'Eric1712@gmail.com', '$2b$10$A84/HhkhrkMiHB5NgrM4..Ebi39MAxKp8sW65093BmisYGiy8FCpa', '0919019132', '男', '1997-10-11', '貓', '銅牌', 'EWbt18Cw', NULL, '貓', '詹書儀', '2020-02-13 15:35:48', '2020-03-14 15:35:48'),
('mem00233', '曾佳穎', 'Luna7616@gmail.com', '$2b$10$xmN1yeS1Zgi.mKel0fb7Rehu.5zrUI6G9vCwvULTdYwb83.Dx9Z8O', '0968436878', '其他', '1998-08-21', '狗貓', '金牌', 'zmBLm04s', NULL, '狗', '曾佳穎', '2022-06-23 06:58:10', '2022-07-23 06:58:10'),
('mem00234', '廖書儀', 'David1250@gmail.com', '$2b$10$RFxI/ZcUR.hKsolEvohPkOoS1qLZdVzamSAUzOxFmogD907c.Os2K', '0923151366', '其他', '1992-07-25', '其他', '銅牌', '7UHqhp9R', NULL, '狗', '廖書儀', '2020-09-30 14:38:16', '2020-10-30 14:38:16'),
('mem00235', '胡宇軒', 'Ryan6733@gmail.com', '$2b$10$xy88uJofdNJM1.vRLNxnwe5jLOGYmRnXxRpqOVtBF0f2ULoUOVcDO', '0946547505', '女', '1993-05-28', '貓', '銅牌', 'bp8BXgOA', NULL, '貓', '胡宇軒', '2020-09-05 18:14:08', '2020-10-05 18:14:08'),
('mem00236', '周書儀', 'Peter7611@gmail.com', '$2b$10$1W/NrBC6jVq9vjsIrwWL.OfdsvrTAnBriV3hZsT6lMrfl7cJKn6vS', '0996082037', '女', '1994-02-27', '其他', '銅牌', 'Ntx1REXF', NULL, '貓', '周書儀', '2020-01-23 23:13:49', '2020-02-22 23:13:49'),
('mem00237', '賴冠廷', 'Jack1412@gmail.com', '$2b$10$d5uKJJmgZmgFUJSeJyxkruPkKAlR3M8dZwKd1rEeL8twNYcYkoXS6', '0997449902', '女', '1988-04-22', '其他', '銅牌', 'RDLrvVOu', NULL, '狗', '賴冠廷', '2020-09-07 23:07:50', '2020-10-07 23:07:50'),
('mem00238', '蔡寧鄉', 'Jerry7938@gmail.com', '$2b$10$jleLAK/XQgv9XRxJtdbFsedOJB8xjR0XfrGaXFfwVsyu0Ry7Q7/bS', '0924161289', '其他', '1996-07-29', '狗貓', '金牌', 'QyipxsrN', NULL, '貓', '蔡寧鄉', '2022-12-12 19:02:04', '2023-01-11 19:02:04'),
('mem00239', '陳家瑋', 'Jerry8051@gmail.com', '$2b$10$R7Cp6IFS6/T/mvn3PC3Ghusbg1GAmPe4R5gs3oD002ewhEq53bek.', '0955085899', '男', '1980-05-24', '其他', '銀牌', 'xYvotUPn', NULL, '狗', '陳家瑋', '2020-01-03 16:33:35', '2020-02-02 16:33:35'),
('mem00240', '呂書儀', 'Tony2821@gmail.com', '$2b$10$yvypCsW2vUbHoNJQMSEuh.S1.TExfUECu9twnmb9DPrh/uhNIgimG', '0961299595', '男', '1999-03-10', '貓', '銅牌', 'CfUDWXV1', NULL, '貓', '呂書儀', '2021-10-23 18:52:36', '2021-11-22 18:52:36'),
('mem00241', '劉詩涵', 'David3710@gmail.com', '$2b$10$IH3NJln1U2Nm6LoBxRHIS.U/nTNDHavsN5MUGX/ufzvZpV07ftq12', '0911850126', '其他', '1984-09-28', '其他', '金牌', 'sW40Rpk1', NULL, '狗', '劉詩涵', '2023-06-23 20:57:28', '2023-07-23 20:57:28'),
('mem00242', '謝雅婷', 'Luna8835@gmail.com', '$2b$10$Kkhp8ETBFeyfrlAkUhSA.eJJK/Yd2teH.5hTpVEAlBTgaH3NKwKxG', '0936748505', '男', '1999-07-25', '其他', '銅牌', 'dEwaiyhb', NULL, '狗', '謝雅婷', '2022-05-11 15:06:18', '2022-06-10 15:06:18'),
('mem00243', '徐宜庭', 'Allen1615@gmail.com', '$2b$10$/EYlaoeEPU8wZ8fpVMEfU.yfq//nRtLAxgbaIdzuczDvReEhB69f.', '0911104923', '女', '2000-12-23', '狗貓', '銅牌', 'EboAsZom', NULL, '貓', '徐宜庭', '2020-04-07 11:57:28', '2020-05-07 11:57:28'),
('mem00244', '詹寧鄉', 'Daniel6111@gmail.com', '$2b$10$kjTg5IlNY1aqYHqUm6kE8OAzQRdTCgKa.Wgwsdm8fTub4KjAQRHRa', '0926979552', '其他', '1990-01-10', '貓', '銅牌', 'CMG7dFAb', NULL, '貓', '詹寧鄉', '2023-05-26 15:03:57', '2023-06-25 15:03:57'),
('mem00245', '沈家豪', 'Tony1266@gmail.com', '$2b$10$DmX2dBscdGNWb0D5rdAPL.SZLIdsrSmdl495B2fxlB3lAB/bmb.b6', '0994495394', '男', '1996-03-05', '狗', '金牌', 'quvPNV65', NULL, '狗', '沈家豪', '2022-10-15 12:27:56', '2022-11-14 12:27:56'),
('mem00246', '洪彥廷', 'Alex4820@gmail.com', '$2b$10$niixBh07NvnTdBKp1sAGgObUAee4j0DaAW2hZxe87a16zEKs2/1ky', '0983600658', '男', '1984-09-04', '狗貓', '銀牌', 'RaVvElcv', NULL, '狗', '洪彥廷', '2021-07-10 07:49:52', '2021-08-09 07:49:52'),
('mem00247', '沈冠宇', 'James7738@gmail.com', '$2b$10$hzUGq/4fwyE27UhQ3691uOLtsjJ4xMUogxwmvKwW7z5DiHga1czi.', '0939227782', '男', '2000-07-26', '狗貓', '銅牌', 'u4ptjoq7', NULL, '貓', '沈冠宇', '2023-05-10 13:58:38', '2023-06-09 13:58:38'),
('mem00248', '莊雅筑', 'James2971@gmail.com', '$2b$10$/7.MR9tWozU5FziJYtC9HujbrSreASAZTe01TrJOWA7Ni4o1HZijW', '0927398021', '女', '1980-09-06', '貓', '銀牌', 'i5Q4IrVU', NULL, '貓', '莊雅筑', '2020-03-18 22:01:58', '2020-04-17 22:01:58'),
('mem00249', '鍾家豪', 'Ryan6607@gmail.com', '$2b$10$YdMwM2cqy.CswbA.pDXa/entUnp1f7wd0FS7fHmmH35lEXrOXRsHy', '0999296958', '男', '2002-11-03', '狗', '銀牌', 'sTnZB8QV', NULL, '狗', '鍾家豪', '2021-04-02 05:44:15', '2021-05-02 05:44:15'),
('mem00250', '施雅筑', 'Chris4087@gmail.com', '$2b$10$tFnU5roBVqU/xp74NNikJ.NLHmvBA3AgYE8TDYkW9uM0KMzhX4uPm', '0933056005', '其他', '1981-04-21', '狗', '銀牌', '3DF1e3eM', NULL, '狗', '施雅筑', '2020-08-22 12:11:28', '2020-09-21 12:11:28'),
('mem00251', '高郁婷', 'Daniel9866@gmail.com', '$2b$10$8ic2vmlbYpuH9sSp7weVQuuF1gbZ3WCGNA5PoU3yNvS.M84gxp9Gm', '0920485584', '男', '2002-10-24', '貓', '銅牌', 'fIKhyLS2', NULL, '貓', '高郁婷', '2021-07-30 23:36:43', '2021-08-29 23:36:43'),
('mem00252', '胡宜庭', 'Emma2389@gmail.com', '$2b$10$2q.HlmXUTVLIltyyvqSEw.USNHbuD9MI3SfESJbpKr9B1nVmU3Aru', '0911438528', '女', '1994-03-09', '狗', '銅牌', '2x5Oaq32', NULL, '狗', '胡宜庭', '2020-07-08 18:27:58', '2020-08-07 18:27:58'),
('mem00253', '莊冠廷', 'Emma1329@gmail.com', '$2b$10$xP5Fc//D36AZQtYboDKxvefycvxL4GivP6Prhw0VLTgv1Hi7esZ/.', '0942399206', '女', '1993-07-11', '其他', '金牌', 'JVqMPnPt', NULL, '貓', '莊冠廷', '2020-09-19 16:20:53', '2020-10-19 16:20:53'),
('mem00254', '蕭詩涵', 'Ava2807@gmail.com', '$2b$10$.XP5eWDU53iUsBYYOvsULuN9bK3/N1T0thACn57q9ngbnC1lsE91i', '0973388885', '其他', '1996-05-01', '狗貓', '銅牌', 'JXHkU92U', NULL, '貓', '蕭詩涵', '2021-09-15 01:25:25', '2021-10-15 01:25:25'),
('mem00255', '黃承翰', 'Ryan4129@gmail.com', '$2b$10$dD00Xqg0IVJOFmX2q2DDQ.w6aCf5oCgYbn6LRRe86ihHJzFkXe2GG', '0936663310', '其他', '1984-06-22', '狗', '銅牌', 'RjfzQP3w', NULL, '狗', '黃承翰', '2020-03-09 06:04:31', '2020-04-08 06:04:31'),
('mem00256', '鍾佳穎', 'Leo4983@gmail.com', '$2b$10$BKT/J2CgoXkXF/vq1tKLc.fFikFB0O.3N7hcuDOfA7ZxPextQR/GK', '0947243068', '女', '1983-04-08', '狗', '銀牌', 'Fp2qmFvU', NULL, '狗', '鍾佳穎', '2021-03-19 12:53:06', '2021-04-18 12:53:06'),
('mem00257', '高寧鄉', 'Steven3613@gmail.com', '$2b$10$JfK8soRH1au5mfcmyUsfU.j9ieujiKL9r2DNoUPo84rOfyZVk8Ta2', '0979092997', '男', '1985-06-08', '狗', '金牌', 'kIXhvOTp', NULL, '狗', '高寧鄉', '2020-01-18 03:12:26', '2020-02-17 03:12:26'),
('mem00258', '郭郁婷', 'Jack4355@gmail.com', '$2b$10$H8RY1Js/UK2m0WUOhIHch.dBREuWzt8.JAraQFVEmTAdXMRRgksc6', '0974739584', '其他', '2001-10-12', '其他', '銀牌', 'MOBr0kZj', NULL, '狗', '郭郁婷', '2020-04-13 12:47:38', '2020-05-13 12:47:38'),
('mem00259', '鄭詩涵', 'David1937@gmail.com', '$2b$10$D1BQ2KXuvYKmLC6Sl9vG/eTzI42xGnDCO3O8451q3Fq0xp7rMOP62', '0977130225', '男', '1998-03-08', '狗', '銅牌', 'kdkpHfld', NULL, '狗', '鄭詩涵', '2022-08-25 00:24:53', '2022-09-24 00:24:53'),
('mem00260', '許冠廷', 'Olivia9550@gmail.com', '$2b$10$uMLv5c2h3sU7xaACkLjtT.8t9w8QRijIR9D6xb3dUmYfT9NbGcvO.', '0955445856', '其他', '1980-09-16', '其他', '銅牌', 'jRpZCJ3B', NULL, '貓', '許冠廷', '2022-09-23 19:13:32', '2022-10-23 19:13:32'),
('mem00261', '楊詩涵', 'Isabella8848@gmail.com', '$2b$10$Hh5vlisZqWE4X/4aIF9ynOExCpoDlYLibXWr3yuTWcrveTpAIkVpG', '0923897406', '其他', '1986-05-27', '狗貓', '金牌', 'zxtej1db', NULL, '狗', '楊詩涵', '2020-10-06 03:01:35', '2020-11-05 03:01:35'),
('mem00262', '江宜庭', 'Charlotte9019@gmail.com', '$2b$10$ffbxg6XT5EdVfeeRfKJiv.9EwGjSkNbo80jEgSMzdS4n/jrMoCLAe', '0981110756', '男', '1994-11-02', '貓', '金牌', 'SqrjDfml', NULL, '貓', '江宜庭', '2020-04-03 12:11:30', '2020-05-03 12:11:30'),
('mem00263', '呂詩涵', 'Vincent7562@gmail.com', '$2b$10$98QZ6mW1IXzWJ1jesDcytubQhXa3L.skP/9jiGQ26727b9NWrAwwi', '0954154917', '其他', '1996-05-28', '狗', '銅牌', 'k0osoTxZ', NULL, '狗', '呂詩涵', '2021-11-13 09:53:05', '2021-12-13 09:53:05'),
('mem00264', '潘宜靜', 'Leo8114@gmail.com', '$2b$10$Gn0PRLL1kr/pL5uREbtIweKCRxKk1g2Vzj9x0wposX7HgNENzR4LK', '0980241727', '男', '1992-09-13', '狗貓', '銅牌', 'j1t3u595', NULL, '狗', '潘宜靜', '2021-10-13 15:56:55', '2021-11-12 15:56:55'),
('mem00265', '蘇宇軒', 'James6420@gmail.com', '$2b$10$Ubb.muxv4EcrNIemzEjFXO6Y3UszKmGLd9sA.bBjp42bbXnEA3qSK', '0942966837', '男', '1999-06-29', '其他', '銅牌', '8vJDmAjb', NULL, '狗', '蘇宇軒', '2021-08-16 10:39:07', '2021-09-15 10:39:07'),
('mem00266', '謝彥廷', 'Vincent2864@gmail.com', '$2b$10$yWW7HE3IOlSwCFGQqOhh6.MOt9izkrz9zUxj3wqvK0naSDYM6qO5W', '0955360723', '男', '1996-08-14', '貓', '銀牌', 'GFLke95A', NULL, '貓', '謝彥廷', '2020-10-18 02:16:52', '2020-11-17 02:16:52'),
('mem00267', '曾怡婷', 'Leo6363@gmail.com', '$2b$10$lORxE9pW7/AM02iCBBgucO9jG3RvJ/6nbsVpZ7x63Py2u5jCt8xaa', '0952765316', '男', '1986-01-23', '狗', '銅牌', 'bgdKpCAF', NULL, '狗', '曾怡婷', '2021-10-26 02:44:00', '2021-11-25 02:44:00'),
('mem00268', '沈家瑋', 'Jack9352@gmail.com', '$2b$10$tMR4ELpAjK8cAawmqREvbueEibNC9xFazRNOUbz.qoKfPXd/qqoQS', '0986026876', '女', '1980-07-28', '貓', '銀牌', 'CciflRWu', NULL, '貓', '沈家瑋', '2022-02-20 06:52:30', '2022-03-22 06:52:30'),
('mem00269', '沈宜庭', 'Jason8274@gmail.com', '$2b$10$0DncZpALpenkniAdbbhASu/Ivf/4zUOjf4BWhDSMDlo73qyBDElku', '0967406959', '女', '2000-05-28', '其他', '銅牌', 'WduBnU5a', NULL, '貓', '沈宜庭', '2022-08-03 08:07:19', '2022-09-02 08:07:19'),
('mem00270', '吳寧鄉', 'Jason9824@gmail.com', '$2b$10$kOX6n6FC6rpDwikKVHb6W.YN/QCmCmYE6LcYkIZ4SC2wBA9NWkUtu', '0935629802', '女', '1997-05-27', '狗', '金牌', 'vOXY0IGb', NULL, '狗', '吳寧鄉', '2023-02-05 02:42:58', '2023-03-07 02:42:58'),
('mem00271', '邱怡婷', 'Leo1243@gmail.com', '$2b$10$i16DQlEuOYWyHCbntyuTIesdboAMkMk2Wyo59TQJhoCzvgc.3tYzC', '0945586475', '女', '1980-10-21', '狗', '金牌', 'FZhNz0dD', NULL, '狗', '邱怡婷', '2020-08-12 09:17:23', '2020-09-11 09:17:23'),
('mem00272', '高鈺婷', 'Peter6251@gmail.com', '$2b$10$zeYMnRM3AZj5Y4B8rQ3yXeUMquVilgjU8Ko5dGTflhEq.xCOnChR2', '0963603008', '男', '1980-07-13', '狗貓', '銅牌', '2uTHgMnJ', NULL, '貓', '高鈺婷', '2022-10-22 03:47:40', '2022-11-21 03:47:40'),
('mem00273', '郭鈺婷', 'Luna7764@gmail.com', '$2b$10$JMvOsF90u2U0YpGntz0Ia.kKtncWpqPE5DC7E/GZS23KWx6AqpcEe', '0938088676', '其他', '1996-12-30', '狗貓', '銀牌', 'KGAcFxKN', NULL, '貓', '郭鈺婷', '2020-04-09 12:06:14', '2020-05-09 12:06:14'),
('mem00274', '葉宜零', 'Tony3621@gmail.com', '$2b$10$DbPZugMXvd4w0NKm2p2CSe1kd8JEBUK2IAO32u/CNYweH.l0sDlx2', '0921383253', '其他', '1980-11-11', '狗', '銀牌', 'gM7Ey40k', NULL, '狗', '葉宜零', '2023-06-14 05:17:37', '2023-07-14 05:17:37'),
('mem00275', '廖家豪', 'Andy5465@gmail.com', '$2b$10$qu7V/.4YgS5eqZfdvHIsOO1tj5x2KB4suNomaWJW.65tOzFuHjrWu', '0910899046', '男', '1990-07-18', '其他', '金牌', 'zIOAWTsM', NULL, '狗', '廖家豪', '2020-05-19 04:44:45', '2020-06-18 04:44:45'),
('mem00276', '洪書儀', 'Alex3963@gmail.com', '$2b$10$ZfdynceiJakfmzkMglLO9OpQ6Bkmf1.7igqWgNADgvtpr5KwwgupW', '0910703408', '其他', '1990-10-08', '其他', '銀牌', 'yygLYQFC', NULL, '貓', '洪書儀', '2022-10-18 16:44:33', '2022-11-17 16:44:33'),
('mem00277', '鍾怡君', 'Olivia5756@gmail.com', '$2b$10$yEIh4BC1D6AGkCbej.8Tq.RHklR8e8cAh0VOkosXfpn3qGvjmxFzS', '0920202416', '女', '1984-05-28', '其他', '金牌', 'I0MgCx6v', NULL, '貓', '鍾怡君', '2021-12-19 17:47:29', '2022-01-18 17:47:29'),
('mem00278', '詹雅筑', 'Sophia7163@gmail.com', '$2b$10$U.x70lZWtjCso.2LVf/uT.U3w/6EkPpjRXCNPkcsKPf/Z75dMup12', '0976950328', '男', '1984-10-13', '其他', '銅牌', 'SFBVgDLh', NULL, '貓', '詹雅筑', '2020-06-02 18:31:06', '2020-07-02 18:31:06'),
('mem00279', '彭冠霖', 'Charlotte8066@gmail.com', '$2b$10$CAEHcP.1lJhcye2q1CXdHOyiRkcWCHZOkxGBy6zC9Qh.ByyQN2llW', '0959719968', '女', '1985-12-24', '其他', '銅牌', '53irsrT3', NULL, '狗', '彭冠霖', '2022-04-22 11:39:14', '2022-05-22 11:39:14'),
('mem00280', '周冠宇', 'Jason9895@gmail.com', '$2b$10$T6/hKzGwRlIGv6kiZGQ5cu0mwlJTzwuOJvEi2/jQOXTbvINPXKr4K', '0999452346', '男', '1995-04-21', '貓', '銀牌', 'LS3Kw6an', NULL, '貓', '周冠宇', '2021-02-15 09:01:57', '2021-03-17 09:01:57'),
('mem00281', '賴家豪', 'Alex9485@gmail.com', '$2b$10$FGviSfRVp5wxGJ9iZCCdn./72htylwaGDMQEGb.jpO7tLGCuhgrpO', '0943386170', '男', '2002-10-12', '貓', '銀牌', 'ykkcSRAq', NULL, '貓', '賴家豪', '2023-02-16 22:38:39', '2023-03-18 22:38:39'),
('mem00282', '曾沛怡', 'Steven5223@gmail.com', '$2b$10$rHPTtPwiEJ0jAb.xivf7.O0zOjOy1apchg/tNKP50nGhDIWmqRgj2', '0961536838', '其他', '1990-01-21', '貓', '銅牌', 'RjdnIwL9', NULL, '貓', '曾沛怡', '2022-12-21 15:28:10', '2023-01-20 15:28:10'),
('mem00283', '詹怡婷', 'Vincent2864@gmail.com', '$2b$10$/Qf4yRFyLHPB0RJsgUgrIOZBAkC84LIEhtlDgDm8nrgypZ15wOGZW', '0944573535', '其他', '1990-05-31', '其他', '金牌', 'e2kXJGG8', NULL, '貓', '詹怡婷', '2022-04-01 20:48:19', '2022-05-01 20:48:19'),
('mem00284', '彭佳穎', 'Tony3665@gmail.com', '$2b$10$zPJ1qtNPBi.8dtEMLsT.budCGu0N.YoBy7.Bo79QgGtguGnJhT2Eq', '0962134403', '女', '1986-09-12', '狗', '銅牌', 'ngHb8D4Q', NULL, '狗', '彭佳穎', '2020-10-11 10:03:46', '2020-11-10 10:03:46'),
('mem00285', '賴宗翰', 'Sam1869@gmail.com', '$2b$10$ADb1tp0leKWXmbCVeG4GbuQiGMDHjeM5w9fWPSbVYdpS7.f2T/JFG', '0991697571', '男', '1983-07-24', '其他', '銅牌', '5AFns9rk', NULL, '狗', '賴宗翰', '2023-06-24 09:11:02', '2023-07-24 09:11:02'),
('mem00286', '高冠廷', 'Ryan3710@gmail.com', '$2b$10$Ompuf6k35h3hGRvEWozomeNhZZm5UNMrm7nC/5mxfm5yKxSaiEfb2', '0929657650', '男', '1987-09-15', '其他', '銀牌', 'n6eKRPuC', NULL, '貓', '高冠廷', '2021-11-20 05:27:49', '2021-12-20 05:27:49'),
('mem00287', '江雅婷', 'David8615@gmail.com', '$2b$10$qmK965vwFhZNTpuKknHGPeZO4cPNLejfuICu3lsko75QDSswLYNbm', '0944434399', '女', '1982-04-21', '貓', '金牌', 'ujh29yRs', NULL, '貓', '江雅婷', '2020-04-14 05:21:49', '2020-05-14 05:21:49'),
('mem00288', '朱冠宇', 'Steven4652@gmail.com', '$2b$10$SbYSVVIszbuGTZkSbx9En.nsreX3csBr3mbJEXGXly4j/82vsGiNq', '0994025197', '其他', '1980-01-17', '狗', '銅牌', '4MSmPAKY', NULL, '狗', '朱冠宇', '2020-10-01 23:03:47', '2020-10-31 23:03:47'),
('mem00289', '高怡君', 'Chris9129@gmail.com', '$2b$10$VhjQvO2v6FX1f7FKDc2bTuf1yzjftWW4oV8LCIKhAtCzTuRVwasK6', '0962379744', '男', '2000-10-13', '貓', '銅牌', 'SoO6LW43', NULL, '貓', '高怡君', '2023-04-28 16:34:05', '2023-05-28 16:34:05'),
('mem00290', '鄭寧鄉', 'Amelia8183@gmail.com', '$2b$10$DReQYPKV0RpGPAFznCVbIuIiKRWj7PZGdt1LJvyDz1XDhxfVy0xvW', '0989721859', '其他', '1987-11-28', '狗貓', '金牌', 'UlfdTBXm', NULL, '狗', '鄭寧鄉', '2021-08-26 23:00:03', '2021-09-25 23:00:03'),
('mem00291', '江詩涵', 'Jack3817@gmail.com', '$2b$10$I6B0PEKsmBVeFTGfpCz6.urThrrk.bZ2lFdmF3adW/5Z42KTKEUL.', '0935805107', '其他', '1991-01-30', '貓', '金牌', 'yElLsLPT', NULL, '貓', '江詩涵', '2021-12-13 10:44:37', '2022-01-12 10:44:37'),
('mem00292', '鄭家豪', 'Alex1215@gmail.com', '$2b$10$wMyGgFGVzsSbdgpTR/jEK.xRaGcSCD.Qrq7Lz5d7ONBn2fNQ.xmKG', '0971634840', '其他', '1998-04-28', '狗貓', '銅牌', 'aMjsQhqL', NULL, '狗', '鄭家豪', '2022-10-09 16:44:43', '2022-11-08 16:44:43'),
('mem00293', '曾怡君', 'Luna9082@gmail.com', '$2b$10$B8TN/03rrVAjuEb548AOd.i3K9q.lnbrtRoE9qKvB31QnTum/TZQK', '0950121506', '男', '1985-12-19', '狗', '銅牌', '3wkJB4AY', NULL, '狗', '曾怡君', '2022-01-28 07:08:21', '2022-02-27 07:08:21'),
('mem00294', '吳佳穎', 'Emma1604@gmail.com', '$2b$10$899.ILYOZTdgG.7U59EjrOa21L/RXUfSjfcydUQJduOCSO8lJTz6S', '0988086802', '其他', '1999-06-06', '狗貓', '金牌', 'DcgkqAZ1', NULL, '貓', '吳佳穎', '2020-02-22 02:50:55', '2020-03-23 02:50:55'),
('mem00295', '徐宗翰', 'Steven7224@gmail.com', '$2b$10$iel3H3dopyoFAHHlSW1Go.H4YJjYZYhOx4Yl4PEN9XkgeF6c0DW0y', '0938540811', '女', '1992-10-03', '狗貓', '銀牌', 'KVNdNFuy', NULL, '狗', '徐宗翰', '2020-02-25 03:29:43', '2020-03-26 03:29:43'),
('mem00296', '何雅婷', 'Jerry4394@gmail.com', '$2b$10$WaZGoHNX7vMwy6z1lxryLuYo5IP1LR9Sn836GCPtlGi/pBAgwP.am', '0974954293', '女', '1992-04-04', '其他', '銅牌', 's4WkitUA', NULL, '狗', '何雅婷', '2020-02-27 02:02:03', '2020-03-28 02:02:03'),
('mem00297', '呂怡君', 'Daniel2045@gmail.com', '$2b$10$CYQGyA0zrmizeqg3Jo5Cauc8wxvTnHgJ0Bcc3lWyI.4l5FeMRz5..', '0962636572', '男', '1999-11-24', '狗貓', '金牌', 'R83S8sLp', NULL, '狗', '呂怡君', '2023-06-04 10:31:11', '2023-07-04 10:31:11'),
('mem00298', '呂怡君', 'Ava9130@gmail.com', '$2b$10$Lm8lMBgVAbEk67rh/CNrxuWIihtex4I5A4ukb/yDCRvOTN0wDME6u', '0961980959', '其他', '1998-07-23', '狗', '銅牌', '8dKi6IXN', NULL, '狗', '呂怡君', '2020-03-01 04:55:37', '2020-03-31 04:55:37'),
('mem00299', '洪雅婷', 'Mia5862@gmail.com', '$2b$10$FBfPTTIdamPdJ04tg9nH4uj5JAyuxnvvWzTYtUt5b4SAVHqn8pyWy', '0915145157', '女', '1989-03-15', '狗', '銀牌', 'NaegbNRl', NULL, '狗', '洪雅婷', '2020-12-17 19:24:31', '2021-01-16 19:24:31'),
('mem00300', '潘彥廷', 'Tony4029@gmail.com', '$2b$10$Kbj7CfGo4eQgh4JWC9JP9eYYHhpoEVVRmPhQZd8gm0bGbE.n9HtCO', '0957860732', '男', '1984-11-14', '狗貓', '銀牌', 'fIlZnVbM', NULL, '貓', '潘彥廷', '2022-08-02 18:36:52', '2022-09-01 18:36:52'),
('mem00301', '呂宜零', 'Ava2038@gmail.com', '$2b$10$DlB6ywYfXWDPw0uUSYI7Ve6a.lFigusPu3c0PRzdI58DXxbJ2Ujii', '0997678837', '女', '2002-12-31', '狗貓', '金牌', 'T8w9KxxI', NULL, '貓', '呂宜零', '2022-08-19 15:42:16', '2022-09-18 15:42:16'),
('mem00302', '許鈺婷', 'Ken3680@gmail.com', '$2b$10$fjmoAhW2gvF0DM1N.AR4f.NU2IBtvT09z6WYCHclFExpfzmzBJ4yu', '0994798175', '其他', '2000-03-24', '狗貓', '銀牌', 'EvjwRErb', NULL, '貓', '許鈺婷', '2023-05-13 04:02:58', '2023-06-12 04:02:58'),
('mem00303', '黃宜庭', 'Peter5196@gmail.com', '$2b$10$BooMfp5WCcccX61I/LS/w.84goUsNsyTgK3eZsm1Pzt0nDxrkqTOW', '0929782555', '女', '1997-05-20', '貓', '銀牌', 'LqvvIheL', NULL, '貓', '黃宜庭', '2022-05-09 11:47:21', '2022-06-08 11:47:21'),
('mem00304', '游宗翰', 'Ryan7803@gmail.com', '$2b$10$KvbH4GXvw.w9qg2Q4x/oXeFmuAFva0ECx8.zZNsmcXr.r4SeoYnZy', '0963079798', '其他', '1982-07-21', '其他', '銅牌', 'iAPcSrKp', NULL, '貓', '游宗翰', '2021-02-02 06:30:25', '2021-03-04 06:30:25'),
('mem00305', '林冠宇', 'Emma8548@gmail.com', '$2b$10$zoO04M6/B.KMpF9XFL0kK.rrU9ERslZTgAuoJoy60iYg/jXzR6Cty', '0999107914', '男', '1982-01-04', '狗', '銅牌', 'ZGj8ZMwP', NULL, '狗', '林冠宇', '2021-02-14 06:02:46', '2021-03-16 06:02:46'),
('mem00306', '張郁婷', 'Andy5479@gmail.com', '$2b$10$xHK7.tAGwVt8zIqZUjclM.iXl98wfWppLrvA5HdVJFmtbBAxFn16y', '0954349073', '男', '1987-04-03', '貓', '金牌', '5H8rihiS', NULL, '貓', '張郁婷', '2021-12-11 12:00:27', '2022-01-10 12:00:27'),
('mem00307', '鍾宗翰', 'Amelia6957@gmail.com', '$2b$10$UD3BFZxpLhMPIH0r6p.1Zuo4dJVbubrcRWRsQFBPU69fOo3SrqGmy', '0973948206', '男', '1982-03-01', '狗', '銅牌', 'ZPAEitBc', NULL, '狗', '鍾宗翰', '2020-05-08 02:13:06', '2020-06-07 02:13:06'),
('mem00308', '劉宇軒', 'Emma7140@gmail.com', '$2b$10$kr1Om9Q.el8fsU7joP0MwuspJf9Aiovts5N20J7FoIn/fdUxpQkdy', '0923755110', '男', '1997-11-11', '狗', '銅牌', 'lrq7jCpn', NULL, '狗', '劉宇軒', '2021-03-23 20:48:05', '2021-04-22 20:48:05'),
('mem00309', '吳宜庭', 'Charlotte5882@gmail.com', '$2b$10$1U90FuqE2B9agGDhaGVrueri.Fx.KgsC1zR2rI.yNVJ/apPwHrhta', '0959811944', '男', '1990-12-24', '狗貓', '銅牌', '7ZuOxkcs', NULL, '狗', '吳宜庭', '2021-03-06 09:18:46', '2021-04-05 09:18:46'),
('mem00310', '葉冠宇', 'James7449@gmail.com', '$2b$10$8cU3LjbLtQYn7c6fBtLd9eV3m4arwbQ19hUDP0GpJrS7KzHB6Ja3q', '0936307576', '男', '1995-12-25', '狗', '銀牌', 'j5McbGCu', NULL, '狗', '葉冠宇', '2021-10-14 14:44:55', '2021-11-13 14:44:55'),
('mem00311', '呂雅筑', 'Amelia7976@gmail.com', '$2b$10$rLcz1nIut5JVAi8S8G.Llu86WMeIoFk0I4Fu8Rjliij9LeYgtbqni', '0972115172', '其他', '1987-08-26', '狗', '金牌', 'dKYCbtzg', NULL, '狗', '呂雅筑', '2023-05-18 09:45:26', '2023-06-17 09:45:26'),
('mem00312', '潘鈺婷', 'Vincent2745@gmail.com', '$2b$10$2zaF7nd.XYaV14rArhLpRO/atEtW3Ps922GAlbIMrn8ShEBcLxV8a', '0991989352', '女', '1981-05-15', '狗', '銅牌', 'w16haZ2I', NULL, '狗', '潘鈺婷', '2021-04-19 19:04:52', '2021-05-19 19:04:52'),
('mem00313', '詹彥廷', 'Andy4223@gmail.com', '$2b$10$PCZOesk.tFgzQDDl4BrMPey5KKk41Eap81FT.Pv47uMqrkgVXCreS', '0992830729', '其他', '2001-03-18', '狗貓', '銀牌', 'MroMtk7O', NULL, '貓', '詹彥廷', '2023-03-20 10:35:40', '2023-04-19 10:35:40'),
('mem00314', '簡怡君', 'Luna7940@gmail.com', '$2b$10$Ps/GfAGPl0emtFxxoYQGROsmwuMvpcFuwL3d9gFuEe2sw8Xhq1CCy', '0971481837', '男', '1995-05-07', '貓', '銅牌', 'pQljJRpQ', NULL, '貓', '簡怡君', '2021-12-22 11:49:06', '2022-01-21 11:49:06'),
('mem00315', '劉承翰', 'Charlotte1933@gmail.com', '$2b$10$a53HtLk9boB3nRQ5bV7q1eFUXHfqe5iykZP.VSkVur4pg3uJtFOnW', '0961211055', '男', '1984-05-02', '貓', '銅牌', 'g1a19h1B', NULL, '貓', '劉承翰', '2020-07-01 07:04:57', '2020-07-31 07:04:57'),
('mem00316', '賴宜靜', 'Tony5868@gmail.com', '$2b$10$oRmaara0HgmURVgrGC/WuOUABCfTelRN5oXj/DzJAD3zUYu2LrG0.', '0969888903', '女', '1985-04-04', '狗貓', '銅牌', 'gLkookhi', NULL, '貓', '賴宜靜', '2022-10-13 23:45:37', '2022-11-12 23:45:37'),
('mem00317', '高宗翰', 'Kevin1807@gmail.com', '$2b$10$mky/4GnStJZD6lTy/N6rq.anKlyVxyyOrcGFEDq2UbXjThgD2aPXO', '0977897405', '其他', '1985-02-28', '狗', '銅牌', 'xB7XiJGu', NULL, '狗', '高宗翰', '2022-08-06 13:02:50', '2022-09-05 13:02:50'),
('mem00318', '彭郁婷', 'Eric6998@gmail.com', '$2b$10$5ybbZSpOUG5eTGjKsjDMi.XmmKVjKyw5v97Z0EQpG/gEWZyvLnFO2', '0977635918', '其他', '1981-06-09', '貓', '銀牌', 'IMRO1aJJ', NULL, '貓', '彭郁婷', '2021-09-02 19:54:39', '2021-10-02 19:54:39'),
('mem00319', '徐詩涵', 'Luna3587@gmail.com', '$2b$10$80bROatkTZDP8/JrRNnPZesrCvuJFFysX.QMRS5oRWNJXy7a4dsg.', '0965942373', '女', '1990-05-09', '貓', '銀牌', 'RSfQczJL', NULL, '貓', '徐詩涵', '2021-10-12 07:59:18', '2021-11-11 07:59:18'),
('mem00320', '呂怡君', 'Alex7553@gmail.com', '$2b$10$iKFUK.MyIgyjWnGzVE7Yl.RKyh5re1DXQdKgO9VJagH6c8v6Wi8Sm', '0913801565', '男', '1990-10-29', '狗貓', '金牌', 'ubvfiYDV', NULL, '狗', '呂怡君', '2022-04-07 14:53:48', '2022-05-07 14:53:48'),
('mem00321', '鍾宜靜', 'Andy1746@gmail.com', '$2b$10$c.BKSZkmZvFIN5ncp1LkfujNuHltFZhSqVI2WET15PrfxiQgMgp3e', '0928964656', '男', '1987-04-27', '貓', '銅牌', 'edipD2nJ', NULL, '貓', '鍾宜靜', '2022-03-04 22:53:01', '2022-04-03 22:53:01'),
('mem00322', '林宜零', 'Emma2555@gmail.com', '$2b$10$GT0w4oF1JtxBa3hSV/Q/VO3e/QnlF8JggiZz8cfeYmCKZKyxPXp2O', '0989695001', '其他', '1989-08-04', '狗', '銀牌', 'acmcCf55', NULL, '狗', '林宜零', '2021-12-07 05:38:37', '2022-01-06 05:38:37'),
('mem00323', '鍾承翰', 'Charlotte6647@gmail.com', '$2b$10$3FfS.KbOOvmdIPNZrjrA8ObAadFNIfw4OmwZU.3BMe2DaklQ2RGy.', '0969639150', '女', '1997-12-03', '貓', '銅牌', 'rMnhDnCa', NULL, '貓', '鍾承翰', '2021-06-24 05:01:51', '2021-07-24 05:01:51'),
('mem00324', '簡雅婷', 'Kevin9893@gmail.com', '$2b$10$6Rrl6EhO9WRdmd.bbVX0aOK0fSCJselvUFWBDPkBVBFNC0J/LpoVq', '0953314677', '男', '1988-08-21', '狗', '金牌', 'c2DOUXqx', NULL, '狗', '簡雅婷', '2022-11-25 15:00:00', '2022-12-25 15:00:00'),
('mem00325', '賴雅婷', 'Isabella9042@gmail.com', '$2b$10$jICDIJUf9g9B7R1tAz682eop347kbqfgc9L227ONe3wyyM4wohBke', '0928940033', '女', '1997-10-29', '狗貓', '銅牌', 'NJqz7uoR', NULL, '貓', '賴雅婷', '2020-03-17 03:19:43', '2020-04-16 03:19:43'),
('mem00326', '何家豪', 'Ken4589@gmail.com', '$2b$10$7wQKK.zYz4dXM3gCorxKa.3OeCImWEuPKUH8wD.raefn6hY5WbvmG', '0977954524', '其他', '1983-12-24', '狗', '銅牌', 'PRfwMVoC', NULL, '狗', '何家豪', '2021-03-20 21:27:36', '2021-04-19 21:27:36'),
('mem00327', '林季庭', 'Luna9164@gmail.com', '$2b$10$Qg/Qid5HEYHy/l9AgnfTVOeLCW.hzBJHpoFd8jds6.T6sUm3vizKi', '0960707467', '其他', '1986-10-19', '狗貓', '銀牌', 'gdHIBEUO', NULL, '狗', '林季庭', '2021-09-30 15:24:54', '2021-10-30 15:24:54'),
('mem00328', '王冠宇', 'Steven6060@gmail.com', '$2b$10$22NklFTqp3NdR3LbjCDuyeg/GEymBOkHIemSllz7IDD0OouvLJhmO', '0927116100', '其他', '1989-06-30', '其他', '銅牌', 'KRn8Gjgj', NULL, '貓', '王冠宇', '2021-02-24 03:20:56', '2021-03-26 03:20:56'),
('mem00329', '江雅婷', 'Leo3931@gmail.com', '$2b$10$SodGv3TzJsRhK4h04ELZ9efByb4TIsNn.IbpoZKwi13H9W4ZJA7AO', '0952146984', '男', '1990-07-16', '其他', '金牌', '871L8x6P', NULL, '貓', '江雅婷', '2023-04-30 15:10:35', '2023-05-30 15:10:35'),
('mem00330', '莊家瑋', 'James1744@gmail.com', '$2b$10$s9ThupKmmrMvV6WjLbDOIeYolZ.PejY3hx9nTLQclFX7SoU9gl9U.', '0972504445', '其他', '1987-02-21', '狗貓', '金牌', 'IrOGqQKQ', NULL, '狗', '莊家瑋', '2021-12-01 09:20:18', '2021-12-31 09:20:18'),
('mem00331', '楊書儀', 'James9253@gmail.com', '$2b$10$8ro98w1wH5A46AXyung1SuZqA83ZxApni2VoMnRQ.Riqa3kZhoDS2', '0971453457', '男', '1996-08-06', '其他', '金牌', 'CilESCUN', NULL, '貓', '楊書儀', '2020-06-05 05:23:50', '2020-07-05 05:23:50'),
('mem00332', '葉冠霖', 'Andy4590@gmail.com', '$2b$10$EYg26gnRd9bI/Ct1Z9FcruBGiuWOTE3StdeaOe2vZguCixA50ZsAa', '0967920141', '女', '1983-02-15', '狗', '銀牌', 'Nmp1VZ3G', NULL, '狗', '葉冠霖', '2022-06-19 16:52:22', '2022-07-19 16:52:22'),
('mem00333', '蔡怡萱', 'Luna2664@gmail.com', '$2b$10$4wrMAo2/nWtvMaZrgtgTSuvmVHcpSBLvj7bcsMpUHcGj0nVDEHw42', '0918042441', '其他', '1995-04-18', '狗', '銀牌', 'bSDu4486', NULL, '狗', '蔡怡萱', '2022-01-29 03:35:00', '2022-02-28 03:35:00'),
('mem00334', '莊宜庭', 'Ava8881@gmail.com', '$2b$10$8bSDY.IZqV14bpEDG6ezEezJUyYp7F.9ENEQu.V/CSvyIfwLHxQ8a', '0915781073', '其他', '1986-01-30', '貓', '銀牌', 'vcYmIkM0', NULL, '貓', '莊宜庭', '2020-03-23 00:13:25', '2020-04-22 00:13:25'),
('mem00335', '廖雅筑', 'Tony7069@gmail.com', '$2b$10$Ye4UiENc/I.Kt4LVii7rmOF5u0mmklKYc4kO5O3EPYX87CBSVuHVO', '0997472620', '女', '2001-02-28', '貓', '銅牌', 'lSXK2oMa', NULL, '貓', '廖雅筑', '2021-05-26 23:45:21', '2021-06-25 23:45:21'),
('mem00336', '莊郁婷', 'Andy3809@gmail.com', '$2b$10$3sHQnu3mdEuuhzF2my5MZe4AhCXEa9cxysHwT3n3R70t2pXky4JgC', '0932225300', '男', '1992-09-09', '狗貓', '金牌', 'rtywyCM9', NULL, '貓', '莊郁婷', '2021-06-27 01:27:16', '2021-07-27 01:27:16'),
('mem00337', '林冠宇', 'Kevin4770@gmail.com', '$2b$10$5MkvghrcGlgeLNKwX.GOv.QIPVHqeJGN4AMarE7JApSgc69.D8rr2', '0962724933', '男', '1985-01-06', '貓', '金牌', 'IJEOkYo1', NULL, '貓', '林冠宇', '2020-12-30 10:21:59', '2021-01-29 10:21:59'),
('mem00338', '胡詩涵', 'Jack4971@gmail.com', '$2b$10$cEomJdX6yb8GemQP9lLFeeHFs/HfWULA8s2O7prrrMsF9wlbZelea', '0979847576', '男', '1994-07-03', '其他', '金牌', 'YePB6Zgb', NULL, '狗', '胡詩涵', '2022-03-16 11:08:03', '2022-04-15 11:08:03'),
('mem00339', '邱宜零', 'Eric4366@gmail.com', '$2b$10$4XLW/WleIYTAlNMGuFQ9wulcA2iSJIAviyDspgeLWEMQ3fJ4uX3Fi', '0987214956', '男', '1985-11-13', '貓', '銅牌', 'Blibc6j4', NULL, '貓', '邱宜零', '2020-10-13 01:20:22', '2020-11-12 01:20:22'),
('mem00340', '朱沛怡', 'Ryan1039@gmail.com', '$2b$10$MrSc0XqV3es8..S..craSeYqxHjNrhelP043GZbrJsJYhPwb5/g2q', '0967445152', '其他', '1993-07-27', '狗', '金牌', 'zhwmn7C2', NULL, '狗', '朱沛怡', '2023-05-10 17:51:41', '2023-06-09 17:51:41'),
('mem00341', '廖書儀', 'Eric5306@gmail.com', '$2b$10$qWXLw95D8eYDJqyZslQILevsjK2mx5iXnnDP8LPA78GRDGpFt.WxC', '0998011899', '女', '1989-04-18', '貓', '金牌', '99ouVNpp', NULL, '貓', '廖書儀', '2023-05-07 00:59:55', '2023-06-06 00:59:55'),
('mem00342', '李冠霖', 'Amelia3387@gmail.com', '$2b$10$4q6ZKXE/AgzEvIgd4TyrWeDznvkFteqAcwIcJpIvtFpWjlrVyDmYS', '0915292669', '其他', '1990-06-22', '其他', '銀牌', 'ZvNP0dKr', NULL, '狗', '李冠霖', '2020-05-28 08:01:01', '2020-06-27 08:01:01'),
('mem00343', '黃雅筑', 'Olivia2758@gmail.com', '$2b$10$OSU4z4GmK4lh.Rc2gs3U4ujKteUEPq1sUimObWmPk1qFqA.CdZFae', '0958357257', '女', '2000-01-03', '其他', '銀牌', 'f7La0AYC', NULL, '狗', '黃雅筑', '2020-03-30 20:15:17', '2020-04-29 20:15:17'),
('mem00344', '游彥廷', 'Isabella2372@gmail.com', '$2b$10$Bg970D4HggGvwZeRQzcYkeEPRFUSZAhMfE1LHlfwe4OkyxoL8j/3W', '0956233156', '其他', '1997-08-20', '其他', '銅牌', 'yp6ykyCu', NULL, '狗', '游彥廷', '2022-10-21 16:35:08', '2022-11-20 16:35:08'),
('mem00345', '林宇軒', 'Luna6383@gmail.com', '$2b$10$1BxgzKnb.f.UvjLcH0QSoOkPYIlSjnd/w/EHlGBG9MW.x7g.wIDM2', '0923327556', '其他', '2002-05-23', '狗貓', '銅牌', 'MYRLgY6r', NULL, '狗', '林宇軒', '2022-11-15 21:09:42', '2022-12-15 21:09:42'),
('mem00346', '莊鈺婷', 'Eric4770@gmail.com', '$2b$10$q4P0BmJo4VT5XpJh..sOUeQ1czAVBu.TTI1Ck1VzBfzmwU095tj52', '0950508931', '男', '1996-02-01', '狗', '金牌', 'JxkWq4TE', NULL, '狗', '莊鈺婷', '2022-02-12 07:35:43', '2022-03-14 07:35:43'),
('mem00347', '李鈺婷', 'Daniel3813@gmail.com', '$2b$10$PQfTdhII9x/FIA/JkHd4dODifKgDsx2Bv0/.AucLLrn5QBVV0wLWG', '0934031205', '其他', '1991-08-18', '狗', '銀牌', 'VYgKEzBm', NULL, '狗', '李鈺婷', '2021-02-19 04:24:24', '2021-03-21 04:24:24'),
('mem00348', '何寧鄉', 'Evelyn4793@gmail.com', '$2b$10$AYQUNAb6NKTj13.Q0utXjOB3R//AecVAQoocAoNRtRfXNIf96fj9i', '0929224354', '女', '2002-05-31', '狗貓', '銀牌', 'rhcCoyi6', NULL, '狗', '何寧鄉', '2021-08-21 09:34:17', '2021-09-20 09:34:17'),
('mem00349', '黃冠廷', 'Eric8071@gmail.com', '$2b$10$evSLM.SZfSnoD1BUaFi/FeTM3saW8ezIYSg2s7NOSxqkJcxPfTRLS', '0941772133', '其他', '1999-01-15', '貓', '金牌', 'KbLBAF16', NULL, '貓', '黃冠廷', '2022-05-09 09:49:28', '2022-06-08 09:49:28'),
('mem00350', '鍾宗翰', 'Allen2301@gmail.com', '$2b$10$jXtIg/RZIiJXUQsNihVmcu6Qoaie9Dh6vXqiw6cMBnrdTvs9EIIFq', '0921229201', '女', '1981-06-04', '狗', '銀牌', 'INvJyhsI', NULL, '狗', '鍾宗翰', '2020-01-15 03:07:42', '2020-02-14 03:07:42'),
('mem00351', '邱柏翰', 'Tony9376@gmail.com', '$2b$10$pc6gCOx.D5MZ2g4lsY3qMOuifP7W2D3LtqPg9H2skI3HErtrGzb92', '0981398841', '女', '2002-05-16', '其他', '金牌', 'JE7Sbo9X', NULL, '貓', '邱柏翰', '2021-08-13 03:26:53', '2021-09-12 03:26:53'),
('mem00352', '張冠宇', 'James1534@gmail.com', '$2b$10$SmeCQUhDcp1Y.FTkDl1qUeluaNChn6u7XV4HbvdM5GXLdf3MNngqi', '0942038251', '男', '2000-02-03', '狗', '銅牌', 'C8xp5z4X', NULL, '狗', '張冠宇', '2021-07-03 10:18:40', '2021-08-02 10:18:40'),
('mem00353', '謝彥廷', 'David6615@gmail.com', '$2b$10$5ApxP/fVa1EL8d5PRJq1neGfsAbHgqrSCykU5n1n2R07pYjiMrbNC', '0971424154', '其他', '1999-05-23', '狗', '銅牌', 'T28tmI5e', NULL, '狗', '謝彥廷', '2022-08-15 08:35:24', '2022-09-14 08:35:24'),
('mem00354', '林家豪', 'Jason3012@gmail.com', '$2b$10$hEQ.q6ylNzQ5dTJgel6T7eneetf8bu8jm5YBS.XXExw8.VwTwyZtS', '0969110324', '其他', '1990-08-15', '狗', '金牌', '4khDxWa7', NULL, '狗', '林家豪', '2022-10-20 01:31:48', '2022-11-19 01:31:48'),
('mem00355', '詹詩涵', 'Luna5406@gmail.com', '$2b$10$NRsA62QdizFAX3jb.O4qI.luOr92gGX3.ubNmhADlWnodWlugfnpa', '0917788368', '其他', '1981-10-14', '狗貓', '銀牌', '0U6Cclsc', NULL, '狗', '詹詩涵', '2022-07-21 10:30:25', '2022-08-20 10:30:25'),
('mem00356', '劉詩涵', 'Ava4393@gmail.com', '$2b$10$DIaxy0./kIDBT6y4pk11e.jaYFpG5RiI/pkQ.10tm2m.Ia6P8M8yy', '0947577436', '男', '1994-11-01', '狗', '金牌', 'ICBbs5kt', NULL, '狗', '劉詩涵', '2022-01-23 10:29:39', '2022-02-22 10:29:39'),
('mem00357', '林柏翰', 'Jason3040@gmail.com', '$2b$10$cLSznz.m2oIkYD8BGpfzwulDdLtvfIpZU0YboVrIxOSUkQrW.qwZq', '0911141550', '其他', '1992-01-28', '狗貓', '銅牌', '3U301slM', NULL, '貓', '林柏翰', '2022-05-12 00:06:59', '2022-06-11 00:06:59'),
('mem00358', '蘇詩涵', 'Allen9369@gmail.com', '$2b$10$vkLG.P6YGDbP98WOcUt10ObOqHAnCBKhHiOB9eQv1K.tzafZTd5/O', '0969721250', '男', '1992-03-06', '貓', '銀牌', 'QIgXiDuz', NULL, '貓', '蘇詩涵', '2022-08-05 13:30:25', '2022-09-04 13:30:25'),
('mem00359', '沈季庭', 'Daniel7791@gmail.com', '$2b$10$UiQ3Klt2eXI7Qnmc3m3hm.my1c48CQR8DqKgfBtPIw8CtRpq6NqVq', '0926063956', '其他', '1995-09-20', '狗', '金牌', 'a7NzkDGG', NULL, '狗', '沈季庭', '2021-08-24 19:36:44', '2021-09-23 19:36:44'),
('mem00360', '許佳穎', 'Jerry6139@gmail.com', '$2b$10$f8AZCPkaiRsJmbWbzs9ICOMTXKi4RCzg5KF095.ycrxVtFZKHTj7y', '0944265679', '男', '1985-02-25', '其他', '銀牌', 'iR9TWXch', NULL, '狗', '許佳穎', '2021-03-25 09:11:26', '2021-04-24 09:11:26'),
('mem00361', '周家豪', 'Vincent3675@gmail.com', '$2b$10$dq0HKQi05QVhUN8duSz1quj9nsVL8RK81YHO8yZM6HvUUJ0bByZwW', '0960902356', '其他', '1989-10-08', '狗', '銀牌', 'IIH7OCW5', NULL, '狗', '周家豪', '2021-08-20 02:44:44', '2021-09-19 02:44:44'),
('mem00362', '簡寧鄉', 'David7651@gmail.com', '$2b$10$orU24Dry8hL3BKZcTbhQeeYcEMgAQTil3O1tLJ02VambIaia/eLWG', '0957699419', '其他', '1999-04-27', '其他', '銀牌', 'ZyhddwA3', NULL, '狗', '簡寧鄉', '2023-06-12 08:37:16', '2023-07-12 08:37:16'),
('mem00363', '施詩涵', 'Jason3015@gmail.com', '$2b$10$lzCSPqrFqsJsYVcJEWwOnOaWsbSJZWbSfgDM1y5U6DNnsQTmuue/2', '0914670854', '其他', '1996-08-14', '其他', '銅牌', '68PNe1B6', NULL, '狗', '施詩涵', '2021-06-16 01:55:58', '2021-07-16 01:55:58'),
('mem00364', '郭宜靜', 'Sam9619@gmail.com', '$2b$10$F/5AZ4DDDDFpEYtEUSf6yOywpbYgrgQ1HqSUOtVjDZVK7JJ.MnKfm', '0975814405', '男', '1999-08-14', '狗', '銀牌', 'harZYGgf', NULL, '狗', '郭宜靜', '2021-11-21 19:42:58', '2021-12-21 19:42:58'),
('mem00365', '徐寧鄉', 'Vincent5424@gmail.com', '$2b$10$qEorpkU4m9DkL2rEg4iq4eXptQ7sMCM9XXjLvynG4lMiO5LLZ8E7q', '0963660914', '男', '2002-10-29', '狗', '銀牌', '5EpTyMjA', NULL, '狗', '徐寧鄉', '2020-03-04 15:04:21', '2020-04-03 15:04:21'),
('mem00366', '莊家瑋', 'Chris6739@gmail.com', '$2b$10$ZSHv68ckVaHEg7I28W1oaeUWx8IkwRKb2hAEStyzNUigVjbzR.uV2', '0924611987', '其他', '1994-01-13', '其他', '銀牌', 'RpSldqEl', NULL, '狗', '莊家瑋', '2022-05-28 21:22:45', '2022-06-27 21:22:45'),
('mem00367', '蕭怡君', 'Ava9595@gmail.com', '$2b$10$NVaTSf6TseMe.ybOIXIgie3HPI3Ig/Kpg71RvNVxFroYZPSRkA7UG', '0967298525', '男', '2001-05-16', '其他', '銅牌', 'o8q2R85F', NULL, '貓', '蕭怡君', '2020-06-26 18:18:57', '2020-07-26 18:18:57'),
('mem00368', '廖雅筑', 'Ava6212@gmail.com', '$2b$10$93K9BzKH8gP2bpdZmIbed.GSPhvR34LvFnZo7091jVPAC5Gxqg5c6', '0918388924', '男', '1995-09-10', '狗', '金牌', 'DGVpeks6', NULL, '狗', '廖雅筑', '2021-04-08 05:13:54', '2021-05-08 05:13:54'),
('mem00369', '廖彥廷', 'Olivia9158@gmail.com', '$2b$10$Dh81vEUeMyEzMi122DISoOJXXujKMrE3xUu.4trXNx1fmV./JA80W', '0927642159', '女', '2002-10-24', '狗貓', '銀牌', 'evnHYdzV', NULL, '貓', '廖彥廷', '2022-04-25 18:39:49', '2022-05-25 18:39:49'),
('mem00370', '彭宇軒', 'Allen8887@gmail.com', '$2b$10$ca273LXeZM1RS./AV0BY5eO5HwUzLq00oVUY7VYQRg6MHCGkIIhvG', '0960724328', '女', '1989-06-05', '貓', '銅牌', 'BRcVWAkE', NULL, '貓', '彭宇軒', '2021-01-26 22:54:40', '2021-02-25 22:54:40'),
('mem00371', '呂季庭', 'Steven6785@gmail.com', '$2b$10$eiJ12REahlHn0b6Y/UDnB.cRkyM6.Y5SB0.1FxFy1E2Kyk4xagvaq', '0991753503', '其他', '1984-12-20', '狗貓', '銅牌', '228W6owP', NULL, '狗', '呂季庭', '2022-10-26 18:42:41', '2022-11-25 18:42:41'),
('mem00372', '徐柏翰', 'James7472@gmail.com', '$2b$10$YqHdU2onZpzw/HJlkAZr6.SMi5pBdpWJ2j9J7JGLroD4j85hpHYYK', '0988303382', '女', '1986-04-29', '其他', '金牌', 'Evl1KA1V', NULL, '貓', '徐柏翰', '2021-02-15 02:35:08', '2021-03-17 02:35:08'),
('mem00373', '彭季庭', 'Jerry1716@gmail.com', '$2b$10$qtGpp4/lnGMWMI7SeD5a8eEfSiFJSG3TQ74qE60zcQqUV6UwqJrQm', '0941968857', '其他', '1983-12-25', '其他', '銀牌', 'W2v71paw', NULL, '貓', '彭季庭', '2022-05-20 10:03:22', '2022-06-19 10:03:22'),
('mem00374', '朱怡婷', 'Allen2863@gmail.com', '$2b$10$ZM2VMTumdIgY3wIYHbyhiOcv7CvkQ3MwuymxICtzBYsQXgpMQPvEK', '0919624436', '女', '1999-04-15', '狗', '銅牌', 'wh3lWxqo', NULL, '狗', '朱怡婷', '2022-01-22 15:33:31', '2022-02-21 15:33:31'),
('mem00375', '詹怡婷', 'Peter8554@gmail.com', '$2b$10$fB9uCwYM5GEi5z4FqXh9fu0Svx9BTISNWgnFe4Ba8xwVLbKsamX.a', '0977164368', '男', '1999-06-29', '狗貓', '銅牌', '6OSEm7Y1', NULL, '狗', '詹怡婷', '2022-08-02 04:15:09', '2022-09-01 04:15:09'),
('mem00376', '邱怡萱', 'Alex1526@gmail.com', '$2b$10$wKJDyfVmkUiT061azF0x0.0MTqUIRYKW/cpWBCaPr7OQWL.X9PDZ.', '0962679708', '女', '1998-12-23', '狗', '金牌', 'U7sfycW5', NULL, '狗', '邱怡萱', '2022-01-27 13:15:23', '2022-02-26 13:15:23'),
('mem00377', '蔡宇軒', 'Tony8175@gmail.com', '$2b$10$45v9Ly13KSfK9NUX0mFTz.Qal4TXLwS/OWcF1cW.eg5awOJfFLz3G', '0987353013', '其他', '1990-02-22', '其他', '金牌', 'uIFXZnyG', NULL, '狗', '蔡宇軒', '2021-03-17 14:04:03', '2021-04-16 14:04:03'),
('mem00378', '陳彥廷', 'Peter9905@gmail.com', '$2b$10$Mx.Tu4kVv0nXFiMT0JdgqezrKS4fmbFMRTwgBM.Xzt6vuA0qyUXP6', '0993662560', '男', '1997-11-10', '狗', '金牌', 'VUlPOh9a', NULL, '狗', '陳彥廷', '2023-05-01 07:44:46', '2023-05-31 07:44:46'),
('mem00379', '鍾家瑋', 'Vincent4998@gmail.com', '$2b$10$xs1hadSy3FT0bQze0VSnlOggKDeBwtgaDE4fWyoBFVSVMC4j0DiFe', '0990795010', '其他', '1998-04-26', '狗', '銅牌', 'DKPFycBL', NULL, '狗', '鍾家瑋', '2022-05-11 04:03:35', '2022-06-10 04:03:35'),
('mem00380', '廖郁婷', 'Steven1127@gmail.com', '$2b$10$RdTNhF.eJPimbbailnAM9e4Fvcjd3cQUx2Ju6.JSFiT3q0wGZ8BZe', '0917950116', '其他', '1987-06-20', '貓', '金牌', 'qOMucODk', NULL, '貓', '廖郁婷', '2022-11-01 16:19:40', '2022-12-01 16:19:40'),
('mem00381', '邱宗翰', 'Tony5001@gmail.com', '$2b$10$MfEPXvjLbP6IHS2.QwiFL.8DhQDks4D22qOrzJ9wgU7bGRy5o6yle', '0926655832', '女', '1994-08-15', '貓', '銀牌', 'ztkJAOMe', NULL, '貓', '邱宗翰', '2022-09-28 10:33:11', '2022-10-28 10:33:11'),
('mem00382', '吳怡婷', 'Ryan8362@gmail.com', '$2b$10$2RX9.ZCLYXxiCPMBIKl1ouIsUI70S/6Yrpwe9AfHpUy9Rk7sN2yzy', '0935227249', '男', '1994-09-25', '狗貓', '銀牌', '4UK6jNwv', NULL, '狗', '吳怡婷', '2023-01-24 17:55:48', '2023-02-23 17:55:48'),
('mem00383', '劉沛怡', 'Chris6289@gmail.com', '$2b$10$LiSRhMWbwDnurU9Oqy3a7..ka026cdRe8ChAtKmi6a5fGn/OZkPjG', '0945696881', '男', '1999-04-02', '貓', '銀牌', 'Eg5s8OgL', NULL, '貓', '劉沛怡', '2021-09-18 17:26:04', '2021-10-18 17:26:04'),
('mem00384', '曾柏翰', 'Alex9684@gmail.com', '$2b$10$B0GbmMtVcNWpM1..HElkJuuV1WWa5f8X7KZjTXdiRT9n.GZRmKI4S', '0939801397', '男', '1982-11-26', '狗貓', '銅牌', 'AmSW0v8A', NULL, '狗', '曾柏翰', '2022-01-12 02:17:53', '2022-02-11 02:17:53'),
('mem00385', '蕭宗翰', 'Ryan7665@gmail.com', '$2b$10$iw1a72PRIeCSavAhr6GoXOkCklN4xmQi8LDDD6.TPoFOALOd3cPzy', '0933680415', '女', '1995-07-14', '狗貓', '金牌', 'Ms5JsBKK', NULL, '狗', '蕭宗翰', '2023-01-18 04:14:48', '2023-02-17 04:14:48'),
('mem00386', '何冠宇', 'Mia5815@gmail.com', '$2b$10$4PPDi5TpuhjeCKl90qgK0.WuuYqI8whnunMakFeQP.WiTNsWlY4IW', '0952045451', '女', '1990-07-23', '其他', '銀牌', 'AZXj2Nw7', NULL, '狗', '何冠宇', '2020-04-02 17:48:52', '2020-05-02 17:48:52'),
('mem00387', '吳宗翰', 'Leo1195@gmail.com', '$2b$10$qxBvrAAw.WNlD3VmjwlQFO2PHmkXYYSlcaAt5Z93.fv.7D7FzN.9O', '0913779302', '男', '1993-06-12', '其他', '金牌', 'II4XD7qC', NULL, '狗', '吳宗翰', '2020-07-24 23:30:08', '2020-08-23 23:30:08'),
('mem00388', '劉宜靜', 'Tony6026@gmail.com', '$2b$10$OMyk.ULWAd5Tw0wd0.Lf2e4oRQ5s.wJn94WGrGTv21UB32JI0fZcu', '0988462715', '男', '1988-04-04', '其他', '銀牌', 'XaNXDl5P', NULL, '狗', '劉宜靜', '2023-01-29 07:18:10', '2023-02-28 07:18:10'),
('mem00389', '蕭宇軒', 'Jerry8430@gmail.com', '$2b$10$YSNuE5urFRkj98xL6bRh3u1E3O2YROa53g9jVeB3T2kRng1R2PXna', '0910801045', '其他', '1986-02-28', '貓', '銅牌', 'y6jXIz5s', NULL, '貓', '蕭宇軒', '2022-11-08 01:41:46', '2022-12-08 01:41:46'),
('mem00390', '鍾冠霖', 'Evelyn5765@gmail.com', '$2b$10$TDva3T2riNyxXNwRSIJvseYHYucoZ7JZ/5HJaUS1gf4QJzZiyeSUK', '0996407057', '男', '1987-08-01', '狗', '銅牌', 'jqEJnYPz', NULL, '狗', '鍾冠霖', '2020-02-09 14:55:35', '2020-03-10 14:55:35'),
('mem00391', '鍾怡婷', 'Isabella6352@gmail.com', '$2b$10$iDzrV22ic8J6sCn0r1T33u1uLWOiH2HqcWyrJf9pU4ix25QTJqXCW', '0996977737', '男', '1992-05-31', '其他', '銀牌', 'U37hrnNr', NULL, '狗', '鍾怡婷', '2020-04-11 13:48:19', '2020-05-11 13:48:19'),
('mem00392', '施家豪', 'Jerry4702@gmail.com', '$2b$10$A.6Y7iW1vUyxfLB5bzynIOLrkIPeEASnZY.SuZ0yxIQbhgFcYSkae', '0992129912', '其他', '1997-01-26', '狗', '銅牌', '6DFqNLBu', NULL, '狗', '施家豪', '2020-05-24 13:40:03', '2020-06-23 13:40:03'),
('mem00393', '沈宜零', 'Evelyn2989@gmail.com', '$2b$10$rFz58RqXN2XTjrI23stNjOBPmuRnMK/JlN8mZguLtLpWKz85eVVMW', '0954507081', '其他', '1981-01-22', '狗', '銀牌', 'ZCTL7lxv', NULL, '狗', '沈宜零', '2020-11-30 13:07:54', '2020-12-30 13:07:54'),
('mem00394', '曾承翰', 'David5956@gmail.com', '$2b$10$4M0/A5KaDy.DFSkuuSzIHOeLX7OleHqJHNK9mSgAaYRrks.JWQGsm', '0978948267', '其他', '1991-11-17', '其他', '銀牌', 's9zznSXl', NULL, '狗', '曾承翰', '2022-04-27 04:42:03', '2022-05-27 04:42:03'),
('mem00395', '葉冠宇', 'Peter2174@gmail.com', '$2b$10$Y9tmlTyov.Ir16VTWnmIDOC65xo4B3Y2vHHbm3NqIjWKj51Gy6nOi', '0933441883', '女', '1985-08-07', '狗', '銅牌', 'JTt0RwGq', NULL, '狗', '葉冠宇', '2022-11-24 22:03:05', '2022-12-24 22:03:05'),
('mem00396', '徐季庭', 'Alex3615@gmail.com', '$2b$10$9SmIVgyuhtZ8AdUh/HlVKuphAEzz8L5RbxWZisA4Mhe3BejO0ue9i', '0991340139', '男', '1980-01-25', '其他', '銀牌', 'Ag2CabDj', NULL, '貓', '徐季庭', '2020-03-29 14:45:47', '2020-04-28 14:45:47'),
('mem00397', '謝宗翰', 'Sam7291@gmail.com', '$2b$10$XeTu2w1ePAZQboUtKGQYbe5vxZVwEpRtJCAve0oMT5eYFDF7zUiFW', '0916627532', '男', '1993-01-15', '狗貓', '銀牌', 'yIDN4LsI', NULL, '貓', '謝宗翰', '2020-08-29 11:02:38', '2020-09-28 11:02:38'),
('mem00398', '陳家豪', 'Ken2598@gmail.com', '$2b$10$4X0eOyB.PiuIVZ6k0oda0.alNcZMX4YsDiUf4shLiq9.7WIl5L.la', '0933627729', '其他', '2000-04-16', '其他', '銀牌', 'b0pyYCkp', NULL, '狗', '陳家豪', '2020-02-28 23:04:28', '2020-03-29 23:04:28'),
('mem00399', '周柏翰', 'Steven4628@gmail.com', '$2b$10$0AMtWv0R4jlmIa1fCDuRq.YVXjoQ103bdiFnT59dJcOFTbFyjpaA2', '0976476311', '女', '1989-08-04', '貓', '銅牌', 'JElqeEXF', NULL, '貓', '周柏翰', '2022-01-08 17:34:16', '2022-02-07 17:34:16'),
('mem00400', '周家瑋', 'Eric2583@gmail.com', '$2b$10$GcyE0h0nvQ74/GVcRhXIUOQ1pDFEAChUL68S4IqLS293WW/fvLjG2', '0974483872', '女', '1992-07-19', '狗', '銀牌', 'D93VGe42', NULL, '狗', '周家瑋', '2021-09-22 03:21:45', '2021-10-22 03:21:45'),
('mem00401', '賴沛怡', 'James7101@gmail.com', '$2b$10$VO1qWtaKiyfg1DP7bMAal.slXEb1Z4SeYTD3MUPOAuCiQWYyzSo/6', '0923071838', '男', '1981-06-23', '狗貓', '銀牌', 'KKGHISrp', NULL, '狗', '賴沛怡', '2023-01-04 00:40:10', '2023-02-03 00:40:10'),
('mem00402', '蔡季庭', 'Jason5456@gmail.com', '$2b$10$g8u1p2u3cMAVvGUsRd.ReuwUvHlkDMr4Yo9WEF8oh82GZTRmtoPsW', '0955459440', '女', '1987-10-13', '狗', '銀牌', 'qds8tY7W', NULL, '狗', '蔡季庭', '2020-12-12 19:55:08', '2021-01-11 19:55:08'),
('mem00403', '葉雅婷', 'Steven9077@gmail.com', '$2b$10$/49ijSqlNFFVApuSZEOw7edS8.3kBbYqfJc18YNO1w253wws5frRy', '0927299178', '其他', '1993-03-18', '其他', '銅牌', 'doQ5aWlI', NULL, '狗', '葉雅婷', '2020-08-26 13:44:42', '2020-09-25 13:44:42'),
('mem00404', '洪季庭', 'Steven5740@gmail.com', '$2b$10$jfKGuiCJdGuLfRYaicNOIOmn5R2G/7Huh6S.Ps7QLyZzo150eFWmW', '0987671492', '女', '1987-07-08', '其他', '銀牌', 'wnTJ6Owd', NULL, '貓', '洪季庭', '2020-05-26 22:17:52', '2020-06-25 22:17:52'),
('mem00405', '楊季庭', 'Kevin5657@gmail.com', '$2b$10$E6K1OuKemisVMG5fz34o4eTAwBzNx4wG.q4bibVaHsaSxQFQiWCOu', '0928224480', '女', '2002-11-08', '貓', '銀牌', 'Nvadw6YV', NULL, '貓', '楊季庭', '2021-08-11 00:56:45', '2021-09-10 00:56:45'),
('mem00406', '潘冠廷', 'David3015@gmail.com', '$2b$10$r1/EtImfKEBmPoRs0mq6aOzEsLMT.MWd4Wd57syzDZjKIp8FxydVm', '0991344669', '男', '1999-03-04', '貓', '銀牌', 'JCFup0I7', NULL, '貓', '潘冠廷', '2020-08-22 03:04:11', '2020-09-21 03:04:11'),
('mem00407', '江雅婷', 'Leo4063@gmail.com', '$2b$10$A6wsx/.MsO5WQLmHGnqbnOkab6a./x86cnXJc5soYzvmunevaW5US', '0993755176', '男', '1995-10-23', '狗貓', '銀牌', '3DvtVr7R', NULL, '狗', '江雅婷', '2022-09-03 09:53:36', '2022-10-03 09:53:36'),
('mem00408', '潘柏翰', 'Andy4645@gmail.com', '$2b$10$eetiOmcNmmWvyaq82Q.T8uttVnrZD5z8ggE9p79vDpUJKnI4BEh5m', '0966980993', '女', '2001-11-10', '貓', '金牌', 'mmeOaxuY', NULL, '貓', '潘柏翰', '2023-04-05 06:19:32', '2023-05-05 06:19:32'),
('mem00409', '蘇沛怡', 'Jason1522@gmail.com', '$2b$10$n8fI2V2YnfitSePv6ZAeYuzFcshpneY4G.dL6Ge83Ruw37tM5RAKa', '0970948035', '女', '1994-08-15', '貓', '金牌', 'Rt15oDuj', NULL, '貓', '蘇沛怡', '2020-02-02 02:51:43', '2020-03-03 02:51:43'),
('mem00410', '鄭書儀', 'Leo5315@gmail.com', '$2b$10$JBR.e1wTTQ6KAIXYa/WtLe6i8C/V9vrxDjF4YzMzXaB8itGqS888u', '0920872118', '其他', '1980-04-10', '其他', '銅牌', 'ddi2Dw08', NULL, '狗', '鄭書儀', '2023-05-28 00:50:14', '2023-06-27 00:50:14'),
('mem00411', '蔡沛怡', 'Charlotte6400@gmail.com', '$2b$10$J8tNRGqtCwlTW4BMo/TYkO3/4csmj4.8Q1Q1TDTI58cp/EpUfZB4a', '0920662298', '其他', '1980-02-28', '貓', '金牌', 'iYG00qoa', NULL, '貓', '蔡沛怡', '2022-08-25 15:23:04', '2022-09-24 15:23:04'),
('mem00412', '劉冠宇', 'Evelyn1433@gmail.com', '$2b$10$ZlH4C98Cznf0QKL3fxXhI.wowVJdMqDZBIndjyxggD95/6JKtvdiK', '0947060817', '女', '1985-02-01', '狗', '金牌', 'LjXwCHQT', NULL, '狗', '劉冠宇', '2021-09-30 09:54:50', '2021-10-30 09:54:50'),
('mem00413', '詹冠宇', 'Amelia5088@gmail.com', '$2b$10$07fHXQVTJDF4caBKG/5B2uQG7TAE9DGphJ.uGbe0IBv3Jm.kpZ4aK', '0970184941', '其他', '2000-11-13', '狗貓', '銅牌', 'YfGUzCqc', NULL, '狗', '詹冠宇', '2022-10-03 22:02:27', '2022-11-02 22:02:27'),
('mem00414', '陳怡君', 'Vincent2325@gmail.com', '$2b$10$vZCWf1/XYMYX1XFlnjEghuCKcgnNJFgadIoOavxR5Uw8eZxCpCWBa', '0926041094', '男', '1986-06-29', '貓', '銅牌', 'XsbAbSFc', NULL, '貓', '陳怡君', '2023-04-03 12:50:28', '2023-05-03 12:50:28'),
('mem00415', '江詩涵', 'Evelyn2707@gmail.com', '$2b$10$Nq9ymJI75CpUHPt6XANfuuuyta7qZnepqGLWav4oD8DbUorBCZ4Y6', '0959765205', '女', '2002-10-30', '狗', '銀牌', 'gk8JtRMW', NULL, '狗', '江詩涵', '2020-11-29 21:42:06', '2020-12-29 21:42:06'),
('mem00416', '簡宜靜', 'Evelyn6296@gmail.com', '$2b$10$LZQcZj..tegX/MhUrHAEde1TZNuZz9DRD2iQgzOS37pPUMTMgO4lC', '0965559577', '其他', '1981-04-16', '狗貓', '銅牌', '83xYp4KE', NULL, '狗', '簡宜靜', '2020-11-16 10:31:28', '2020-12-16 10:31:28'),
('mem00417', '胡季庭', 'Tony1028@gmail.com', '$2b$10$3jFxNceGugv6J/zeJFnAWOiKY..KYgar1MGze/9F57o9e/J1JR6OO', '0976322475', '男', '1992-10-20', '狗', '金牌', 'g55RlFPJ', NULL, '狗', '胡季庭', '2022-01-22 00:58:10', '2022-02-21 00:58:10'),
('mem00418', '彭郁婷', 'Evelyn5926@gmail.com', '$2b$10$zbyn8NBv/ZsrBc5PHX4Th.mfyMWjmQelYF7eeFtjO01k2ao.jM.xG', '0945170821', '女', '1985-10-30', '其他', '銀牌', 'v3EGLnHJ', NULL, '貓', '彭郁婷', '2021-12-08 14:52:02', '2022-01-07 14:52:02'),
('mem00419', '潘宇軒', 'Jerry4537@gmail.com', '$2b$10$CNzNmcShwHqeupwEMWHsUOiCF3AV9.9jfFB2Yu8MgoJ4yyuXinCsG', '0918779098', '女', '1985-04-29', '狗貓', '金牌', 'jScxYvLV', NULL, '狗', '潘宇軒', '2020-07-19 03:33:54', '2020-08-18 03:33:54'),
('mem00420', '林宜零', 'Evelyn8365@gmail.com', '$2b$10$FeSYB9jeFHG8FTZilh470.74CtRHcjD8J0niACCk8WYOnv8pwClxS', '0937598293', '男', '1985-10-02', '貓', '銀牌', 'lHyTUoAa', NULL, '貓', '林宜零', '2022-05-28 17:58:20', '2022-06-27 17:58:20'),
('mem00421', '洪怡婷', 'Isabella2875@gmail.com', '$2b$10$wHAbcY7zxWhs0Lz6TqcZIuxdCE4GvGe3a/fIs9mbDV8tF1O2mTpwO', '0979995228', '其他', '1981-12-14', '狗貓', '銅牌', 'UcDXhQLV', NULL, '貓', '洪怡婷', '2021-07-19 15:50:17', '2021-08-18 15:50:17'),
('mem00422', '劉冠廷', 'David3886@gmail.com', '$2b$10$wGaXCLvB.S60/LfJUwE/dO3eey8fHcKs.dRyN/tfHnujDbT8S1yN6', '0981300620', '女', '1998-12-31', '其他', '銅牌', '4Xp8qI3f', NULL, '狗', '劉冠廷', '2022-02-24 01:49:27', '2022-03-26 01:49:27'),
('mem00423', '張季庭', 'Peter6354@gmail.com', '$2b$10$Cvxl1NfR/dRJ10Er6i0s4uJ6O3oNOKopW3Xj7wzQqJwkr78oo5FIS', '0936541490', '男', '1992-05-16', '其他', '銅牌', 'jrLaYtTn', NULL, '狗', '張季庭', '2020-06-13 21:32:14', '2020-07-13 21:32:14'),
('mem00424', '何宜靜', 'Chris9544@gmail.com', '$2b$10$qnD0ZKZ0YGgwMq1bVFNTouSPNhPIQEvLRefVe4JD70WajrGEC.U3q', '0956296901', '男', '2000-06-02', '狗', '金牌', '4cwnRwbF', NULL, '狗', '何宜靜', '2020-03-31 08:21:10', '2020-04-30 08:21:10'),
('mem00425', '吳季庭', 'Charlotte7905@gmail.com', '$2b$10$XhPEeqT8ocgMAc.RIdYjduhWBN1rGp4yMC6AGo3ihnh8JjcSmfszq', '0984578421', '其他', '1998-01-08', '貓', '銀牌', '0lXAw154', NULL, '貓', '吳季庭', '2021-04-01 05:39:32', '2021-05-01 05:39:32'),
('mem00426', '何怡君', 'Evelyn2604@gmail.com', '$2b$10$KGp03qxtfsOcqA0GgViCEuAGkb4CfkIi7cyyZzXwbXnbso5kydgn.', '0954426432', '女', '2001-08-30', '狗', '金牌', '30BB0AqU', NULL, '狗', '何怡君', '2020-03-13 06:02:10', '2020-04-12 06:02:10'),
('mem00427', '江冠廷', 'Jack7551@gmail.com', '$2b$10$R0ny3E/9G/fTLHf3knDyVeYlBUEX7UAGFNW7OUWAJ9U5Yc2unwRdC', '0953395121', '男', '1991-03-13', '狗', '銅牌', 'BrGU34xx', NULL, '狗', '江冠廷', '2022-06-26 10:40:44', '2022-07-26 10:40:44'),
('mem00428', '莊家瑋', 'Ava7961@gmail.com', '$2b$10$BZlszcGo7w0rWll/eiSjNulYDb12k/xZCXgn9gVG0xlsjMqpUUx3.', '0916909705', '男', '1983-07-30', '貓', '銀牌', 'OuR2t732', NULL, '貓', '莊家瑋', '2022-12-30 20:34:29', '2023-01-29 20:34:29'),
('mem00429', '沈詩涵', 'Tony3308@gmail.com', '$2b$10$W7MUC.wH7bKnQiRvlIPRg.O.x/.TrA9fKThwxY61jxnW0jjwiDb7C', '0981921664', '其他', '2002-03-23', '其他', '銅牌', 'plgI9erj', NULL, '狗', '沈詩涵', '2023-06-02 19:59:50', '2023-07-02 19:59:50'),
('mem00430', '施雅婷', 'Vincent2248@gmail.com', '$2b$10$bg2ZfIRi7a1xNXKnOKkLWOt01CKy07dfhGiGSHCjFG.PWkpAM9SC2', '0974945698', '女', '1986-02-19', '狗貓', '銀牌', 'Wnl9Hohl', NULL, '貓', '施雅婷', '2021-06-14 05:09:46', '2021-07-14 05:09:46'),
('mem00431', '吳冠霖', 'Evelyn6852@gmail.com', '$2b$10$fG2DNoiuJXTw9o9M5DMKnuvBvegXCJORgkFfM38RmNcJNd/VmET3S', '0982137245', '其他', '1992-09-22', '狗貓', '金牌', 'k0lalO9S', NULL, '狗', '吳冠霖', '2021-05-08 23:00:12', '2021-06-07 23:00:12'),
('mem00432', '蕭怡萱', 'Peter4741@gmail.com', '$2b$10$BWqq14yz342hRQ0xr3yJR.DRybiulDzbI.r9gXwbGkl0gLdEPwGuS', '0933225007', '女', '2000-02-28', '狗貓', '金牌', 'ffGk8c9j', NULL, '狗', '蕭怡萱', '2022-05-05 05:42:38', '2022-06-04 05:42:38'),
('mem00433', '羅宇軒', 'Tony3190@gmail.com', '$2b$10$d0U7U2pVF/Q2LFTr1qCwDuDTAhwzUj.NGJ/IS1NF0dFJPsNyihkzG', '0973561872', '其他', '2002-11-15', '其他', '銅牌', 'Gx9lVkSH', NULL, '貓', '羅宇軒', '2023-04-09 10:03:40', '2023-05-09 10:03:40'),
('mem00434', '蔡家豪', 'Jason7378@gmail.com', '$2b$10$86US5RQ8KLlqRvwlDAqPJuIAd649nRMzypiUFX1lsWrDGXlaPZ.A2', '0987190106', '男', '1998-03-16', '狗貓', '銀牌', '9U1N7fhZ', NULL, '狗', '蔡家豪', '2020-07-22 15:41:40', '2020-08-21 15:41:40'),
('mem00435', '江宗翰', 'Daniel4803@gmail.com', '$2b$10$YGiQHrhKGuZzTxujgrzPseJ9u3BcgPmzCA8zxi63O6fVdP3RfQdG6', '0968727400', '其他', '1996-07-21', '貓', '金牌', 'KYvTmCy6', NULL, '貓', '江宗翰', '2021-07-24 02:36:54', '2021-08-23 02:36:54'),
('mem00436', '游宗翰', 'Andy5918@gmail.com', '$2b$10$vH5ORETb9Ch.cxjfYCTRE.sHhlCUqun0xC5tv6XHzAJlwGq/tDlnS', '0932135729', '女', '1998-06-09', '貓', '銀牌', 'QLG20q5O', NULL, '貓', '游宗翰', '2020-04-07 19:03:32', '2020-05-07 19:03:32'),
('mem00437', '蘇承翰', 'Daniel7561@gmail.com', '$2b$10$Eg167U5tepJVxbcHk.22qOW06XOWj2jE5t1Rs1hRIN2j7L/cEjFb.', '0927932747', '女', '1981-02-13', '狗貓', '銅牌', 'asoEKmzm', NULL, '貓', '蘇承翰', '2021-06-27 07:18:13', '2021-07-27 07:18:13'),
('mem00438', '高宜零', 'Sam5623@gmail.com', '$2b$10$WJNdajwgjY0L6Bi1oiiHgOn7bmaQks9x21TtnjRn4Blt7PZ3Ot4UK', '0918671055', '其他', '1998-01-29', '狗', '銅牌', 'mIIaOyX1', NULL, '狗', '高宜零', '2020-01-06 10:47:45', '2020-02-05 10:47:45');
INSERT INTO `member_info` (`member_sid`, `name`, `email`, `password`, `mobile`, `gender`, `birthday`, `pet`, `level`, `member_ID`, `profile`, `game_pet`, `nickname`, `create_time`, `update_time`) VALUES
('mem00439', '胡宜靜', 'Amelia8138@gmail.com', '$2b$10$wK0ckZ77Vsc59Jqfz5QMPux7PXNHeXmx2t6rD6d3yUqbIwnyzB.nW', '0994464328', '女', '1982-04-09', '貓', '銅牌', 'CRmUoBmf', NULL, '貓', '胡宜靜', '2021-01-08 15:27:03', '2021-02-07 15:27:03'),
('mem00440', '鄭宗翰', 'Kevin9911@gmail.com', '$2b$10$qpDSV.Xfx5HwzTIKCyYKceNevOMMTWFkGt16kK2PAz2EgynCn.CDK', '0947064830', '其他', '1989-07-29', '貓', '金牌', '5fIy1h7g', NULL, '貓', '鄭宗翰', '2023-04-28 11:24:43', '2023-05-28 11:24:43'),
('mem00441', '葉宜零', 'Ryan6316@gmail.com', '$2b$10$wXYtpoFj7eLXkSTnKOQilOtOAMNRzm6tRQS8HmLYfow2wFnqMNH9q', '0919914293', '男', '1983-04-24', '狗', '金牌', 'uMpk3SdR', NULL, '狗', '葉宜零', '2022-12-31 21:36:42', '2023-01-30 21:36:42'),
('mem00442', '徐季庭', 'James7704@gmail.com', '$2b$10$CYHZ97CyG4.hEQ7wF2MfW.b/HNhxjHjbn1EnGMBqWt5KZyFpRI6si', '0916426889', '女', '1985-09-02', '其他', '銀牌', 'ZmuLbbiz', NULL, '貓', '徐季庭', '2020-09-08 04:49:57', '2020-10-08 04:49:57'),
('mem00443', '周怡君', 'Kevin7502@gmail.com', '$2b$10$453z0NYbCpgggGf0frkDMejxxUky8rgNO9hVAhIdnUWdSzz0Lfb5m', '0946687285', '男', '1983-07-09', '貓', '銀牌', 'Hube0Vk0', NULL, '貓', '周怡君', '2021-09-15 03:11:16', '2021-10-15 03:11:16'),
('mem00444', '何宜零', 'Kevin3158@gmail.com', '$2b$10$ZAY3ifJMcX8SN1uW3SY7aei/zAK3FuchskAY2eqE/7dok7sYjZtmW', '0944985536', '其他', '1998-10-30', '貓', '銅牌', 'SZYznvQL', NULL, '貓', '何宜零', '2021-07-19 23:01:08', '2021-08-18 23:01:08'),
('mem00445', '葉佳穎', 'Charlotte3199@gmail.com', '$2b$10$oP.CkrKyIKAu/azOdtzObuV1JlzBkYDaYh.bh.L.enZcJMd7xfe5G', '0981516256', '男', '1983-03-07', '貓', '金牌', 'fAflK3B5', NULL, '貓', '葉佳穎', '2022-04-01 12:40:09', '2022-05-01 12:40:09'),
('mem00446', '郭沛怡', 'Vincent3244@gmail.com', '$2b$10$4KSJWRj836.G8Own7rI1LuXHsxQQAv0VfwxPfpg8UPwg0eOSAmKzS', '0930107558', '男', '1997-03-29', '狗貓', '銅牌', '9I2abSad', NULL, '狗', '郭沛怡', '2020-12-02 07:12:48', '2021-01-01 07:12:48'),
('mem00447', '胡宜零', 'Ken3677@gmail.com', '$2b$10$zROQ0PEX.M47M9eXmPlTWeJHQ2AichqVsZ.7y1bSmAnR9Zhg8CUBm', '0911301151', '女', '1995-09-21', '狗', '銀牌', 'irsIDYpj', NULL, '狗', '胡宜零', '2021-12-11 13:06:45', '2022-01-10 13:06:45'),
('mem00448', '林怡婷', 'Eric2657@gmail.com', '$2b$10$QCqM9aPBT218aAqILNwFpuOuKI6gFpdlEDbIn4PXXovRPpP0Swzki', '0957468927', '其他', '1990-12-12', '狗', '銀牌', 'QdToyahj', NULL, '狗', '林怡婷', '2020-02-14 09:34:31', '2020-03-15 09:34:31'),
('mem00449', '彭彥廷', 'Mia1624@gmail.com', '$2b$10$cmpHxsVuHqns9oZGrUz/.O.vvPumQ1/CVOhm8MSXNOAB3VduqQU0K', '0980301087', '其他', '1986-12-25', '狗', '銅牌', 'BaFB9OK0', NULL, '狗', '彭彥廷', '2022-11-18 16:21:44', '2022-12-18 16:21:44'),
('mem00450', '何怡君', 'Steven3300@gmail.com', '$2b$10$oaRM28WQD6oMFnqufoqd.uI6pO/QwLE2Qea8ZgNgeZTcQ/ACeR2IO', '0978845074', '男', '1999-09-10', '狗', '金牌', 'xgJvYFsb', NULL, '狗', '何怡君', '2022-03-08 21:29:47', '2022-04-07 21:29:47'),
('mem00451', '鄭詩涵', 'Allen1397@gmail.com', '$2b$10$POE8HkiH.m3cnR7a3GFwouctzQ0qrZafltVG0.m8ZU8y5Qd2wVh2W', '0912617453', '其他', '1981-12-23', '其他', '銅牌', 'DupuAghM', NULL, '貓', '鄭詩涵', '2023-03-05 02:47:23', '2023-04-04 02:47:23'),
('mem00452', '洪宜靜', 'Sam3316@gmail.com', '$2b$10$9jdMNlFm/Ywklq9p5hMnseJ0GgKuAIH3TAg1mRyDhuq/gwLnZo8AW', '0937012681', '其他', '1995-06-25', '狗', '銀牌', 'nT76N3PC', NULL, '狗', '洪宜靜', '2020-12-19 06:59:55', '2021-01-18 06:59:55'),
('mem00453', '謝寧鄉', 'Olivia5005@gmail.com', '$2b$10$iqbc5YvSK5bCSuMFetApnOmMcHyCQXnPIdS6vbPriPAlm5rmm0Ynm', '0968240815', '女', '1987-03-29', '貓', '銀牌', 'ux54wHjG', NULL, '貓', '謝寧鄉', '2020-12-25 00:29:02', '2021-01-24 00:29:02'),
('mem00454', '蕭怡萱', 'Allen1275@gmail.com', '$2b$10$9eWvFMpYZCrW2.F2Jli0JecxJBM1VaoImQx/w4PuF0ukd.olc/9EG', '0975574065', '其他', '1985-12-28', '狗', '銅牌', 'IK5lD3vq', NULL, '狗', '蕭怡萱', '2020-12-29 19:57:26', '2021-01-28 19:57:26'),
('mem00455', '詹承翰', 'Jerry2579@gmail.com', '$2b$10$mvrgsPRMfJYx4WHdXOkOeu3ZgYeiVS28No1WlV06tAsW4rnkA89C2', '0938826958', '男', '1993-11-05', '貓', '金牌', 'eqkLMLop', NULL, '貓', '詹承翰', '2022-06-01 03:16:32', '2022-07-01 03:16:32'),
('mem00456', '彭宇軒', 'Ken6764@gmail.com', '$2b$10$zG3kYZZX7qBDNMK.rNNJEOjUvCBO6nhX1fnrYf0LomihIIlnG.nOK', '0949136161', '其他', '2000-06-20', '貓', '銅牌', 'KW9HHiJa', NULL, '貓', '彭宇軒', '2020-04-10 19:11:19', '2020-05-10 19:11:19'),
('mem00457', '楊怡萱', 'Sophia2004@gmail.com', '$2b$10$NevQGsJxISQ3aH70JR6fW.BBzadrIzulnBR5777iLnRmmqOxRQn8i', '0957679519', '男', '1998-11-13', '狗', '銀牌', 'IP1v4jFo', NULL, '狗', '楊怡萱', '2022-05-24 08:12:29', '2022-06-23 08:12:29'),
('mem00458', '葉家瑋', 'James8846@gmail.com', '$2b$10$m.ZIE8wysyh45zXbKPSHFuwzcCNLDFYSmCHcNu5.bbkCuGw7sEZPy', '0967153758', '男', '1988-02-12', '貓', '金牌', 'mVbVWfdZ', NULL, '貓', '葉家瑋', '2022-06-24 20:36:03', '2022-07-24 20:36:03'),
('mem00459', '鍾怡君', 'Luna7429@gmail.com', '$2b$10$/5WwJ2zMDaJIGuew7bQDp.ifQmzPUw7IYRZlYAUlUH4eRgvh8igqe', '0950806454', '女', '1993-09-27', '貓', '銅牌', 'DGIg8qNN', NULL, '貓', '鍾怡君', '2021-09-04 05:35:51', '2021-10-04 05:35:51'),
('mem00460', '游家豪', 'Ava6226@gmail.com', '$2b$10$6tLWzcFYY.BgUK6mY5oHMOvj22W1rFakGy/Mdw55pxGfPeLp7S0X2', '0965059827', '男', '1999-03-01', '其他', '銅牌', 'G0GhTmiI', NULL, '貓', '游家豪', '2023-04-18 05:21:53', '2023-05-18 05:21:53'),
('mem00461', '徐郁婷', 'Sophia7213@gmail.com', '$2b$10$aWIEw3dIpSmEvZL3T5EcBuHBLOyaz7Bv5eDC.XJ3JRX7uj8jhGp4W', '0955036787', '男', '1993-07-09', '其他', '銅牌', 'euNqDlUk', NULL, '狗', '徐郁婷', '2021-01-30 06:31:44', '2021-03-01 06:31:44'),
('mem00462', '呂宜零', 'Andy5142@gmail.com', '$2b$10$LGXaI54Zh5Wg7hEAm5wCbOhJUb77AVwRKYoGT.Kc2g9cmE3s9itte', '0965879585', '男', '1988-12-29', '其他', '金牌', 'iAT5eFmX', NULL, '貓', '呂宜零', '2023-06-05 06:26:05', '2023-07-05 06:26:05'),
('mem00463', '高怡君', 'Alex7266@gmail.com', '$2b$10$sOLgwJvqpT5CUfjIDfC8wOUB4wdVsABhymJ3KQrWd3vxjjjB579mu', '0925635623', '男', '1987-12-13', '狗貓', '金牌', 'hIsvaf84', NULL, '貓', '高怡君', '2022-12-03 15:22:02', '2023-01-02 15:22:02'),
('mem00464', '曾宇軒', 'Ken1219@gmail.com', '$2b$10$uZn55EGdwte7RpTvtvHIpucxnCA55pANKoII1RkWWWTnoMw3lrx8u', '0951171952', '女', '1981-08-10', '狗', '銀牌', 'YXapllra', NULL, '狗', '曾宇軒', '2020-11-29 12:01:35', '2020-12-29 12:01:35'),
('mem00465', '郭宗翰', 'Isabella9281@gmail.com', '$2b$10$g4Vs.6lczjqQ73TYVmrH3./KfGTAFCqmIM8y1XIyIVCJ.g6n7N6Ke', '0911810203', '男', '1994-04-02', '其他', '金牌', 'Oz1vo202', NULL, '貓', '郭宗翰', '2020-05-05 20:46:04', '2020-06-04 20:46:04'),
('mem00466', '詹承翰', 'Steven1451@gmail.com', '$2b$10$At9C2dZ2peLBMant58/JZeGrWuolT65BOxkKE/2.F0x1M6gy2mNR6', '0967033958', '其他', '2002-08-20', '狗', '銀牌', 'yzwskXWq', NULL, '狗', '詹承翰', '2020-09-18 17:33:52', '2020-10-18 17:33:52'),
('mem00467', '賴季庭', 'Peter9178@gmail.com', '$2b$10$85QeK42h0KmElzeHOfppyunwIkXJ1yK3J3plSjS2zucFlrT0Ktj7.', '0990511186', '其他', '1996-08-11', '貓', '銅牌', 'Xv5DkBxz', NULL, '貓', '賴季庭', '2022-11-10 01:15:40', '2022-12-10 01:15:40'),
('mem00468', '蘇寧鄉', 'Alex1769@gmail.com', '$2b$10$3ndS3deRsvoQGVXa4B77i.YQllsdSSerxRJbn8sW0SRhhYzRgh3OS', '0933908776', '其他', '1992-05-13', '狗', '銀牌', '1K0G1QdN', NULL, '狗', '蘇寧鄉', '2022-08-09 09:20:45', '2022-09-08 09:20:45'),
('mem00469', '江郁婷', 'Chris6929@gmail.com', '$2b$10$vPdX014i32N2pKOBidntm.fZVWY/MjMH8udK1H.t6HPSRiEn72bEW', '0934364377', '女', '1986-05-05', '貓', '金牌', 'MlLvSLyR', NULL, '貓', '江郁婷', '2022-03-01 06:24:59', '2022-03-31 06:24:59'),
('mem00470', '周書儀', 'Leo8038@gmail.com', '$2b$10$X6wrVXkvHnxeJt7KmqzXzOrpdt42ynxEKNQGxz.J/SQdi.JGqSz.q', '0959977952', '其他', '1994-12-25', '狗', '銅牌', 'ur6Kuj3a', NULL, '狗', '周書儀', '2021-03-05 20:44:10', '2021-04-04 20:44:10'),
('mem00471', '羅柏翰', 'Allen4054@gmail.com', '$2b$10$xl4Q8P8ULTGygfd2Ppn/feN0ckK1/UdDh4Qa48QNWGGmlo/NY5Wjm', '0970999512', '其他', '1988-03-21', '其他', '金牌', 'JU3B6mGJ', NULL, '狗', '羅柏翰', '2023-06-04 11:53:43', '2023-07-04 11:53:43'),
('mem00472', '鍾沛怡', 'Mia9264@gmail.com', '$2b$10$KT5hpc9WC4gHRui44JK1Xu/AMbOU0oDXAhBXiS787ewiNqvgHgV6q', '0992866052', '其他', '1982-10-17', '狗', '銀牌', '3OIZ8WXm', NULL, '狗', '鍾沛怡', '2022-09-23 12:29:49', '2022-10-23 12:29:49'),
('mem00473', '沈冠廷', 'Peter8703@gmail.com', '$2b$10$DMHBUux.zQ3QSv1PuYKBquXUzNgXhCXahwN4ixJgGlpY7y0/rqFjO', '0985284956', '女', '1998-05-08', '狗貓', '金牌', 'KTSJFXtU', NULL, '狗', '沈冠廷', '2021-02-07 17:25:30', '2021-03-09 17:25:30'),
('mem00474', '江書儀', 'Ken7609@gmail.com', '$2b$10$UZFjDuw9nSqD6SljWWc9K.G3YIkenZEbaYOHrY9Bq1XvuFcbcQ5WC', '0934967263', '女', '1998-12-11', '狗', '銅牌', '6qypU6Ws', NULL, '狗', '江書儀', '2022-12-27 11:28:50', '2023-01-26 11:28:50'),
('mem00475', '蔡怡婷', 'Tony8048@gmail.com', '$2b$10$ooCJccByLs.0tvQsW/keiupgtZGjdBQLFIGJoJF2ppnRMInBIALAm', '0980096007', '女', '1982-03-02', '狗', '銅牌', 'Jk2wMK9g', NULL, '狗', '蔡怡婷', '2022-01-06 05:25:35', '2022-02-05 05:25:35'),
('mem00476', '謝冠宇', 'Sam4027@gmail.com', '$2b$10$.MAPLtmHCBynDfmQ51O6MuD6G3obvE9/m7Hfv71mZv4KnbOQD451a', '0915466526', '女', '1982-04-16', '其他', '金牌', 'aTtKvPNf', NULL, '貓', '謝冠宇', '2021-12-25 17:31:09', '2022-01-24 17:31:09'),
('mem00477', '胡雅婷', 'Luna6344@gmail.com', '$2b$10$1/IDuC1KgqMfZT6hXyE1KOILkKEtp4dwaLrEvLrxEMLEB18otPHA2', '0967514948', '其他', '1981-07-15', '貓', '金牌', 'rRkqkGuL', NULL, '貓', '胡雅婷', '2023-03-18 20:21:16', '2023-04-17 20:21:16'),
('mem00478', '黃詩涵', 'Ryan1246@gmail.com', '$2b$10$nPuSGeJ3M.oA1w9Fntap6eEIGtbSoFLFt3erbcwXyv5vum2/oOcEy', '0983667485', '男', '1996-08-09', '貓', '金牌', '04cYN7p3', NULL, '貓', '黃詩涵', '2021-02-23 10:49:55', '2021-03-25 10:49:55'),
('mem00479', '施郁婷', 'Olivia4068@gmail.com', '$2b$10$ov2O9zbXojxaxcpF1Utgwu/RusY/zRVqYOI22QMlEFkkm/rgocrWa', '0926165692', '男', '2002-08-01', '其他', '銀牌', 'jwITHGII', NULL, '狗', '施郁婷', '2022-02-17 06:31:03', '2022-03-19 06:31:03'),
('mem00480', '施宗翰', 'David5549@gmail.com', '$2b$10$5ShjMoLTmTQWTAWyj4qu1.glW36CHb7XuzA/4NXdv7jX/2t0gQZQa', '0983491253', '男', '1999-06-01', '狗', '銀牌', 'p4ONR5SN', NULL, '狗', '施宗翰', '2020-09-22 15:41:47', '2020-10-22 15:41:47'),
('mem00481', '張沛怡', 'Steven2045@gmail.com', '$2b$10$aSIPm09gEHuoA6Xu98Ny9.Tsy3IZqxV9rslR7blcClTSRTE9atmnG', '0964193851', '女', '1989-06-19', '貓', '銀牌', 'dwnLMOpk', NULL, '貓', '張沛怡', '2021-11-21 21:37:51', '2021-12-21 21:37:51'),
('mem00482', '江詩涵', 'Jack3245@gmail.com', '$2b$10$CNJbt8EzhmGucRt8BNNQpuSsVb/olHeWpxMlok6a5UUYhPfltSL.G', '0912120526', '女', '1997-06-20', '其他', '銅牌', 'mH8CN7iT', NULL, '貓', '江詩涵', '2020-06-21 00:26:03', '2020-07-21 00:26:03'),
('mem00483', '郭詩涵', 'Ken5040@gmail.com', '$2b$10$L0IVhoAvu965QL4GGDlrLuFc4WHs3mZPqDHLIERefzjULKnh1uZ9K', '0993081284', '女', '1997-08-07', '貓', '銅牌', 'VrdFEyHA', NULL, '貓', '郭詩涵', '2021-08-06 06:26:46', '2021-09-05 06:26:46'),
('mem00484', '謝詩涵', 'Ken6016@gmail.com', '$2b$10$Wgi.95mvm0Yz50NQMce6euHXQGSNd.2yAm3N.OAClFWMXi39UVviW', '0972447344', '其他', '1983-11-24', '狗', '銀牌', 'RV1CdziZ', NULL, '狗', '謝詩涵', '2022-07-08 05:27:42', '2022-08-07 05:27:42'),
('mem00485', '劉怡君', 'Sam9089@gmail.com', '$2b$10$qMUaAWPkobbWX2YHgUoFOecwVoMaTW41TFAkICiPQ6YEopdDYpl9q', '0972415671', '其他', '1994-05-29', '狗貓', '銀牌', 'zX58UIsb', NULL, '貓', '劉怡君', '2023-04-18 21:51:21', '2023-05-18 21:51:21'),
('mem00486', '羅季庭', 'Charlotte6247@gmail.com', '$2b$10$v9R8GXCR1rBgBMi/KHB4F.u//QICqI.5SefrjiVxRUqTGVBKU5hVG', '0932762546', '其他', '1997-09-21', '狗', '金牌', 'p6jJuq8R', NULL, '狗', '羅季庭', '2022-06-13 00:10:23', '2022-07-13 00:10:23'),
('mem00487', '李宜靜', 'Tony2830@gmail.com', '$2b$10$/JluRL.Y/7rqkYcP2gNYUO9lS.o6XY.oH59DGYAUl4tPKJiUmj.Wu', '0973775656', '男', '1994-06-22', '其他', '銀牌', 'o7VyJInK', NULL, '狗', '李宜靜', '2022-02-25 02:28:11', '2022-03-27 02:28:11'),
('mem00488', '何冠霖', 'Jack6612@gmail.com', '$2b$10$qBLaAUNEn0Rv0X08kRMd3u5.rROq396ggc33Y7DFp52cJBqaNYuxy', '0958737908', '女', '1998-10-09', '其他', '金牌', 'RqXorpQp', NULL, '貓', '何冠霖', '2020-09-19 22:56:24', '2020-10-19 22:56:24'),
('mem00489', '周宜庭', 'Jack6530@gmail.com', '$2b$10$j5MDNUuoSXLjxXfPEfQouec2V6TUo1qfD3EfluPXU8lbi6ZlbpQsS', '0935629093', '男', '1982-11-04', '其他', '銀牌', 'D9MBKSCz', NULL, '狗', '周宜庭', '2021-06-29 14:28:00', '2021-07-29 14:28:00'),
('mem00490', '賴承翰', 'David1486@gmail.com', '$2b$10$5sEFfdChVpECQ2FUIBk6KeTwxcUwYhad3rz/MzxTqYkv1FFNa/qb6', '0923385051', '其他', '1998-02-26', '狗貓', '銀牌', 'iTnTKOje', NULL, '狗', '賴承翰', '2023-02-04 18:19:17', '2023-03-06 18:19:17'),
('mem00491', '葉冠宇', 'Jason6972@gmail.com', '$2b$10$Ofbg5PkPH85k70IkaMjx.etq11ro0dUYaw2JYbpXuhFQzouYpNdT2', '0919128047', '男', '1993-05-23', '貓', '銀牌', 'xhOMAjsa', NULL, '貓', '葉冠宇', '2021-01-16 21:32:28', '2021-02-15 21:32:28'),
('mem00492', '簡怡萱', 'Kevin8145@gmail.com', '$2b$10$26bi3Lz0afHoXQnreLe1defkWUTKMiKpqHXKD9qNS9lyI9kAzxJhu', '0922665100', '其他', '1992-09-29', '狗貓', '銀牌', 'pGxW47DF', NULL, '狗', '簡怡萱', '2021-01-17 12:30:26', '2021-02-16 12:30:26'),
('mem00493', '林承翰', 'Emma3167@gmail.com', '$2b$10$Jdj4n4N7BvQcENXEjiyqLekWhQZooRrB6Q1SrHIGtYB4M8.ugHkjy', '0930066149', '男', '1997-01-17', '狗貓', '銅牌', 'Tuo4VWes', NULL, '狗', '林承翰', '2020-08-15 00:07:46', '2020-09-14 00:07:46'),
('mem00494', '賴詩涵', 'Olivia8004@gmail.com', '$2b$10$Y6M9UC0locdF9SagjmzFtuAV6ngvwQmJEzaOdKXGnk7GKuFIMXj2K', '0928855750', '其他', '1982-10-23', '貓', '銀牌', 'kKO8C33H', NULL, '貓', '賴詩涵', '2021-07-22 10:59:22', '2021-08-21 10:59:22'),
('mem00495', '游佳穎', 'Chris1644@gmail.com', '$2b$10$ONX0DpGHgjImbfhXL4fpj.njspQ1y9dKTV2uuLhAYbAGmtfUk.B4m', '0947883477', '其他', '2002-08-01', '狗貓', '銅牌', 'uHcKQbpF', NULL, '狗', '游佳穎', '2021-12-08 13:55:59', '2022-01-07 13:55:59'),
('mem00496', '施怡婷', 'Ryan1511@gmail.com', '$2b$10$snRzK3BB7haWCN6Bkc2RT.bEgH3qdrpqIpFJfNWeAOh9nWBvnzFD.', '0971471845', '男', '1986-01-08', '狗貓', '金牌', 'ClJG3x9A', NULL, '貓', '施怡婷', '2022-06-19 06:46:01', '2022-07-19 06:46:01'),
('mem00497', '李冠廷', 'James1700@gmail.com', '$2b$10$9vWnX1KGH3FKMKm8VQ.eAuGlNb7XAhj9uSm5q8Y6bnPRjWQt/Jgiq', '0914977206', '女', '1992-11-20', '狗', '金牌', 'TN91DdJ8', NULL, '狗', '李冠廷', '2021-07-10 22:11:02', '2021-08-09 22:11:02'),
('mem00498', '簡家瑋', 'Ava2864@gmail.com', '$2b$10$RJ0tL9buF2SnUIlX5S47Nui3wqQ5pq5s1H2l4jq.vtl14iGUUqGT6', '0978060110', '男', '1994-04-09', '貓', '銀牌', 'yEH0Utky', NULL, '貓', '簡家瑋', '2020-02-21 10:22:09', '2020-03-22 10:22:09'),
('mem00499', '沈彥廷', 'Amelia4993@gmail.com', '$2b$10$crgLTWm0CLXHgfbxc1n8lugSn6jViYRuc7w.XkNp3EcNkQVxyAB8i', '0966768922', '女', '1988-07-15', '狗', '金牌', 'sbZU6Sxo', NULL, '狗', '沈彥廷', '2020-03-28 05:41:39', '2020-04-27 05:41:39'),
('mem00500', '邱沛怡', 'Daniel2860@gmail.com', '$2b$10$kvzwZ1IJlyWHSRrZ/jXl.e04hNUKBo31amMZZxf1NlwaBQb7oPvhe', '0925356040', '其他', '1998-02-11', '其他', '銀牌', 'kqVfitny', NULL, '狗', '邱沛怡', '2022-01-11 00:00:22', '2022-02-10 00:00:22'),
('mem00501', '鍾沛怡', 'zoe820426@gmail.com', '$2b$10$xj8ftfB6LmkgYyqa0eeQx.M9NZjVlwb4QI97b1oCyJNoAqsPnEFAO', '0909045216', '女', '1993-04-26', '狗', '銅牌', 'jxivp0MA', NULL, '狗', '鍾沛怡', '2023-07-11 16:58:19', '2023-07-11 16:58:19');

-- --------------------------------------------------------

--
-- Table structure for table `member_pwd_token`
--

CREATE TABLE `member_pwd_token` (
  `member_sid` varchar(255) NOT NULL,
  `member_token` varchar(255) NOT NULL,
  `create_time` datetime NOT NULL DEFAULT CURRENT_TIMESTAMP
) ENGINE=InnoDB DEFAULT CHARSET=utf8mb4;

-- --------------------------------------------------------

--
-- Table structure for table `member_signin_game`
--

CREATE TABLE `member_signin_game` (
  `signin_sid` int(11) NOT NULL,
  `member_sid` varchar(255) NOT NULL,
  `continuous_days` int(11) NOT NULL,
  `gift_num` int(11) NOT NULL COMMENT '1:每日簽到好禮 2:連續七天簽到好禮',
  `signin_time` datetime NOT NULL DEFAULT CURRENT_TIMESTAMP
) ENGINE=InnoDB DEFAULT CHARSET=utf8mb4;

-- --------------------------------------------------------

--
-- Table structure for table `order`
--

CREATE TABLE `order` (
  `order_sid` varchar(20) NOT NULL COMMENT '訂單編號',
  `member_sid` varchar(20) NOT NULL COMMENT '會員編號',
  `coupon_sid` varchar(20) DEFAULT NULL COMMENT '優惠券編號',
  `post_city` varchar(20) DEFAULT NULL COMMENT '縣市',
  `post_area` varchar(20) DEFAULT NULL COMMENT '地區',
  `post_address` varchar(255) DEFAULT NULL COMMENT '寄送地址',
  `post_type` int(11) DEFAULT NULL COMMENT '寄送方式1:黑貓2:7-113:全家',
  `post_status` int(11) DEFAULT NULL COMMENT '寄送狀態（0:取1:備\r\n2:運3:到\r\n4:未取）',
  `tread_type` int(11) NOT NULL COMMENT '1:cc,2:line,3:google',
  `rel_subtotal` bigint(20) NOT NULL COMMENT '訂單總金額',
  `post_amount` bigint(20) DEFAULT NULL COMMENT '運費總額',
  `coupon_amount` bigint(20) DEFAULT NULL COMMENT '優惠總額',
  `order_status` int(11) NOT NULL COMMENT '訂單狀態0:未付，1:付',
  `create_dt` datetime NOT NULL DEFAULT CURRENT_TIMESTAMP COMMENT '訂單成立時間'
) ENGINE=InnoDB DEFAULT CHARSET=utf8mb4;

--
-- Dumping data for table `order`
--

INSERT INTO `order` (`order_sid`, `member_sid`, `coupon_sid`, `post_city`, `post_area`, `post_address`, `post_type`, `post_status`, `tread_type`, `rel_subtotal`, `post_amount`, `coupon_amount`, `order_status`, `create_dt`) VALUES
('ORD00001', 'mem00460', '205', NULL, NULL, '403 臺中市西區精明一街25號', 1, 3, 2, 160, 60, 33500, 1, '2022-10-03 01:50:51'),
('ORD00002', 'mem00384', '826', NULL, NULL, '950 臺東縣臺東市大孝路4230號', 2, 3, 2, 610, 60, 12200, 1, '2022-02-15 06:08:31'),
('ORD00003', 'mem00360', '825', NULL, NULL, '112 臺北市北投區立農街4832號', 2, 4, 3, 689, 80, 31700, 1, '2020-02-23 19:52:51'),
('ORD00004', 'mem00349', '403', NULL, NULL, '116 臺北市文山區景後街3143號', 2, 0, 3, 502, 80, 29900, 1, '2020-12-01 10:35:59'),
('ORD00005', 'mem00295', '1903', NULL, NULL, '950 臺東縣臺東市大孝路4230號', 1, 0, 2, 342, 60, 35500, 0, '2022-02-24 14:51:45'),
('ORD00006', 'mem00194', '1284', NULL, NULL, '950 臺東縣臺東市大孝路4230號', 1, 4, 1, 343, 60, 52500, 1, '2022-03-07 14:07:23'),
('ORD00007', 'mem00058', '1325', NULL, NULL, '220 新北市板橋區大智街2670號', 1, 4, 2, 408, 60, 10300, 1, '2021-02-04 20:11:13'),
('ORD00008', 'mem00447', '1975', NULL, NULL, '351 苗栗縣頭份市蘆竹路4872號', 1, 2, 3, 360, 60, 57300, 0, '2021-10-19 08:21:28'),
('ORD00009', 'mem00088', '1158', NULL, NULL, '923 屏東縣萬巒鄉營區路4575號', 2, 0, 3, 715, 80, 20300, 1, '2021-01-31 12:56:29'),
('ORD00010', 'mem00029', '913', NULL, NULL, '923 屏東縣萬巒鄉營區路4575號', 1, 0, 3, 931, 60, 40100, 0, '2022-04-10 07:05:25'),
('ORD00011', 'mem00050', '1888', NULL, NULL, '956 臺東縣關山鎮中正路4830號', 1, 1, 2, 270, 60, 13400, 1, '2022-10-01 15:08:10'),
('ORD00012', 'mem00274', '762', NULL, NULL, '403 臺中市西區精明一街25號', 1, 3, 3, 879, 60, 55700, 1, '2021-06-04 07:43:29'),
('ORD00013', 'mem00320', '1600', NULL, NULL, '956 臺東縣關山鎮中正路4830號', 2, 0, 3, 377, 80, 46100, 1, '2023-05-14 14:49:00'),
('ORD00014', 'mem00323', '1315', NULL, NULL, '116 臺北市文山區景後街3143號', 2, 3, 3, 524, 80, 13000, 1, '2021-06-07 04:32:06'),
('ORD00015', 'mem00216', '1607', NULL, NULL, '116 臺北市文山區景後街3143號', 2, 0, 3, 298, 80, 27500, 1, '2020-08-18 18:31:21'),
('ORD00016', 'mem00073', '930', NULL, NULL, '649 雲林縣二崙鄉田底30號', 2, 3, 1, 599, 80, 23500, 1, '2022-10-15 12:59:23'),
('ORD00017', 'mem00262', '1515', NULL, NULL, '737 臺南市鹽水區竹圍183號', 2, 0, 1, 938, 80, 26800, 0, '2020-01-06 05:28:20'),
('ORD00018', 'mem00127', '555', NULL, NULL, '737 臺南市鹽水區竹圍183號', 2, 0, 3, 380, 80, 51400, 0, '2023-02-07 12:19:19'),
('ORD00019', 'mem00099', '280', NULL, NULL, '649 雲林縣二崙鄉田底30號', 2, 1, 2, 505, 80, 51900, 0, '2020-05-13 06:44:41'),
('ORD00020', 'mem00238', '225', NULL, NULL, '956 臺東縣關山鎮中正路4830號', 1, 1, 2, 899, 60, 17200, 1, '2022-09-14 19:38:33'),
('ORD00021', 'mem00272', '457', NULL, NULL, '710 臺南市永康區國光一街2659號', 1, 2, 2, 256, 60, 21000, 1, '2022-07-26 00:50:15'),
('ORD00022', 'mem00106', '297', NULL, NULL, '710 臺南市永康區國光一街2659號', 1, 2, 1, 101, 60, 52300, 0, '2022-08-23 16:48:13'),
('ORD00023', 'mem00136', '213', NULL, NULL, '112 臺北市北投區立農街4832號', 2, 0, 1, 633, 80, 22100, 1, '2020-06-21 15:58:41'),
('ORD00024', 'mem00228', '255', NULL, NULL, '116 臺北市文山區景後街3143號', 2, 0, 2, 522, 80, 45700, 1, '2022-11-13 07:20:25'),
('ORD00025', 'mem00310', '1656', NULL, NULL, '268 宜蘭縣五結鄉大眾東路1840號', 1, 1, 2, 958, 60, 27000, 1, '2022-02-07 11:06:47'),
('ORD00026', 'mem00467', '1793', NULL, NULL, '710 臺南市永康區國光一街2659號', 2, 4, 1, 502, 80, 10300, 1, '2020-12-08 06:48:36'),
('ORD00027', 'mem00257', '475', NULL, NULL, '116 臺北市文山區恆光街3357號', 2, 2, 1, 512, 80, 55300, 1, '2022-01-15 08:05:53'),
('ORD00028', 'mem00394', '560', NULL, NULL, '220 新北市板橋區大智街2670號', 2, 1, 1, 983, 80, 30300, 1, '2020-05-18 13:25:25'),
('ORD00029', 'mem00451', '1622', NULL, NULL, '251 新北市淡水區大勇街1396號', 2, 0, 2, 318, 80, 43100, 0, '2021-05-31 22:57:57'),
('ORD00030', 'mem00071', '355', NULL, NULL, '268 宜蘭縣五結鄉大眾東路1840號', 2, 1, 1, 150, 80, 52400, 0, '2021-10-16 14:16:42'),
('ORD00031', 'mem00232', '309', NULL, NULL, '950 臺東縣臺東市大孝路4230號', 1, 0, 1, 627, 60, 54900, 1, '2021-05-27 04:58:04'),
('ORD00032', 'mem00331', '1333', NULL, NULL, '220 新北市板橋區大智街2670號', 1, 2, 1, 598, 60, 43600, 0, '2022-07-17 06:27:49'),
('ORD00033', 'mem00475', '165', NULL, NULL, '403 臺中市西區精明一街25號', 1, 3, 2, 997, 60, 25600, 0, '2021-01-11 03:03:08'),
('ORD00034', 'mem00210', '217', NULL, NULL, '710 臺南市永康區國光一街2659號', 2, 1, 1, 436, 80, 38400, 0, '2023-01-20 15:46:28'),
('ORD00035', 'mem00124', '1780', NULL, NULL, '649 雲林縣二崙鄉田底30號', 2, 2, 1, 465, 80, 19100, 0, '2022-06-29 16:41:49'),
('ORD00036', 'mem00313', '1299', NULL, NULL, '649 雲林縣二崙鄉田底30號', 2, 0, 1, 380, 80, 14700, 1, '2022-03-08 22:05:29'),
('ORD00037', 'mem00333', '112', NULL, NULL, '403 臺中市西區精明一街25號', 2, 3, 3, 801, 80, 55400, 1, '2021-11-10 04:33:35'),
('ORD00038', 'mem00396', '132', NULL, NULL, '116 臺北市文山區景後街3143號', 1, 3, 1, 257, 60, 37200, 1, '2021-02-17 10:30:11'),
('ORD00039', 'mem00129', '1427', NULL, NULL, '220 新北市板橋區大智街2670號', 1, 1, 2, 919, 60, 58500, 0, '2021-09-08 19:39:38'),
('ORD00040', 'mem00349', '108', NULL, NULL, '112 臺北市北投區立農街4832號', 1, 3, 3, 860, 60, 32600, 1, '2022-12-09 22:00:22'),
('ORD00041', 'mem00039', '1170', NULL, NULL, '923 屏東縣萬巒鄉營區路4575號', 1, 3, 3, 759, 60, 53200, 0, '2021-12-29 17:34:08'),
('ORD00042', 'mem00349', '63', NULL, NULL, '351 苗栗縣頭份市蘆竹路4872號', 2, 1, 1, 921, 80, 28600, 0, '2022-05-02 13:52:32'),
('ORD00043', 'mem00051', '494', NULL, NULL, '220 新北市板橋區大智街2670號', 1, 0, 2, 135, 60, 16800, 0, '2022-07-30 18:21:41'),
('ORD00044', 'mem00114', '1012', NULL, NULL, '737 臺南市鹽水區竹圍183號', 1, 3, 3, 885, 60, 55500, 1, '2021-06-16 13:10:33'),
('ORD00045', 'mem00234', '1424', NULL, NULL, '220 新北市板橋區大智街2670號', 2, 4, 3, 631, 80, 32200, 0, '2021-04-22 03:45:47'),
('ORD00046', 'mem00046', '75', NULL, NULL, '403 臺中市西區精明一街25號', 1, 4, 3, 668, 60, 42400, 0, '2020-02-11 07:05:39'),
('ORD00047', 'mem00354', '1194', NULL, NULL, '710 臺南市永康區國光一街2659號', 2, 2, 1, 806, 80, 48900, 1, '2021-01-06 07:01:57'),
('ORD00048', 'mem00277', '82', NULL, NULL, '649 雲林縣二崙鄉田底30號', 2, 1, 2, 648, 80, 33400, 0, '2020-03-15 18:27:01'),
('ORD00049', 'mem00377', '1770', NULL, NULL, '923 屏東縣萬巒鄉營區路4575號', 1, 0, 2, 373, 60, 17400, 1, '2020-05-25 09:30:43'),
('ORD00050', 'mem00239', '891', NULL, NULL, '351 苗栗縣頭份市蘆竹路4872號', 2, 1, 3, 300, 80, 31900, 0, '2021-06-22 20:40:45'),
('ORD00051', 'mem00168', '161', NULL, NULL, '220 新北市板橋區大智街2670號', 1, 3, 3, 947, 60, 52000, 0, '2021-11-09 11:22:04'),
('ORD00052', 'mem00471', '1192', NULL, NULL, '351 苗栗縣頭份市蘆竹路4872號', 1, 2, 3, 208, 60, 31600, 0, '2023-01-06 07:40:26'),
('ORD00053', 'mem00301', '1481', NULL, NULL, '923 屏東縣萬巒鄉營區路4575號', 2, 4, 1, 431, 80, 28200, 0, '2022-11-10 07:44:45'),
('ORD00054', 'mem00362', '1182', NULL, NULL, '112 臺北市北投區立農街4832號', 1, 4, 3, 885, 60, 32000, 0, '2023-02-14 21:34:43'),
('ORD00055', 'mem00214', '344', NULL, NULL, '351 苗栗縣頭份市蘆竹路4872號', 2, 1, 1, 375, 80, 43100, 1, '2021-09-12 03:40:54'),
('ORD00056', 'mem00012', '887', NULL, NULL, '950 臺東縣臺東市大孝路4230號', 2, 2, 2, 372, 80, 45000, 0, '2022-03-25 03:41:53'),
('ORD00057', 'mem00060', '1970', NULL, NULL, '251 新北市淡水區大勇街1396號', 1, 1, 3, 937, 60, 27900, 1, '2022-10-27 02:32:35'),
('ORD00058', 'mem00105', '307', NULL, NULL, '268 宜蘭縣五結鄉大眾東路1840號', 1, 4, 2, 739, 60, 16800, 1, '2021-02-16 10:49:37'),
('ORD00059', 'mem00061', '1166', NULL, NULL, '351 苗栗縣頭份市蘆竹路4872號', 2, 4, 1, 601, 80, 10800, 1, '2022-08-20 23:27:39'),
('ORD00060', 'mem00087', '1837', NULL, NULL, '220 新北市板橋區大智街2670號', 2, 2, 3, 399, 80, 38400, 1, '2020-10-17 09:53:19'),
('ORD00061', 'mem00102', '206', NULL, NULL, '710 臺南市永康區國光一街2659號', 2, 4, 3, 627, 80, 25900, 0, '2023-03-01 14:53:45'),
('ORD00062', 'mem00340', '695', NULL, NULL, '950 臺東縣臺東市大孝路4230號', 2, 2, 1, 479, 80, 49000, 1, '2022-12-17 23:23:18'),
('ORD00063', 'mem00385', '214', NULL, NULL, '112 臺北市北投區立農街4832號', 2, 1, 2, 904, 80, 23200, 1, '2021-03-27 01:54:22'),
('ORD00064', 'mem00443', '303', NULL, NULL, '268 宜蘭縣五結鄉大眾東路1840號', 2, 4, 3, 354, 80, 24000, 1, '2022-11-10 12:04:38'),
('ORD00065', 'mem00016', '1736', NULL, NULL, '351 苗栗縣頭份市蘆竹路4872號', 2, 3, 3, 768, 80, 27300, 1, '2020-12-12 14:26:41'),
('ORD00066', 'mem00418', '940', NULL, NULL, '351 苗栗縣頭份市蘆竹路4872號', 1, 1, 3, 552, 60, 58500, 1, '2021-08-13 21:34:52'),
('ORD00067', 'mem00245', '436', NULL, NULL, '116 臺北市文山區景後街3143號', 1, 0, 2, 260, 60, 41800, 0, '2023-03-15 21:40:22'),
('ORD00068', 'mem00039', '833', NULL, NULL, '649 雲林縣二崙鄉田底30號', 2, 1, 3, 326, 80, 59400, 0, '2020-07-28 03:36:15'),
('ORD00069', 'mem00069', '1111', NULL, NULL, '950 臺東縣臺東市大孝路4230號', 2, 4, 3, 106, 80, 17000, 1, '2021-10-18 22:25:01'),
('ORD00070', 'mem00001', '1356', NULL, NULL, '268 宜蘭縣五結鄉大眾東路1840號', 2, 0, 3, 288, 80, 35500, 0, '2021-05-12 18:23:30'),
('ORD00071', 'mem00307', '181', NULL, NULL, '923 屏東縣萬巒鄉營區路4575號', 1, 1, 3, 515, 60, 59500, 1, '2022-01-27 09:46:44'),
('ORD00072', 'mem00254', '1994', NULL, NULL, '116 臺北市文山區恆光街3357號', 2, 4, 2, 157, 80, 11600, 1, '2021-01-17 22:04:37'),
('ORD00073', 'mem00217', '889', NULL, NULL, '649 雲林縣二崙鄉田底30號', 2, 3, 1, 401, 80, 36200, 1, '2022-08-25 11:55:53'),
('ORD00074', 'mem00442', '1321', NULL, NULL, '251 新北市淡水區大勇街1396號', 2, 0, 2, 378, 80, 29700, 0, '2021-03-20 23:31:26'),
('ORD00075', 'mem00458', '1139', NULL, NULL, '950 臺東縣臺東市大孝路4230號', 1, 2, 3, 870, 60, 49000, 0, '2023-04-08 06:17:15'),
('ORD00076', 'mem00315', '778', NULL, NULL, '649 雲林縣二崙鄉田底30號', 1, 2, 3, 586, 60, 20100, 0, '2020-09-21 23:56:04'),
('ORD00077', 'mem00159', '1844', NULL, NULL, '351 苗栗縣頭份市蘆竹路4872號', 2, 1, 3, 299, 80, 51800, 1, '2022-03-10 16:11:18'),
('ORD00078', 'mem00259', '950', NULL, NULL, '923 屏東縣萬巒鄉營區路4575號', 1, 3, 3, 751, 60, 37200, 0, '2022-01-01 05:00:37'),
('ORD00079', 'mem00467', '171', NULL, NULL, '220 新北市板橋區大智街2670號', 2, 4, 3, 345, 80, 47900, 0, '2022-01-08 17:05:28'),
('ORD00080', 'mem00460', '121', NULL, NULL, '923 屏東縣萬巒鄉營區路4575號', 1, 2, 3, 796, 60, 41100, 1, '2021-10-24 07:30:33'),
('ORD00081', 'mem00318', '996', NULL, NULL, '220 新北市板橋區大智街2670號', 1, 0, 3, 420, 60, 13400, 0, '2020-06-29 07:26:05'),
('ORD00082', 'mem00157', '1688', NULL, NULL, '112 臺北市北投區立農街4832號', 2, 2, 3, 135, 80, 37400, 0, '2020-10-06 03:03:24'),
('ORD00083', 'mem00163', '1451', NULL, NULL, '351 苗栗縣頭份市蘆竹路4872號', 2, 1, 3, 963, 80, 10200, 0, '2021-04-04 09:01:01'),
('ORD00084', 'mem00248', '1713', NULL, NULL, '649 雲林縣二崙鄉田底30號', 1, 2, 3, 147, 60, 26800, 0, '2023-01-17 11:39:22'),
('ORD00085', 'mem00483', '1423', NULL, NULL, '737 臺南市鹽水區竹圍183號', 1, 1, 2, 689, 60, 13900, 0, '2020-07-02 08:21:05'),
('ORD00086', 'mem00128', '614', NULL, NULL, '403 臺中市西區精明一街25號', 1, 2, 2, 381, 60, 31300, 0, '2021-10-25 17:08:23'),
('ORD00087', 'mem00161', '928', NULL, NULL, '956 臺東縣關山鎮中正路4830號', 2, 4, 3, 143, 80, 44000, 1, '2022-02-26 06:12:27'),
('ORD00088', 'mem00367', '304', NULL, NULL, '403 臺中市西區精明一街25號', 2, 2, 1, 430, 80, 30100, 1, '2021-07-17 02:28:10'),
('ORD00089', 'mem00064', '1484', NULL, NULL, '956 臺東縣關山鎮中正路4830號', 1, 2, 1, 272, 60, 24700, 0, '2020-11-04 00:25:50'),
('ORD00090', 'mem00044', '1997', NULL, NULL, '923 屏東縣萬巒鄉營區路4575號', 2, 0, 3, 941, 80, 50800, 1, '2020-06-23 06:05:43'),
('ORD00091', 'mem00178', '784', NULL, NULL, '251 新北市淡水區大勇街1396號', 2, 2, 2, 844, 80, 30300, 0, '2022-09-23 20:47:59'),
('ORD00092', 'mem00389', '1995', NULL, NULL, '268 宜蘭縣五結鄉大眾東路1840號', 2, 1, 2, 939, 80, 17700, 1, '2022-02-03 14:16:18'),
('ORD00093', 'mem00436', '1130', NULL, NULL, '251 新北市淡水區大勇街1396號', 1, 1, 1, 774, 60, 29700, 0, '2020-11-03 03:06:22'),
('ORD00094', 'mem00395', '1083', NULL, NULL, '956 臺東縣關山鎮中正路4830號', 1, 0, 2, 535, 60, 57800, 1, '2020-02-18 22:48:30'),
('ORD00095', 'mem00211', '561', NULL, NULL, '116 臺北市文山區恆光街3357號', 2, 3, 1, 537, 80, 27000, 1, '2021-02-09 13:59:00'),
('ORD00096', 'mem00280', '702', NULL, NULL, '251 新北市淡水區大勇街1396號', 1, 0, 2, 988, 60, 35800, 1, '2021-09-20 22:20:41'),
('ORD00097', 'mem00434', '296', NULL, NULL, '737 臺南市鹽水區竹圍183號', 2, 2, 3, 425, 80, 16600, 1, '2020-03-23 21:14:18'),
('ORD00098', 'mem00038', '1361', NULL, NULL, '351 苗栗縣頭份市蘆竹路4872號', 2, 4, 2, 820, 80, 28800, 0, '2022-11-21 20:33:23'),
('ORD00099', 'mem00037', '1797', NULL, NULL, '956 臺東縣關山鎮中正路4830號', 2, 2, 2, 354, 80, 29000, 1, '2020-11-13 17:11:08'),
('ORD00100', 'mem00232', '1979', NULL, NULL, '116 臺北市文山區景後街3143號', 1, 3, 3, 888, 60, 12200, 1, '2023-04-20 04:27:26'),
('ORD00101', 'mem00329', '1941', NULL, NULL, '116 臺北市文山區恆光街3357號', 1, 2, 3, 757, 60, 40400, 0, '2021-07-28 23:44:24'),
('ORD00102', 'mem00032', '103', NULL, NULL, '649 雲林縣二崙鄉田底30號', 1, 3, 1, 752, 60, 43400, 1, '2020-07-10 11:11:37'),
('ORD00103', 'mem00292', '1688', NULL, NULL, '116 臺北市文山區恆光街3357號', 1, 4, 1, 919, 60, 10000, 1, '2020-12-22 06:50:36'),
('ORD00104', 'mem00440', '840', NULL, NULL, '116 臺北市文山區景後街3143號', 2, 3, 1, 661, 80, 22500, 1, '2021-08-22 09:59:33'),
('ORD00105', 'mem00420', '1644', NULL, NULL, '112 臺北市北投區立農街4832號', 2, 2, 1, 582, 80, 39500, 0, '2023-03-20 03:37:41'),
('ORD00106', 'mem00348', '1620', NULL, NULL, '403 臺中市西區精明一街25號', 1, 3, 1, 944, 60, 45400, 1, '2022-10-30 15:34:11'),
('ORD00107', 'mem00426', '547', NULL, NULL, '112 臺北市北投區立農街4832號', 2, 1, 1, 968, 80, 24600, 0, '2020-05-19 05:22:10'),
('ORD00108', 'mem00240', '1791', NULL, NULL, '710 臺南市永康區國光一街2659號', 1, 2, 1, 506, 60, 29400, 1, '2021-01-06 11:09:46'),
('ORD00109', 'mem00175', '452', NULL, NULL, '251 新北市淡水區大勇街1396號', 2, 3, 1, 679, 80, 59100, 0, '2021-10-13 20:35:55'),
('ORD00110', 'mem00439', '341', NULL, NULL, '220 新北市板橋區大智街2670號', 2, 1, 3, 392, 80, 34500, 0, '2022-08-06 03:50:56'),
('ORD00111', 'mem00123', '418', NULL, NULL, '403 臺中市西區精明一街25號', 1, 4, 1, 119, 60, 28900, 1, '2023-02-17 15:01:34'),
('ORD00112', 'mem00067', '719', NULL, NULL, '251 新北市淡水區大勇街1396號', 2, 1, 2, 960, 80, 33500, 1, '2021-03-09 00:27:12'),
('ORD00113', 'mem00413', '1191', NULL, NULL, '251 新北市淡水區大勇街1396號', 2, 1, 3, 714, 80, 47900, 1, '2022-06-15 14:52:32'),
('ORD00114', 'mem00405', '374', NULL, NULL, '923 屏東縣萬巒鄉營區路4575號', 1, 4, 3, 642, 60, 42600, 0, '2023-04-24 14:05:19'),
('ORD00115', 'mem00434', '1462', NULL, NULL, '737 臺南市鹽水區竹圍183號', 2, 0, 2, 417, 80, 49500, 0, '2022-02-14 18:58:23'),
('ORD00116', 'mem00204', '524', NULL, NULL, '268 宜蘭縣五結鄉大眾東路1840號', 1, 2, 2, 213, 60, 44300, 0, '2020-12-07 08:14:18'),
('ORD00117', 'mem00281', '107', NULL, NULL, '923 屏東縣萬巒鄉營區路4575號', 2, 2, 1, 349, 80, 38800, 0, '2021-08-03 06:07:30'),
('ORD00118', 'mem00265', '367', NULL, NULL, '737 臺南市鹽水區竹圍183號', 1, 3, 3, 919, 60, 34400, 1, '2021-01-15 07:45:28'),
('ORD00119', 'mem00072', '448', NULL, NULL, '116 臺北市文山區恆光街3357號', 2, 0, 1, 175, 80, 44400, 1, '2020-02-16 21:29:30'),
('ORD00120', 'mem00096', '1430', NULL, NULL, '956 臺東縣關山鎮中正路4830號', 2, 0, 2, 921, 80, 59300, 0, '2020-01-01 08:02:42'),
('ORD00121', 'mem00274', '326', NULL, NULL, '737 臺南市鹽水區竹圍183號', 1, 0, 2, 773, 60, 58000, 1, '2021-01-20 22:01:27'),
('ORD00122', 'mem00049', '1170', NULL, NULL, '403 臺中市西區精明一街25號', 2, 3, 2, 609, 80, 37300, 0, '2022-08-19 23:19:08'),
('ORD00123', 'mem00264', '401', NULL, NULL, '268 宜蘭縣五結鄉大眾東路1840號', 2, 1, 3, 485, 80, 29400, 0, '2021-09-01 23:07:00'),
('ORD00124', 'mem00148', '802', NULL, NULL, '112 臺北市北投區立農街4832號', 2, 0, 3, 238, 80, 41400, 1, '2021-05-14 17:36:47'),
('ORD00125', 'mem00186', '745', NULL, NULL, '403 臺中市西區精明一街25號', 1, 4, 3, 101, 60, 19000, 0, '2021-06-03 13:22:34'),
('ORD00126', 'mem00438', '1769', NULL, NULL, '956 臺東縣關山鎮中正路4830號', 1, 2, 2, 594, 60, 13700, 1, '2022-01-27 22:44:42'),
('ORD00127', 'mem00128', '461', NULL, NULL, '923 屏東縣萬巒鄉營區路4575號', 2, 1, 3, 512, 80, 18900, 1, '2023-01-10 09:25:02'),
('ORD00128', 'mem00330', '1541', NULL, NULL, '112 臺北市北投區立農街4832號', 2, 3, 1, 709, 80, 47600, 0, '2021-01-20 02:49:18'),
('ORD00129', 'mem00143', '1013', NULL, NULL, '956 臺東縣關山鎮中正路4830號', 2, 2, 2, 614, 80, 52600, 1, '2021-01-23 02:00:16'),
('ORD00130', 'mem00189', '1147', NULL, NULL, '710 臺南市永康區國光一街2659號', 1, 1, 1, 981, 60, 49800, 0, '2021-12-08 19:11:54'),
('ORD00131', 'mem00326', '424', NULL, NULL, '950 臺東縣臺東市大孝路4230號', 1, 2, 3, 884, 60, 25200, 1, '2020-07-24 22:08:27'),
('ORD00132', 'mem00227', '999', NULL, NULL, '351 苗栗縣頭份市蘆竹路4872號', 1, 2, 3, 362, 60, 47500, 0, '2021-03-09 17:54:02'),
('ORD00133', 'mem00107', '975', NULL, NULL, '649 雲林縣二崙鄉田底30號', 1, 1, 1, 244, 60, 34800, 0, '2021-09-24 21:29:06'),
('ORD00134', 'mem00189', '516', NULL, NULL, '112 臺北市北投區立農街4832號', 1, 1, 2, 190, 60, 13700, 1, '2022-08-19 02:01:27'),
('ORD00135', 'mem00389', '1676', NULL, NULL, '950 臺東縣臺東市大孝路4230號', 1, 2, 2, 905, 60, 14400, 0, '2022-07-06 19:39:46'),
('ORD00136', 'mem00476', '175', NULL, NULL, '956 臺東縣關山鎮中正路4830號', 2, 1, 1, 486, 80, 40800, 0, '2022-02-28 06:52:12'),
('ORD00137', 'mem00300', '925', NULL, NULL, '116 臺北市文山區景後街3143號', 2, 3, 1, 397, 80, 48300, 1, '2022-02-26 00:25:44'),
('ORD00138', 'mem00082', '1685', NULL, NULL, '923 屏東縣萬巒鄉營區路4575號', 2, 1, 2, 669, 80, 38000, 1, '2020-07-10 07:33:03'),
('ORD00139', 'mem00212', '508', NULL, NULL, '220 新北市板橋區大智街2670號', 1, 2, 2, 264, 60, 40800, 1, '2022-08-03 17:07:15'),
('ORD00141', 'mem00092', '1397', NULL, NULL, '923 屏東縣萬巒鄉營區路4575號', 2, 4, 1, 983, 80, 20100, 0, '2021-01-21 15:49:44'),
('ORD00142', 'mem00301', '1790', NULL, NULL, '710 臺南市永康區國光一街2659號', 1, 3, 3, 417, 60, 54800, 1, '2022-01-22 22:16:16'),
('ORD00143', 'mem00124', '351', NULL, NULL, '220 新北市板橋區大智街2670號', 2, 3, 3, 127, 80, 41900, 1, '2022-05-31 05:50:41'),
('ORD00144', 'mem00336', '541', NULL, NULL, '116 臺北市文山區景後街3143號', 1, 0, 2, 989, 60, 34500, 0, '2020-12-08 23:43:10'),
('ORD00145', 'mem00147', '988', NULL, NULL, '116 臺北市文山區景後街3143號', 1, 2, 2, 790, 60, 20600, 1, '2022-01-27 01:44:04'),
('ORD00146', 'mem00362', '636', NULL, NULL, '923 屏東縣萬巒鄉營區路4575號', 1, 4, 3, 757, 60, 36000, 1, '2022-11-06 10:53:35'),
('ORD00147', 'mem00272', '1834', NULL, NULL, '116 臺北市文山區景後街3143號', 2, 3, 2, 529, 80, 20500, 1, '2022-08-14 23:35:59'),
('ORD00148', 'mem00131', '723', NULL, NULL, '737 臺南市鹽水區竹圍183號', 1, 0, 2, 741, 60, 50600, 1, '2021-05-22 10:28:03'),
('ORD00149', 'mem00046', '1750', NULL, NULL, '956 臺東縣關山鎮中正路4830號', 1, 2, 1, 332, 60, 29100, 0, '2020-06-02 03:49:33'),
('ORD00150', 'mem00459', '441', NULL, NULL, '351 苗栗縣頭份市蘆竹路4872號', 2, 2, 1, 797, 80, 44200, 0, '2023-05-05 19:26:04'),
('ORD00151', 'mem00357', '1402', NULL, NULL, '116 臺北市文山區恆光街3357號', 1, 0, 1, 609, 60, 30000, 1, '2020-11-24 05:09:04'),
('ORD00152', 'mem00062', '164', NULL, NULL, '710 臺南市永康區國光一街2659號', 1, 4, 3, 720, 60, 56600, 1, '2020-06-25 08:20:25'),
('ORD00153', 'mem00299', '298', NULL, NULL, '950 臺東縣臺東市大孝路4230號', 1, 0, 2, 532, 60, 46200, 0, '2022-10-09 11:26:21'),
('ORD00154', 'mem00028', '981', NULL, NULL, '112 臺北市北投區立農街4832號', 2, 3, 1, 123, 80, 54200, 1, '2022-01-18 23:36:06'),
('ORD00155', 'mem00396', '474', NULL, NULL, '112 臺北市北投區立農街4832號', 2, 2, 2, 784, 80, 56500, 0, '2020-06-05 13:14:38'),
('ORD00156', 'mem00238', '178', NULL, NULL, '116 臺北市文山區景後街3143號', 1, 0, 1, 350, 60, 48200, 1, '2020-12-13 21:09:27'),
('ORD00157', 'mem00207', '1233', NULL, NULL, '116 臺北市文山區景後街3143號', 2, 4, 2, 892, 80, 14800, 0, '2021-05-01 23:05:01'),
('ORD00158', 'mem00273', '367', NULL, NULL, '268 宜蘭縣五結鄉大眾東路1840號', 1, 1, 3, 731, 60, 20200, 0, '2020-10-01 02:52:37'),
('ORD00159', 'mem00011', '792', NULL, NULL, '268 宜蘭縣五結鄉大眾東路1840號', 2, 0, 3, 374, 80, 56800, 1, '2022-11-14 16:15:43'),
('ORD00160', 'mem00345', '1584', NULL, NULL, '956 臺東縣關山鎮中正路4830號', 2, 1, 2, 469, 80, 20000, 1, '2022-09-10 05:00:00'),
('ORD00161', 'mem00329', '1592', NULL, NULL, '220 新北市板橋區大智街2670號', 2, 4, 2, 161, 80, 23000, 0, '2023-03-23 22:13:52'),
('ORD00162', 'mem00084', '868', NULL, NULL, '116 臺北市文山區景後街3143號', 2, 1, 1, 867, 80, 30700, 0, '2020-05-12 07:22:57'),
('ORD00163', 'mem00140', '162', NULL, NULL, '956 臺東縣關山鎮中正路4830號', 1, 2, 1, 970, 60, 25300, 0, '2022-10-21 04:40:05'),
('ORD00164', 'mem00075', '639', NULL, NULL, '950 臺東縣臺東市大孝路4230號', 2, 1, 2, 324, 80, 42800, 1, '2023-03-04 23:12:53'),
('ORD00165', 'mem00172', '1942', NULL, NULL, '116 臺北市文山區恆光街3357號', 1, 0, 1, 170, 60, 55900, 0, '2021-04-30 09:10:39'),
('ORD00166', 'mem00292', '1437', NULL, NULL, '649 雲林縣二崙鄉田底30號', 2, 1, 3, 325, 80, 35000, 1, '2021-10-18 08:31:06'),
('ORD00167', 'mem00372', '1478', NULL, NULL, '737 臺南市鹽水區竹圍183號', 2, 0, 1, 363, 80, 39200, 0, '2021-03-22 20:42:33'),
('ORD00168', 'mem00359', '1856', NULL, NULL, '923 屏東縣萬巒鄉營區路4575號', 2, 1, 2, 224, 80, 28000, 1, '2021-11-21 02:59:04'),
('ORD00169', 'mem00293', '327', NULL, NULL, '710 臺南市永康區國光一街2659號', 2, 4, 1, 681, 80, 42900, 0, '2020-05-15 13:04:27'),
('ORD00170', 'mem00276', '1922', NULL, NULL, '220 新北市板橋區大智街2670號', 1, 2, 1, 500, 60, 52800, 1, '2020-09-16 21:28:39'),
('ORD00171', 'mem00377', '890', NULL, NULL, '220 新北市板橋區大智街2670號', 2, 0, 3, 973, 80, 33000, 0, '2023-01-06 04:27:01'),
('ORD00172', 'mem00473', '722', NULL, NULL, '737 臺南市鹽水區竹圍183號', 1, 0, 3, 110, 60, 20400, 0, '2022-08-08 00:42:28'),
('ORD00173', 'mem00311', '1409', NULL, NULL, '116 臺北市文山區景後街3143號', 2, 3, 2, 726, 80, 38700, 0, '2022-10-18 06:59:00'),
('ORD00174', 'mem00209', '1420', NULL, NULL, '251 新北市淡水區大勇街1396號', 1, 2, 3, 929, 60, 38900, 1, '2021-05-26 10:41:22'),
('ORD00175', 'mem00341', '358', NULL, NULL, '116 臺北市文山區恆光街3357號', 1, 3, 3, 582, 60, 12500, 1, '2021-04-16 00:43:16'),
('ORD00176', 'mem00091', '166', NULL, NULL, '351 苗栗縣頭份市蘆竹路4872號', 1, 4, 3, 557, 60, 49200, 0, '2022-09-20 14:16:16'),
('ORD00177', 'mem00308', '333', NULL, NULL, '956 臺東縣關山鎮中正路4830號', 2, 0, 3, 926, 80, 15700, 0, '2021-06-21 20:15:58'),
('ORD00178', 'mem00006', '1248', NULL, NULL, '251 新北市淡水區大勇街1396號', 2, 3, 3, 583, 80, 15300, 1, '2022-02-16 16:37:10'),
('ORD00179', 'mem00496', '1345', NULL, NULL, '403 臺中市西區精明一街25號', 2, 1, 2, 561, 80, 37100, 0, '2021-08-15 01:12:11'),
('ORD00180', 'mem00474', '1800', NULL, NULL, '956 臺東縣關山鎮中正路4830號', 2, 2, 2, 290, 80, 47800, 0, '2022-02-07 12:20:50'),
('ORD00181', 'mem00250', '1883', NULL, NULL, '923 屏東縣萬巒鄉營區路4575號', 2, 4, 3, 821, 80, 53900, 1, '2022-01-07 11:53:02'),
('ORD00182', 'mem00315', '1302', NULL, NULL, '112 臺北市北投區立農街4832號', 2, 0, 1, 848, 80, 32300, 1, '2021-10-27 19:57:12'),
('ORD00183', 'mem00107', '1324', NULL, NULL, '956 臺東縣關山鎮中正路4830號', 1, 1, 1, 275, 60, 10200, 1, '2022-04-18 10:05:16'),
('ORD00184', 'mem00179', '1583', NULL, NULL, '220 新北市板橋區大智街2670號', 1, 2, 3, 983, 60, 38100, 1, '2020-11-20 03:07:41'),
('ORD00185', 'mem00349', '1152', NULL, NULL, '923 屏東縣萬巒鄉營區路4575號', 1, 0, 3, 400, 60, 59100, 1, '2020-10-30 11:12:14'),
('ORD00186', 'mem00290', '625', NULL, NULL, '220 新北市板橋區大智街2670號', 1, 3, 3, 841, 60, 29900, 1, '2020-08-03 20:25:02'),
('ORD00187', 'mem00010', '1701', NULL, NULL, '112 臺北市北投區立農街4832號', 1, 3, 2, 551, 60, 31400, 0, '2022-02-12 15:51:04'),
('ORD00188', 'mem00435', '923', NULL, NULL, '116 臺北市文山區景後街3143號', 2, 3, 2, 882, 80, 37100, 0, '2023-03-20 05:40:58'),
('ORD00189', 'mem00391', '921', NULL, NULL, '737 臺南市鹽水區竹圍183號', 2, 3, 2, 349, 80, 57700, 1, '2022-04-30 08:16:18'),
('ORD00190', 'mem00342', '180', NULL, NULL, '251 新北市淡水區大勇街1396號', 1, 4, 3, 586, 60, 25200, 0, '2020-03-28 15:27:59'),
('ORD00191', 'mem00123', '1983', NULL, NULL, '351 苗栗縣頭份市蘆竹路4872號', 1, 2, 3, 935, 60, 39500, 0, '2023-04-26 01:41:22'),
('ORD00192', 'mem00018', '1827', NULL, NULL, '251 新北市淡水區大勇街1396號', 1, 0, 1, 942, 60, 59700, 0, '2022-04-29 00:33:34'),
('ORD00193', 'mem00489', '1985', NULL, NULL, '710 臺南市永康區國光一街2659號', 1, 4, 1, 257, 60, 36000, 1, '2021-10-28 11:37:03'),
('ORD00194', 'mem00200', '1636', NULL, NULL, '923 屏東縣萬巒鄉營區路4575號', 2, 4, 1, 836, 80, 52300, 1, '2021-02-23 03:15:32'),
('ORD00195', 'mem00282', '295', NULL, NULL, '116 臺北市文山區景後街3143號', 2, 2, 2, 788, 80, 54700, 1, '2023-02-19 02:25:03'),
('ORD00196', 'mem00344', '1029', NULL, NULL, '403 臺中市西區精明一街25號', 2, 0, 1, 514, 80, 18300, 1, '2020-02-16 14:52:49'),
('ORD00197', 'mem00129', '1159', NULL, NULL, '116 臺北市文山區恆光街3357號', 1, 4, 1, 816, 60, 20400, 1, '2020-04-26 11:13:26'),
('ORD00198', 'mem00208', '1690', NULL, NULL, '403 臺中市西區精明一街25號', 2, 4, 1, 213, 80, 14400, 1, '2020-03-17 11:00:24'),
('ORD00199', 'mem00090', '718', NULL, NULL, '351 苗栗縣頭份市蘆竹路4872號', 1, 4, 1, 675, 60, 42100, 0, '2020-04-29 09:48:41'),
('ORD00200', 'mem00323', '1908', NULL, NULL, '403 臺中市西區精明一街25號', 2, 2, 2, 716, 80, 34200, 0, '2021-04-13 14:15:56'),
('ORD00201', 'mem00039', '1692', NULL, NULL, '112 臺北市北投區立農街4832號', 1, 2, 2, 357, 60, 59800, 0, '2021-06-21 01:20:36'),
('ORD00202', 'mem00354', '1696', NULL, NULL, '268 宜蘭縣五結鄉大眾東路1840號', 2, 1, 1, 560, 80, 57100, 0, '2022-12-14 14:14:21'),
('ORD00203', 'mem00292', '342', NULL, NULL, '956 臺東縣關山鎮中正路4830號', 1, 4, 3, 967, 60, 41400, 1, '2020-08-22 23:31:05'),
('ORD00204', 'mem00190', '928', NULL, NULL, '950 臺東縣臺東市大孝路4230號', 1, 0, 1, 140, 60, 40500, 1, '2022-07-24 21:21:12'),
('ORD00205', 'mem00408', '44', NULL, NULL, '351 苗栗縣頭份市蘆竹路4872號', 2, 2, 1, 178, 80, 51800, 1, '2020-10-02 18:02:39'),
('ORD00206', 'mem00374', '1450', NULL, NULL, '737 臺南市鹽水區竹圍183號', 1, 0, 2, 128, 60, 52800, 0, '2020-07-16 12:43:50'),
('ORD00207', 'mem00431', '1819', NULL, NULL, '268 宜蘭縣五結鄉大眾東路1840號', 2, 0, 3, 208, 80, 15000, 1, '2021-05-11 15:35:50'),
('ORD00208', 'mem00005', '920', NULL, NULL, '251 新北市淡水區大勇街1396號', 2, 4, 1, 811, 80, 57600, 0, '2023-01-31 14:24:30'),
('ORD00209', 'mem00367', '1606', NULL, NULL, '649 雲林縣二崙鄉田底30號', 1, 3, 2, 518, 60, 11300, 1, '2021-02-14 02:15:57'),
('ORD00210', 'mem00260', '179', NULL, NULL, '956 臺東縣關山鎮中正路4830號', 1, 4, 3, 312, 60, 44700, 0, '2021-09-20 22:07:11'),
('ORD00211', 'mem00404', '1061', NULL, NULL, '649 雲林縣二崙鄉田底30號', 1, 1, 2, 471, 60, 49300, 0, '2021-04-07 13:11:51'),
('ORD00212', 'mem00321', '1399', NULL, NULL, '737 臺南市鹽水區竹圍183號', 1, 4, 2, 715, 60, 19900, 0, '2020-11-11 13:28:35'),
('ORD00213', 'mem00082', '1890', NULL, NULL, '351 苗栗縣頭份市蘆竹路4872號', 2, 0, 3, 191, 80, 59000, 0, '2022-11-11 12:05:48'),
('ORD00214', 'mem00267', '420', NULL, NULL, '351 苗栗縣頭份市蘆竹路4872號', 2, 1, 3, 701, 80, 33400, 0, '2022-08-04 12:50:27'),
('ORD00215', 'mem00463', '1207', NULL, NULL, '351 苗栗縣頭份市蘆竹路4872號', 2, 4, 2, 886, 80, 39700, 0, '2022-05-09 11:10:25'),
('ORD00216', 'mem00443', '1501', NULL, NULL, '403 臺中市西區精明一街25號', 1, 2, 3, 985, 60, 25100, 1, '2021-05-10 23:36:00'),
('ORD00217', 'mem00422', '452', NULL, NULL, '956 臺東縣關山鎮中正路4830號', 2, 0, 3, 436, 80, 15900, 0, '2023-02-14 04:48:24'),
('ORD00218', 'mem00247', '660', NULL, NULL, '116 臺北市文山區景後街3143號', 2, 4, 2, 397, 80, 21700, 0, '2020-09-17 07:33:34'),
('ORD00219', 'mem00375', '1257', NULL, NULL, '956 臺東縣關山鎮中正路4830號', 1, 2, 3, 305, 60, 48900, 0, '2022-09-29 20:41:20'),
('ORD00220', 'mem00259', '763', NULL, NULL, '950 臺東縣臺東市大孝路4230號', 2, 3, 1, 521, 80, 56000, 1, '2022-02-26 20:50:26'),
('ORD00221', 'mem00022', '1533', NULL, NULL, '403 臺中市西區精明一街25號', 1, 4, 3, 430, 60, 26800, 0, '2020-05-18 10:08:50'),
('ORD00222', 'mem00154', '1022', NULL, NULL, '710 臺南市永康區國光一街2659號', 1, 1, 3, 414, 60, 23900, 0, '2022-09-22 21:42:29'),
('ORD00223', 'mem00075', '1220', NULL, NULL, '403 臺中市西區精明一街25號', 1, 1, 2, 328, 60, 46600, 0, '2020-01-03 18:15:54'),
('ORD00224', 'mem00350', '1297', NULL, NULL, '251 新北市淡水區大勇街1396號', 1, 0, 3, 659, 60, 58400, 1, '2020-09-17 15:36:01'),
('ORD00225', 'mem00196', '1543', NULL, NULL, '112 臺北市北投區立農街4832號', 2, 2, 3, 260, 80, 29400, 1, '2023-02-09 05:27:15'),
('ORD00226', 'mem00434', '496', NULL, NULL, '950 臺東縣臺東市大孝路4230號', 2, 1, 1, 929, 80, 40500, 1, '2020-12-26 00:55:16'),
('ORD00227', 'mem00451', '913', NULL, NULL, '649 雲林縣二崙鄉田底30號', 2, 2, 3, 157, 80, 58100, 0, '2020-06-21 21:31:15'),
('ORD00228', 'mem00229', '60', NULL, NULL, '950 臺東縣臺東市大孝路4230號', 1, 0, 3, 472, 60, 16800, 0, '2022-10-19 11:30:35'),
('ORD00229', 'mem00236', '1446', NULL, NULL, '737 臺南市鹽水區竹圍183號', 1, 1, 1, 688, 60, 18300, 1, '2022-10-01 10:11:40'),
('ORD00230', 'mem00293', '665', NULL, NULL, '737 臺南市鹽水區竹圍183號', 1, 0, 3, 343, 60, 39400, 0, '2022-12-25 05:50:35'),
('ORD00231', 'mem00100', '961', NULL, NULL, '116 臺北市文山區景後街3143號', 1, 4, 1, 464, 60, 32700, 1, '2022-12-10 15:05:50'),
('ORD00232', 'mem00451', '290', NULL, NULL, '251 新北市淡水區大勇街1396號', 1, 2, 1, 351, 60, 46700, 0, '2021-05-12 14:03:39'),
('ORD00233', 'mem00438', '1303', NULL, NULL, '116 臺北市文山區景後街3143號', 1, 1, 1, 850, 60, 17300, 1, '2021-03-30 08:33:35'),
('ORD00234', 'mem00392', '31', NULL, NULL, '649 雲林縣二崙鄉田底30號', 2, 0, 1, 693, 80, 19700, 1, '2023-01-07 20:01:54'),
('ORD00235', 'mem00308', '1852', NULL, NULL, '116 臺北市文山區景後街3143號', 1, 0, 2, 100, 60, 13600, 1, '2021-11-22 12:07:38'),
('ORD00236', 'mem00480', '1214', NULL, NULL, '112 臺北市北投區立農街4832號', 1, 0, 1, 168, 60, 40300, 1, '2022-05-02 18:41:11'),
('ORD00237', 'mem00009', '613', NULL, NULL, '220 新北市板橋區大智街2670號', 1, 1, 1, 138, 60, 18500, 1, '2020-06-01 20:04:48'),
('ORD00238', 'mem00480', '796', NULL, NULL, '251 新北市淡水區大勇街1396號', 1, 4, 2, 427, 60, 39600, 0, '2020-06-26 09:30:20'),
('ORD00239', 'mem00169', '1979', NULL, NULL, '710 臺南市永康區國光一街2659號', 2, 2, 1, 517, 80, 54000, 1, '2022-02-10 03:29:53'),
('ORD00240', 'mem00025', '1107', NULL, NULL, '950 臺東縣臺東市大孝路4230號', 1, 1, 2, 257, 60, 20100, 1, '2020-12-14 08:44:08'),
('ORD00241', 'mem00485', '1279', NULL, NULL, '737 臺南市鹽水區竹圍183號', 2, 4, 2, 577, 80, 22300, 0, '2023-02-24 22:54:27'),
('ORD00242', 'mem00164', '192', NULL, NULL, '112 臺北市北投區立農街4832號', 2, 1, 1, 701, 80, 32400, 0, '2022-06-03 11:04:43'),
('ORD00243', 'mem00224', '1426', NULL, NULL, '403 臺中市西區精明一街25號', 2, 1, 1, 979, 80, 43500, 0, '2022-06-05 05:00:43'),
('ORD00244', 'mem00103', '836', NULL, NULL, '923 屏東縣萬巒鄉營區路4575號', 1, 2, 1, 711, 60, 34200, 1, '2022-12-28 12:01:52'),
('ORD00245', 'mem00346', '1566', NULL, NULL, '220 新北市板橋區大智街2670號', 1, 1, 2, 397, 60, 52600, 1, '2020-04-24 09:51:42'),
('ORD00246', 'mem00134', '1946', NULL, NULL, '251 新北市淡水區大勇街1396號', 2, 2, 3, 255, 80, 17900, 0, '2022-11-17 20:26:17'),
('ORD00247', 'mem00191', '326', NULL, NULL, '351 苗栗縣頭份市蘆竹路4872號', 2, 3, 1, 385, 80, 11400, 0, '2022-11-03 13:48:22'),
('ORD00248', 'mem00248', '158', NULL, NULL, '956 臺東縣關山鎮中正路4830號', 2, 0, 3, 265, 80, 24200, 1, '2021-02-19 04:06:02'),
('ORD00249', 'mem00495', '136', NULL, NULL, '112 臺北市北投區立農街4832號', 2, 0, 3, 893, 80, 41900, 0, '2020-12-29 16:21:36'),
('ORD00250', 'mem00127', '82', NULL, NULL, '956 臺東縣關山鎮中正路4830號', 1, 0, 2, 710, 60, 40700, 0, '2022-12-24 18:16:15'),
('ORD00251', 'mem00061', '772', NULL, NULL, '220 新北市板橋區大智街2670號', 2, 1, 2, 555, 80, 44200, 0, '2023-04-23 18:00:01'),
('ORD00252', 'mem00099', '554', NULL, NULL, '268 宜蘭縣五結鄉大眾東路1840號', 1, 0, 1, 920, 60, 26900, 1, '2023-02-02 04:41:34'),
('ORD00253', 'mem00378', '1721', NULL, NULL, '737 臺南市鹽水區竹圍183號', 2, 2, 3, 603, 80, 23900, 1, '2021-01-03 18:49:29'),
('ORD00254', 'mem00385', '1222', NULL, NULL, '112 臺北市北投區立農街4832號', 1, 0, 2, 589, 60, 10000, 0, '2021-02-18 06:58:53'),
('ORD00255', 'mem00210', '1804', NULL, NULL, '251 新北市淡水區大勇街1396號', 2, 0, 1, 566, 80, 47500, 0, '2023-04-05 14:59:13'),
('ORD00256', 'mem00319', '948', NULL, NULL, '112 臺北市北投區立農街4832號', 1, 4, 2, 730, 60, 22700, 1, '2020-09-22 12:28:20'),
('ORD00257', 'mem00471', '1346', NULL, NULL, '268 宜蘭縣五結鄉大眾東路1840號', 1, 2, 2, 141, 60, 23900, 0, '2020-01-31 04:14:58'),
('ORD00258', 'mem00171', '304', NULL, NULL, '923 屏東縣萬巒鄉營區路4575號', 2, 3, 2, 834, 80, 10100, 0, '2021-11-24 03:17:56'),
('ORD00259', 'mem00174', '1311', NULL, NULL, '737 臺南市鹽水區竹圍183號', 1, 2, 1, 608, 60, 53600, 0, '2020-12-24 11:49:16'),
('ORD00260', 'mem00390', '1884', NULL, NULL, '649 雲林縣二崙鄉田底30號', 2, 2, 3, 736, 80, 42100, 1, '2021-06-24 18:10:37'),
('ORD00261', 'mem00458', '1609', NULL, NULL, '116 臺北市文山區景後街3143號', 2, 0, 1, 821, 80, 24400, 0, '2023-01-25 04:49:55'),
('ORD00262', 'mem00462', '1430', NULL, NULL, '116 臺北市文山區恆光街3357號', 2, 3, 2, 420, 80, 12700, 0, '2020-08-21 02:30:42'),
('ORD00263', 'mem00121', '530', NULL, NULL, '950 臺東縣臺東市大孝路4230號', 1, 4, 2, 131, 60, 10600, 0, '2020-01-22 16:49:22'),
('ORD00264', 'mem00066', '886', NULL, NULL, '112 臺北市北投區立農街4832號', 2, 3, 2, 252, 80, 45300, 1, '2021-08-31 23:17:11'),
('ORD00265', 'mem00439', '289', NULL, NULL, '116 臺北市文山區恆光街3357號', 2, 2, 1, 818, 80, 40900, 0, '2022-09-06 09:18:26'),
('ORD00266', 'mem00365', '1289', NULL, NULL, '116 臺北市文山區景後街3143號', 2, 1, 3, 268, 80, 59500, 1, '2022-06-17 17:55:58'),
('ORD00267', 'mem00110', '560', NULL, NULL, '950 臺東縣臺東市大孝路4230號', 1, 1, 2, 185, 60, 25000, 1, '2020-07-29 07:30:40'),
('ORD00268', 'mem00193', '1471', NULL, NULL, '220 新北市板橋區大智街2670號', 2, 0, 3, 925, 80, 57600, 1, '2021-06-21 20:13:11'),
('ORD00269', 'mem00456', '1469', NULL, NULL, '737 臺南市鹽水區竹圍183號', 1, 2, 3, 380, 60, 42800, 1, '2021-03-11 14:02:14'),
('ORD00270', 'mem00318', '1387', NULL, NULL, '649 雲林縣二崙鄉田底30號', 2, 4, 3, 849, 80, 46200, 1, '2020-11-21 03:53:44'),
('ORD00271', 'mem00005', '1235', NULL, NULL, '268 宜蘭縣五結鄉大眾東路1840號', 2, 1, 1, 447, 80, 37200, 0, '2022-06-11 08:09:05'),
('ORD00272', 'mem00158', '664', NULL, NULL, '649 雲林縣二崙鄉田底30號', 2, 2, 1, 692, 80, 48800, 0, '2021-09-05 00:53:34'),
('ORD00273', 'mem00203', '1891', NULL, NULL, '251 新北市淡水區大勇街1396號', 1, 1, 3, 104, 60, 18100, 0, '2020-01-07 11:07:57'),
('ORD00274', 'mem00391', '1755', NULL, NULL, '116 臺北市文山區恆光街3357號', 2, 4, 2, 572, 80, 46900, 1, '2021-08-28 07:20:16'),
('ORD00275', 'mem00119', '1969', NULL, NULL, '220 新北市板橋區大智街2670號', 2, 3, 3, 454, 80, 28900, 1, '2022-11-01 13:12:23'),
('ORD00276', 'mem00062', '219', NULL, NULL, '220 新北市板橋區大智街2670號', 1, 0, 2, 921, 60, 41000, 0, '2022-05-01 15:36:26'),
('ORD00277', 'mem00097', '915', NULL, NULL, '710 臺南市永康區國光一街2659號', 1, 3, 1, 600, 60, 54900, 1, '2022-04-25 07:03:27'),
('ORD00278', 'mem00029', '1113', NULL, NULL, '112 臺北市北投區立農街4832號', 1, 0, 3, 618, 60, 44600, 0, '2022-08-22 19:39:20'),
('ORD00279', 'mem00476', '159', NULL, NULL, '268 宜蘭縣五結鄉大眾東路1840號', 2, 4, 3, 521, 80, 39400, 0, '2021-11-28 08:48:56'),
('ORD00280', 'mem00026', '1017', NULL, NULL, '710 臺南市永康區國光一街2659號', 1, 3, 1, 546, 60, 15100, 0, '2021-10-29 09:44:32'),
('ORD00281', 'mem00373', '361', NULL, NULL, '649 雲林縣二崙鄉田底30號', 1, 1, 2, 468, 60, 31900, 1, '2022-09-08 21:07:32'),
('ORD00282', 'mem00293', '1662', NULL, NULL, '112 臺北市北投區立農街4832號', 2, 2, 3, 147, 80, 53300, 1, '2020-07-25 05:44:23'),
('ORD00283', 'mem00439', '782', NULL, NULL, '268 宜蘭縣五結鄉大眾東路1840號', 2, 1, 1, 574, 80, 15000, 0, '2021-03-06 08:53:39'),
('ORD00284', 'mem00322', '1658', NULL, NULL, '268 宜蘭縣五結鄉大眾東路1840號', 2, 4, 1, 298, 80, 26800, 1, '2022-04-01 00:08:28'),
('ORD00285', 'mem00215', '723', NULL, NULL, '成都路139號11樓之5', 1, 1, 3, 8570, 80, 500, 0, '2023-05-19 08:37:04'),
('ORD00286', 'mem00110', '48', NULL, NULL, '成都路139號11樓之5', 1, 1, 3, 198, 80, 200, 0, '2023-05-19 08:38:47'),
('ORD00287', 'mem00110', '844', NULL, NULL, '成都路139號11樓之5', 1, 1, 3, 565, 80, 400, 0, '2023-05-19 08:39:06'),
('ORD00288', 'mem00098', '414', NULL, NULL, '649 雲林縣二崙鄉田底30號', 2, 4, 3, 3663, 80, 200, 1, '2023-05-19 11:03:09'),
('ORD00289', 'mem00098', '758', NULL, NULL, '649 雲林縣二崙鄉田底30號', 0, 3, 3, 12222, 80, 500, 1, '2023-05-19 11:03:23'),
('ORD00290', 'mem00095', '198', NULL, NULL, '268 宜蘭縣五結鄉大眾東路1840號', 1, 1, 3, 6119, 80, 600, 0, '2023-05-19 11:03:50'),
('ORD00291', 'mem00076', '698', NULL, NULL, '737 臺南市鹽水區竹圍183號', 1, 1, 3, 9246, 80, 600, 0, '2023-05-19 11:04:20'),
('ORD00292', 'mem00076', '', NULL, NULL, '737 臺南市鹽水區竹圍183號', 2, 1, 2, 1663, 80, 0, 1, '2023-05-19 11:04:33'),
('ORD00293', 'mem00166', '769', NULL, NULL, '220 新北市板橋區大智街2670號\'', 1, 4, 3, 1146, 80, 500, 1, '2023-05-19 11:05:07'),
('ORD00294', 'mem00166', '', NULL, NULL, '220 新北市板橋區大智街2670號\'', 1, 1, 3, 7450, 80, 0, 0, '2023-05-19 11:05:22'),
('ORD00295', 'mem00082', '', NULL, NULL, '950 臺東縣臺東市大孝路4230號', 2, 3, 2, 10210, 80, 0, 1, '2023-05-19 11:05:46'),
('ORD00296', 'mem00082', '', NULL, NULL, '950 臺東縣臺東市大孝路4230號', 1, 1, 3, 5318, 80, 0, 0, '2023-05-19 11:05:55'),
('ORD00297', 'mem00005', '50', NULL, NULL, '台北市中山區開心路125號', 1, 1, 3, 8900, 80, 400, 0, '2023-05-19 11:53:22');

-- --------------------------------------------------------

--
-- Table structure for table `order_cart`
--

CREATE TABLE `order_cart` (
  `cart_sid` int(11) NOT NULL COMMENT '購物車流水號',
  `member_sid` varchar(20) NOT NULL COMMENT '會員編號(GB)',
  `rel_type` varchar(20) NOT NULL COMMENT '品項類型（product/activity）',
  `rel_sid` varchar(20) NOT NULL COMMENT '品項父編號',
  `rel_seq_sid` varchar(20) NOT NULL COMMENT '品項子編號',
  `product_qty` int(11) DEFAULT NULL COMMENT '購買數量',
  `adult_qty` int(11) DEFAULT NULL COMMENT '人數(成人)',
  `child_qty` int(11) DEFAULT NULL COMMENT '人數(小孩)',
  `order_status` varchar(20) NOT NULL COMMENT '商品狀態（001:cart,002:order,003:Delete）'
) ENGINE=InnoDB DEFAULT CHARSET=utf8mb4;

--
-- Dumping data for table `order_cart`
--

INSERT INTO
  `order_cart` (
    `cart_sid`,
    `member_sid`,
    `rel_type`,
    `rel_sid`,
    `rel_seq_sid`,
    `product_qty`,
    `adult_qty`,
    `child_qty`,
    `order_status`
  )
VALUES
  (
    1,
    'mem00393',
    'product',
    'DFFE0015',
    '02',
    5,
    NULL,
    NULL,
    '001'
  ),
  (
    2,
    'mem00393',
    'product',
    'DFFE0009',
    '01',
    2,
    NULL,
    NULL,
    '001'
  ),
  (
    3,
    'mem00393',
    'product',
    'CFFE0019',
    '03',
    4,
    NULL,
    NULL,
    '001'
  ),
  (
    4,
    'mem00393',
    'product',
    'CFFE0012',
    '01',
    3,
    NULL,
    NULL,
    '001'
  ),
  (
    5,
    'mem00393',
    'product',
    'CFFE0020',
    '01',
    4,
    NULL,
    NULL,
    '001'
  ),
  (
    6,
    'mem00393',
    'activity',
    '3',
    '16',
    NULL,
    1,
    2,
    '001'
  ),
  (
    7,
    'mem00471',
    'product',
    'DFCA0003',
    '01',
    3,
    NULL,
    NULL,
    '001'
  ),
  (
    8,
    'mem00471',
    'product',
    'DFFE0023',
    '03',
    5,
    NULL,
    NULL,
    '001'
  ),
  (
    9,
    'mem00471',
    'product',
    'CFFE0006',
    '02',
    2,
    NULL,
    NULL,
    '001'
  ),
  (
    10,
    'mem00471',
    'product',
    'CFFE0020',
    '01',
    5,
    NULL,
    NULL,
    '001'
  ),
  (
    11,
    'mem00471',
    'activity',
    '2',
    '10',
    NULL,
    2,
    1,
    '001'
  ),
  (
    12,
    'mem00471',
    'activity',
    '3',
    '18',
    NULL,
    1,
    1,
    '001'
  ),
  (
    13,
    'mem00365',
    'product',
    'CFFE0020',
    '01',
    4,
    NULL,
    NULL,
    '001'
  ),
  (
    14,
    'mem00365',
    'activity',
    '1',
    '7',
    NULL,
    1,
    2,
    '001'
  ),
  (
    15,
    'mem00365',
    'activity',
    '1',
    '6',
    NULL,
    1,
    2,
    '001'
  );

-- --------------------------------------------------------

--
-- Table structure for table `order_details`
--

CREATE TABLE `order_details` (
  `order_detail_sid` int(11) NOT NULL COMMENT '訂單明細序號',
  `order_sid` varchar(20) NOT NULL COMMENT '訂單編號',
  `rel_type` varchar(20) NOT NULL COMMENT '品項類型（product/activity）',
  `rel_sid` varchar(20) NOT NULL COMMENT '品項父編號(p/a)',
  `rel_seq_sid` varchar(20) NOT NULL COMMENT '品項子編號(p/a)',
  `rel_name` varchar(225) NOT NULL COMMENT '品項父名稱(p/a)',
  `rel_seqName` varchar(255) NOT NULL COMMENT '品項子名稱/期別(p/a)',
  `product_amount` int(11) DEFAULT NULL COMMENT '商品金額(p)',
  `product_qty` int(11) DEFAULT NULL COMMENT '購買數量(p)',
  `adult_amount` int(11) DEFAULT NULL COMMENT '成人金額(a)',
  `adult_qty` int(11) DEFAULT NULL COMMENT '人數(成人)(a)',
  `child_amount` int(11) DEFAULT NULL COMMENT '小孩金額(a)',
  `child_qty` int(11) DEFAULT NULL COMMENT '人數(小孩)(a)',
  `rel_subtotal` int(11) NOT NULL COMMENT '小計'
) ENGINE=InnoDB DEFAULT CHARSET=utf8mb4;

--
-- Dumping data for table `order_details`
--

INSERT INTO `order_details` (`order_detail_sid`, `order_sid`, `rel_type`, `rel_sid`, `rel_seq_sid`, `rel_name`, `rel_seqName`, `product_amount`, `product_qty`, `adult_amount`, `adult_qty`, `child_amount`, `child_qty`, `rel_subtotal`) VALUES
(1, 'ORD00001', 'prod', 'CFSN0006', '01', '職貓肉泥-鮪&middot;伊勢海老', '鮪魚+0.6kg', 55, 1, NULL, NULL, NULL, NULL, 55),
(2, 'ORD00001', 'event', '33', '33', '狗狗演技班', '2023-05-19', NULL, NULL, 250, 2, 125, 6, 1250),
(3, 'ORD00002', 'prod', 'CFSN0006', '01', '職貓肉泥-鮪&middot;伊勢海老', '鮪魚+0.6kg', 55, 1, NULL, NULL, NULL, NULL, 55),
(4, 'ORD00002', 'event', '33', '33', '狗狗演技班', '2023-05-19', NULL, NULL, 250, 2, 125, 8, 1500),
(5, 'ORD00002', 'event', '19', '19', '貓咪寶寶課程', '2023-10-12', NULL, NULL, 350, 1, 175, 2, 700),
(6, 'ORD00003', 'event', '41', '41', '貓咪美容護理', '2023-05-20', NULL, NULL, 250, 1, 125, 2, 500),
(7, 'ORD00004', 'prod', 'CFSN0002', '01', '「搖!搖! 超級水果」酥脆貓零食', '鯡魚+0.1kg', 125, 4, NULL, NULL, NULL, NULL, 500),
(8, 'ORD00004', 'event', '15', '15', '狗狗訓練工作坊', '2023-10-12', NULL, NULL, 1200, 3, 600, 1, 4200),
(9, 'ORD00006', 'prod', 'BFCA0001', '01', '96%極品鮮肉老饕饗宴', '雞肉+0.6kg', 78, 3, NULL, NULL, NULL, NULL, 234),
(10, 'ORD00007', 'prod', 'CFSN0006', '01', '2種造型燒夾心餅乾-鮪魚+魷魚', '鮪魚+魷魚+0.3kg', 69, 2, NULL, NULL, NULL, NULL, 138),
(11, 'ORD00009', 'prod', 'CGOT0001', '02', '大白鵝造型寵物睡窩', 'L+毛絨', 999, 4, NULL, NULL, NULL, NULL, 3996),
(12, 'ORD00010', 'event', '8', '8', '狗狗搖籃曲音樂會', '2023-10-12', NULL, NULL, 350, 1, 170, 1, 520),
(13, 'ORD00012', 'prod', 'BFSN0002', '01', '凍乾鮪魚菲力塊', '鮪魚+0.4kg', 220, 4, NULL, NULL, NULL, NULL, 880),
(14, 'ORD00013', 'prod', 'DFFE0002', '01', '零穀系列-0%零穀', '鮭魚+2.5kg', 560, 2, NULL, NULL, NULL, NULL, 1120),
(15, 'ORD00013', 'prod', 'CFSN0004', '01', '2種造型燒夾心餅乾', '鮪魚+蝦子+0.3kg', 69, 3, NULL, NULL, NULL, NULL, 207),
(16, 'ORD00013', 'event', '41', '41', '貓咪美容護理', '2023-05-20', NULL, NULL, 250, 2, 125, 2, 750),
(17, 'ORD00014', 'prod', 'CFCA0001', '01', '奢華嫩鮭魚大餐', '鮭魚+0.8kg', 25, 1, NULL, NULL, NULL, NULL, 25),
(18, 'ORD00014', 'event', '50', '50', '狗狗樂器表演', '2023-05-19', NULL, NULL, 450, 1, 225, 0, 450),
(19, 'ORD00015', 'prod', 'BFSN0004', '01', '小心雞凍乾雞柳條', '雞肉+0.5kg', 169, 3, NULL, NULL, NULL, NULL, 507),
(20, 'ORD00016', 'event', '4', '4', '狗狗戶外派對', '2023-07-23', NULL, NULL, 250, 2, 125, 2, 750),
(21, 'ORD00017', 'prod', 'DFFE0001', '01', '親親系列-成犬腸胃敏感(低脂配方) ', '雞肉+鮪魚+7kg', 2150, 2, NULL, NULL, NULL, NULL, 4300),
(22, 'ORD00018', 'prod', 'CFSN0003', '01', '「搖!搖! 超級水果」酥脆貓零食-鮭魚', '鮭魚+0.1kg', 125, 1, NULL, NULL, NULL, NULL, 125),
(23, 'ORD00019', 'event', '32', '32', '貓咪手作工藝', '2023-05-19', NULL, NULL, 1234, 2, 4567, 1, 7035),
(24, 'ORD00020', 'prod', 'CFCA0007', '01', '優選貓咪餐包-雞肉塊', '雞肉+0.1kg', 99, 5, NULL, NULL, NULL, NULL, 495),
(25, 'ORD00285', 'prod', 'CGOT0002', '01', 'ZEZE 樹下青松寵物床', 'S+羊絨+PP棉填充', 1780, 4, NULL, NULL, NULL, NULL, 7120),
(26, 'ORD00285', 'prod', 'CFSN0001', '01', '職貓肉泥-鮪伊勢海老', '鮪魚+0.6kg', 55, 5, NULL, NULL, NULL, NULL, 275),
(27, 'ORD00285', 'event', '16', '16', '狗狗派對', '2023-05-16', NULL, NULL, 200, 3, 100, 2, 800),
(28, 'ORD00285', 'event', '38', '38', '狗狗訓練班', '2023-05-27', NULL, NULL, 250, 1, 125, 1, 375),
(29, 'ORD00286', 'prod', 'CFCA0006', '01', '優選貓咪餐包', '雞肉+0.1kg', 99, 2, NULL, NULL, NULL, NULL, 198),
(30, 'ORD00287', 'prod', 'CFCA0002', '01', '喝口湯吧-鮪魚柴魚煲湯', '鮪魚+0.8kg', 27, 3, NULL, NULL, NULL, NULL, 81),
(31, 'ORD00287', 'event', '29', '29', '狗狗聽力訓練', '2023-05-19', NULL, NULL, 250, 1, 234, 1, 484),
(32, 'ORD00288', 'prod', 'CFCA0006', '01', '優選貓咪餐包', '雞肉+0.1kg', 99, 3, NULL, NULL, NULL, NULL, 297),
(33, 'ORD00288', 'prod', 'BFSN0004', '01', '小心雞凍乾雞柳條', '雞肉+0.5kg', 169, 4, NULL, NULL, NULL, NULL, 676),
(34, 'ORD00288', 'prod', 'DFFE0008', '02', '雞肉大麥與糙米特調食譜', '雞肉+2.0kg', 605, 3, NULL, NULL, NULL, NULL, 1815),
(35, 'ORD00288', 'event', '52', '52', '狗狗追蹤比賽', '2023-05-19', NULL, NULL, 250, 3, 125, 1, 875),
(36, 'ORD00289', 'prod', 'CFCA0007', '01', '優選貓咪餐包-雞肉塊', '雞肉+0.1kg', 99, 3, NULL, NULL, NULL, NULL, 297),
(37, 'ORD00289', 'prod', 'CFSN0004', '01', '2種造型燒夾心餅乾', '鮪魚+蝦子+0.3kg', 69, 4, NULL, NULL, NULL, NULL, 276),
(38, 'ORD00289', 'prod', 'CFFE0001', '01', '機能伴食鮪魚乾雞肉酥', '雞肉+鮪魚+0.1kg', 149, 1, NULL, NULL, NULL, NULL, 149),
(39, 'ORD00289', 'prod', 'DFFE0003', '02', '11種肉無榖配方', '雞肉+4.5kg', 2150, 5, NULL, NULL, NULL, NULL, 10750),
(40, 'ORD00289', 'event', '38', '38', '狗狗訓練班', '2023-05-27', NULL, NULL, 250, 2, 125, 2, 750),
(41, 'ORD00290', 'prod', 'DFFE0008', '01', '雞肉大麥與糙米特調食譜', '雞肉+1.5kg', 525, 4, NULL, NULL, NULL, NULL, 2100),
(42, 'ORD00290', 'prod', 'CFCA0004', '01', '優選貓咪餐包-鮭魚', '鮭魚+0.1kg', 99, 1, NULL, NULL, NULL, NULL, 99),
(43, 'ORD00290', 'prod', 'CFSN0001', '01', '職貓肉泥-鮪伊勢海老', '鮪魚+0.6kg', 55, 4, NULL, NULL, NULL, NULL, 220),
(44, 'ORD00290', 'prod', 'DFFE0002', '02', '零穀系列-0%零穀', '牛肉+7kg', 1000, 3, NULL, NULL, NULL, NULL, 3000),
(45, 'ORD00290', 'event', '20', '20', '狗狗樂園', '2023-10-12', NULL, NULL, 350, 1, 175, 2, 700),
(46, 'ORD00291', 'prod', 'DFFE0003', '01', '11種肉無榖配方', '雞肉+1.8kg', 1050, 5, NULL, NULL, NULL, NULL, 5250),
(47, 'ORD00291', 'prod', 'CGOT0001', '02', '大白鵝造型寵物睡窩', 'L+毛絨', 999, 4, NULL, NULL, NULL, NULL, 3996),
(48, 'ORD00292', 'prod', 'CFCA0003', '01', '屁孩奶霜主食罐', '雞肉+鮪魚+0.2kg', 75, 2, NULL, NULL, NULL, NULL, 150),
(49, 'ORD00292', 'prod', 'CFSN0006', '01', '2種造型燒夾心餅乾-鮪魚+魷魚', '鮪魚+魷魚+0.3kg', 69, 2, NULL, NULL, NULL, NULL, 138),
(50, 'ORD00292', 'prod', 'CFSN0002', '01', '「搖!搖! 超級水果」酥脆貓零食', '鯡魚+0.1kg', 125, 5, NULL, NULL, NULL, NULL, 625),
(51, 'ORD00292', 'event', '54', '54', '狗狗寶物尋找', '2023-05-19', NULL, NULL, 250, 2, 125, 2, 750),
(52, 'ORD00293', 'prod', 'CFCA0005', '01', '優選貓咪餐包-鱈魚', '鱈魚+0.1kg', 99, 4, NULL, NULL, NULL, NULL, 396),
(53, 'ORD00293', 'event', '49', '49', '貓咪美容造型', '2023-05-19', NULL, NULL, 250, 2, 125, 2, 750),
(54, 'ORD00294', 'prod', 'DFFE0005', '03', '鮮雞成犬無穀配方', '雞肉+6.0kg', 2150, 3, NULL, NULL, NULL, NULL, 6450),
(55, 'ORD00294', 'event', '26', '26', '寵物攝影工作坊', '2023-05-19', NULL, NULL, 500, 1, 250, 2, 1000),
(56, 'ORD00295', 'prod', 'DFFE0006', '02', '鮮雞室內犬無榖配方', '雞肉+6.0kg', 2150, 4, NULL, NULL, NULL, NULL, 8600),
(57, 'ORD00295', 'prod', 'DFFE0002', '01', '零穀系列-0%零穀', '鮭魚+2.5kg', 560, 1, NULL, NULL, NULL, NULL, 560),
(58, 'ORD00295', 'event', '19', '19', '貓咪寶寶課程', '2023-10-12', NULL, NULL, 350, 2, 175, 2, 1050),
(59, 'ORD00296', 'prod', 'BFSN0005', '01', '鄉村奶香嫩雞泥', '雞肉+羊奶+0.6kg', 68, 1, NULL, NULL, NULL, NULL, 68),
(60, 'ORD00296', 'prod', 'DFFE0005', '02', '鮮雞成犬無穀配方', '雞肉+2.0kg', 1050, 5, NULL, NULL, NULL, NULL, 5250),
(61, 'ORD00297', 'prod', 'DFFE0001', '01', '親親系列-成犬腸胃敏感(低脂配方) ', '雞肉+鮪魚+7kg', 2150, 4, NULL, NULL, NULL, NULL, 8600),
(62, 'ORD00297', 'event', '45', '45', '貓咪環境豐富化', '2023-05-19', NULL, NULL, 200, 1, 100, 1, 300);

-- --------------------------------------------------------

--
-- Table structure for table `post_board`
--

CREATE TABLE `post_board` (
  `board_sid` int(11) NOT NULL COMMENT '看板編號',
  `board_name` varchar(20) NOT NULL COMMENT '看板名稱',
  `board_img` varchar(225) NOT NULL COMMENT '看板圖片',
  `create_time` datetime NOT NULL DEFAULT CURRENT_TIMESTAMP COMMENT '建立時間'
) ENGINE=InnoDB DEFAULT CHARSET=utf8mb4;

--
-- Dumping data for table `post_board`
--

INSERT INTO `post_board` (`board_sid`, `board_name`, `board_img`, `create_time`) VALUES
(1, '寵物醫療板', '', '2023-06-27 00:48:30'),
(2, '寵物住宿板', '', '2023-06-27 00:48:30'),
(3, '寵物友善景點', '', '2023-06-27 00:48:30'),
(4, '寵物安親板', '', '2023-06-27 00:48:30'),
(5, '狗/貓聚板', '', '2023-06-27 00:48:30'),
(6, '曬毛孩板', '', '2023-06-27 00:48:30'),
(7, '寵物學校', '', '2023-06-27 00:48:30'),
(8, '寵物友善\r\n餐廳/咖啡廳', '', '2023-06-27 00:48:30'),
(9, '寵物照護', '', '2023-06-27 00:48:30'),
(10, '毛小孩天堂', '', '2023-06-27 00:48:30'),
(11, '幼犬/貓版', '', '2023-06-27 00:48:30'),
(12, '老犬/貓版', '', '2023-06-27 00:48:30'),
(13, '寵物梗圖', '', '2023-06-27 00:48:30');

-- --------------------------------------------------------

--
-- Table structure for table `post_comment`
--

CREATE TABLE `post_comment` (
  `comment_sid` int(11) NOT NULL COMMENT '留言編號',
  `post_sid` int(11) NOT NULL COMMENT '文章編號',
  `member_sid` varchar(255) NOT NULL COMMENT '會員編號',
  `parent_sid` int(11) NOT NULL COMMENT '父留言編號',
  `comment_content` text NOT NULL COMMENT '留言內容',
  `comment_date` datetime NOT NULL COMMENT '留言日期',
  `create_time` datetime NOT NULL DEFAULT CURRENT_TIMESTAMP COMMENT '建立時間'
) ENGINE=InnoDB DEFAULT CHARSET=utf8mb4;

-- --------------------------------------------------------

--
-- Table structure for table `post_favlist`
--

CREATE TABLE `post_favlist` (
  `list_name` varchar(225) NOT NULL COMMENT '收藏列表名稱',
  `post_sid` int(11) NOT NULL COMMENT '文章編號',
  `member_sid` int(11) NOT NULL COMMENT '會員編號',
  `favorites_date` datetime NOT NULL COMMENT '收藏日期',
  `create_time` datetime NOT NULL DEFAULT CURRENT_TIMESTAMP COMMENT '建立時間'
) ENGINE=InnoDB DEFAULT CHARSET=utf8mb4;

-- --------------------------------------------------------

--
-- Table structure for table `post_file`
--

CREATE TABLE `post_file` (
  `file_sid` int(11) NOT NULL COMMENT '相片/影片',
  `post_sid` int(11) NOT NULL COMMENT 'FK from post_list(文章列表)',
  `file_type` varchar(20) CHARACTER SET utf8mb4 NOT NULL COMMENT '區分檔案類型\r\n照片：F01\r\n影片：F02',
  `file` varchar(225) CHARACTER SET utf8mb4 NOT NULL COMMENT '檔案內容',
  `file_status` int(11) NOT NULL COMMENT '檔案狀態(1是有/0是刪除)',
  `create_time` datetime NOT NULL DEFAULT CURRENT_TIMESTAMP COMMENT '建立時間'
) ENGINE=InnoDB DEFAULT CHARSET=utf8;

--
-- Dumping data for table `post_file`
--

INSERT INTO `post_file` (`file_sid`, `post_sid`, `file_type`, `file`, `file_status`, `create_time`) VALUES
(12, 156, 'F01', '5762f67a06ead623c63dd7f551f23b0b9d5be0e7.jpg', 0, '2023-06-27 00:42:42'),
(13, 1, 'F01', '5762f67a06ead623c63dd7f551f24b0b5d5be0e8.jpg', 0, '2023-06-27 00:42:42'),
(14, 2, 'F01', '3e1fd9a6c5e9cb8f57413253e9b817ab59e8ae22.jpg', 0, '2023-06-27 00:42:42'),
(15, 3, 'F01', '2d8c3b7d6ad50f4b55dcddae8d11de61a2d7f4e5.jpg', 0, '2023-06-27 00:42:42'),
(16, 4, 'F01', '1a69f0d4ad57eab4a0de3ef81d46b100da7a5026.jpg', 0, '2023-06-27 00:42:42'),
(17, 5, 'F01', 'b1606315bca94cc428bdb2b2a6c0178a748f5396.jpg', 0, '2023-06-27 00:42:42'),
(18, 6, 'F01', 'da5a5f35836a12a2f9c52f333b9730eeac7b8297.jpg', 0, '2023-06-27 00:42:42'),
(19, 7, 'F01', '6851b9b8c8821003b4c528d1f038d5ffebf9a3b3.jpg', 0, '2023-06-27 00:42:42'),
(20, 8, 'F01', 'c6de7c2a8cc7b7d4af3d936bf29e4a327c97a882.jpg', 0, '2023-06-27 00:42:42'),
(21, 9, 'F01', '1f3b48c079aeb4d643b7b83205c8a4f1d6ef4b62.jpg', 0, '2023-06-27 00:42:42'),
(22, 10, 'F01', '0ebf1f57c70b8c7b2ebf6cc63e2e4d9de58b2e2e.jpg', 0, '2023-06-27 00:42:42'),
(23, 11, 'F01', 'a1e2e9ac3d92e51d0745f20040c62ab0e9a437eb.jpg', 0, '2023-06-27 00:42:42'),
(24, 12, 'F01', '2a6bb8e02f16808d2db56a4fb870e8be6e06b4bc.jpg', 0, '2023-06-27 00:42:42'),
(25, 13, 'F01', '45de56c9131247e80d8d355f672a0d8fbf07fba1.jpg', 0, '2023-06-27 00:42:42'),
(26, 14, 'F01', '58e398bd237fa2e80c512f8d1f8c5e4ae2aa3314.jpg', 0, '2023-06-27 00:42:42'),
(27, 15, 'F01', 'c0b55c9bcf8d25d4b2b492a2ddbfba16a504174a.jpg', 0, '2023-06-27 00:42:42'),
(28, 16, 'F01', '5df2c8b89f50b9d8d50ef3da5078999b7a468b9d.jpg', 0, '2023-06-27 00:42:42'),
(29, 17, 'F01', '074f9eb0b5d0737c53c7b836792f3e80e7f56439.jpg', 0, '2023-06-27 00:42:42'),
(30, 18, 'F01', 'b034354d94d804f0f51c19bde4ce2696894e9b62.jpg', 0, '2023-06-27 00:42:42'),
(31, 19, 'F01', '9d1a1f81b3847ed58e5f75ac4f09ef10d6e6866d.jpg', 0, '2023-06-27 00:42:42'),
(32, 20, 'F01', '2db5b25ed370c7fc3a0fc5e830d8d7e1b7370c8c.jpg', 0, '2023-06-27 00:42:42'),
(33, 21, 'F01', '8df37f8e3466e663c2fc7159334500656e0c617f.jpg', 0, '2023-06-27 00:42:42'),
(34, 22, 'F01', 'a2f14de11e0fb2c7e7079306433e6e48a6dc3dbd.jpg', 0, '2023-06-27 00:42:42'),
(35, 23, 'F01', 'd8e3a33b498e6317b14e4f7c1d07c6414ce0c6f1.jpg', 0, '2023-06-27 00:42:42'),
(36, 24, 'F01', 'a3c864f56805f92ad89a6c9f6d1b1c106b46bc5c.jpg', 0, '2023-06-27 00:42:42'),
(37, 25, 'F01', '3af42d96a1c1e22c5d5fe33ff3a71b70f4d9fd4b.jpg', 0, '2023-06-27 00:42:42'),
(38, 26, 'F01', '677ff853af87e27bc7a1c9a44f36753dbb1d2fb6.jpg', 0, '2023-06-27 00:42:42'),
(39, 27, 'F01', '4f6289bc7d9e8d45c3b314a3b2eef47a20947f3f.jpg', 0, '2023-06-27 00:42:42'),
(40, 28, 'F01', 'f0f440e4450b0a7e250d1b2d687f704f0d9275e6.jpg', 0, '2023-06-27 00:42:42'),
(41, 29, 'F01', '3c976f3f388e0d8b89d8c2393c8c62de0df8b93f.jpg', 0, '2023-06-27 00:42:42'),
(42, 30, 'F01', '7c8e4c086eaa2572b29938ef48ab1e4398640c26.jpg', 0, '2023-06-27 00:42:42'),
(43, 31, 'F01', 'a31d92b1c8195be3a3c42f55e6c40f26b78f4c8a.jpg', 0, '2023-06-27 00:42:42'),
(44, 32, 'F01', '7b2d2b1db25b94e59a8a3b49ff6221c74391d6c4.jpg', 0, '2023-06-27 00:42:42'),
(45, 33, 'F01', '0a1c86898b1e42a4d44971a91f8b8014f4b262d8.jpg', 0, '2023-06-27 00:42:42'),
(46, 34, 'F01', '084d106d07d0646a4e74c70f67cc1d7b92d30948.jpg', 0, '2023-06-27 00:42:42'),
(47, 35, 'F01', '04c9a4e5f3d6c44e6cb1635bc40b1d6861dc6e67.jpg', 0, '2023-06-27 00:42:42'),
(48, 36, 'F01', 'ce3c75a3a8a12098d39c9db2254e649222f89165.jpg', 0, '2023-06-27 00:42:42'),
(49, 37, 'F01', '56c33c18d2d70f1e86be4a702070b6c146117573.jpg', 0, '2023-06-27 00:42:42'),
(50, 38, 'F01', 'f8e6464ccf73a90d275789fc9e2d5e8f82c2f6f7.jpg', 0, '2023-06-27 00:42:42'),
(51, 39, 'F01', 'a4c1a2322d11f22888b1b0674d6932a51b78b3f0.jpg', 0, '2023-06-27 00:42:42'),
(52, 40, 'F01', 'fd25008d66d5ad02024ef1b4b6af1ff041d48d55.jpg', 0, '2023-06-27 00:42:42'),
(53, 41, 'F01', '927e7d0f1f4e0a5aee2b3db352854c10bc3469ae.jpg', 0, '2023-06-27 00:42:42'),
(54, 42, 'F01', 'f8c33f6edc255ba9e748dceae16242b3b4370e30.jpg', 0, '2023-06-27 00:42:42'),
(55, 43, 'F01', '7321a5f7af8c5d6cc0fc6ddbf5120a4d2a65edfc.jpg', 0, '2023-06-27 00:42:42'),
(56, 44, 'F01', 'e26fb583d8d80af9f2c694f8fe0d23d8c174aa9f.jpg', 0, '2023-06-27 00:42:42'),
(57, 45, 'F01', '660f036b68a59f3a999c74e57039be9d6e2e7ce6.jpg', 0, '2023-06-27 00:42:42'),
(58, 46, 'F01', 'deae5bb78ef694f39f232a1a9b2e898b663864b9.jpg', 0, '2023-06-27 00:42:42'),
(59, 47, 'F01', '0e6c052ff392d9b1b3bc9d61d05b8350b731f697.jpg', 0, '2023-06-27 00:42:42'),
(60, 48, 'F01', '5c801f8e1f53a593489e6b75ef7a58799fe3c156.jpg', 0, '2023-06-27 00:42:42'),
(61, 49, 'F01', '7d1ab60c2aeb8684ab76e438b14f85574dcf0494.jpg', 0, '2023-06-27 00:42:42'),
(62, 50, 'F01', '87d3ad5c9d69d7e7f52e2147f6d8a0d9c34e9fc2.jpg', 0, '2023-06-27 00:42:42'),
(63, 51, 'F01', 'aa3699302f40b648a3010b2b4dd3948d2a1e5b23.jpg', 0, '2023-06-27 00:42:42'),
(64, 52, 'F01', '7a6a1cc6804e8cb5249e7e12e11df7e48af59878.jpg', 0, '2023-06-27 00:42:42'),
(65, 53, 'F01', 'd8c3ad2d819fbef999d03eabf5ae0b4d0c3e41d2.jpg', 0, '2023-06-27 00:42:42'),
(66, 54, 'F01', '85df12e186df46f0db697f61e0da7a007a49ff78.jpg', 0, '2023-06-27 00:42:42'),
(67, 55, 'F01', '7430c09406cc4575a1b59b147a59c2078e982f79.jpg', 0, '2023-06-27 00:42:42'),
(68, 56, 'F01', 'e12f4f651d8e91316e3b9b2a253865e8b3f8af6e.jpg', 0, '2023-06-27 00:42:42'),
(69, 57, 'F01', '0d91f2be8240793d78323f38b7c82d734a56c128.jpg', 0, '2023-06-27 00:42:42'),
(70, 58, 'F01', '33a2eb7c6e92b83b6d84e1cc512ec8d3fba96b09.jpg', 0, '2023-06-27 00:42:42'),
(71, 59, 'F01', 'e6e1fe883c7f872d58d3778c9a31d27df0ad4c3d.jpg', 0, '2023-06-27 00:42:42'),
(72, 60, 'F01', '1d3e65ae733f442a01b20dd7870a5c7c46437b9e.jpg', 0, '2023-06-27 00:42:42'),
(73, 61, 'F01', 'a0c1b29d7682a11c61ed68f63506fe68042e1fc7.jpg', 0, '2023-06-27 00:42:42'),
(74, 62, 'F01', '9868a98e57c8e364b3f7192f7605f8f672c61b0e.jpg', 0, '2023-06-27 00:42:42'),
(75, 63, 'F01', '31590b4e3d7e69fc3fcf0b1d19a843432f3eb89b.jpg', 0, '2023-06-27 00:42:42'),
(76, 64, 'F01', '7b754bcfd5eeff83177e5598e08b5d57c6c8ea97.jpg', 0, '2023-06-27 00:42:42'),
(77, 65, 'F01', '3928a2b3cde40fb2496be4ebedc9d9e34d7310c2.jpg', 0, '2023-06-27 00:42:42'),
(78, 66, 'F01', 'eb2ef87d300f8d0ef9c6bfc961e1a9705e9d55a0.jpg', 0, '2023-06-27 00:42:42'),
(79, 67, 'F01', '129b59fd3d55c0fe5b8c42bc4df5bbf74f23fe3c.jpg', 0, '2023-06-27 00:42:42'),
(80, 68, 'F01', 'fc9a1f2a4de4d14c0c4f1b2464ff8d8496e620b7.jpg', 0, '2023-06-27 00:42:42'),
(81, 69, 'F01', '8e40c76d9e5f11d1b1abec5af3c14b7a8e62a3b1.jpg', 0, '2023-06-27 00:42:42'),
(82, 70, 'F01', '61f91df1c4c1e9dd33e87f867eb00e20f546f9a0.jpg', 0, '2023-06-27 00:42:42'),
(83, 71, 'F01', 'd996295fb3d632d25d8e3093d2a8af50fcf73b03.jpg', 0, '2023-06-27 00:42:42'),
(84, 72, 'F01', 'dc781e63a7c6d2fe7b73820f3809bc4564f24361.jpg', 0, '2023-06-27 00:42:42'),
(85, 73, 'F01', '4cddda1fc06d474f0c25fdbe4f052c737b9b5a85.jpg', 0, '2023-06-27 00:42:42'),
(86, 74, 'F01', '8d8c60a48759e14e3ff2f2c1d79b541f5c171e70.jpg', 0, '2023-06-27 00:42:42'),
(87, 75, 'F01', '4b93f8f19a23b8e8d27649b7de3ee619a0e70a2c.jpg', 0, '2023-06-27 00:42:42'),
(88, 76, 'F01', 'ba27dab9ee89186f187d81b0c5b888c59d8f5595.jpg', 0, '2023-06-27 00:42:42'),
(89, 77, 'F01', '152aa7da2b6b9b85fd1f14d33bfe8ab9631350ce.jpg', 0, '2023-06-27 00:42:42'),
(90, 78, 'F01', '602f6c8acff1a6ac06f6b5a5e61dc3a8b1d7b9f4.jpg', 0, '2023-06-27 00:42:42'),
(91, 79, 'F01', '2e0ff8ae4b920e714c90a9b70b9243c70313746b.jpg', 0, '2023-06-27 00:42:42'),
(92, 80, 'F01', 'a92d101aa4f2533192451ce2444d8b99e4972a53.jpg', 0, '2023-06-27 00:42:42'),
(93, 81, 'F01', '7d8f080a90301e4c8fd8828f3524e260df95f5bc.jpg', 0, '2023-06-27 00:42:42'),
(94, 82, 'F01', '3a1e1e389a8fcf126a7348e5e6b0072f3e4a5f74.jpg', 0, '2023-06-27 00:42:42'),
(95, 83, 'F01', '8d1ff4ed5f541c75cb1d5b01f7c456edf14481e1.jpg', 0, '2023-06-27 00:42:42'),
(96, 84, 'F01', 'd071ebe16da99266fc5c3e58db6ad2a91ac55ee2.jpg', 0, '2023-06-27 00:42:42'),
(97, 85, 'F01', 'b72da0573dcd8312ea5b9a5350f8ad7e0b7aee3a.jpg', 0, '2023-06-27 00:42:42'),
(98, 86, 'F01', '8e4454f7b3a2e4a02185e71079a4c94324833e7f.jpg', 0, '2023-06-27 00:42:42'),
(99, 87, 'F01', 'f5f768e0a22e1e5baff83e4a2a4322ed2ad101c0.jpg', 0, '2023-06-27 00:42:42'),
(100, 88, 'F01', 'd7e8ce94d8750a1d49b32c4d89b416222e3309b9.jpg', 0, '2023-06-27 00:42:42'),
(101, 89, 'F01', '034df7a09c6e58b4c97253d0c3f19cefa5c3c91f.jpg', 0, '2023-06-27 00:42:42'),
(102, 90, 'F01', 'efc26764a8a1f6a429fa9d25194ebf633c75f9af.jpg', 0, '2023-06-27 00:42:42'),
(103, 91, 'F01', 'cf1a72e4e1d0e33a8af14d8c63ef4e78cb0cfe56.jpg', 0, '2023-06-27 00:42:42'),
(104, 92, 'F01', 'a1081db688b74f6dab43d13f7386ae0ed46529be.jpg', 0, '2023-06-27 00:42:42'),
(105, 93, 'F01', 'a1081db688b74f6dab43d13f7386ae0ed46529be.jpg', 0, '2023-06-27 00:42:42'),
(106, 94, 'F01', 'a0d05fca5a1d9a6185e430daa6cc894a0dd700e1.jpg', 0, '2023-06-27 00:42:42'),
(107, 95, 'F01', 'f6a0d92f752f8e0525f4de90c06cebd5377d43df.jpg', 0, '2023-06-27 00:42:42'),
(108, 96, 'F01', '2e425bdf67e6e2b8e53dcb1811e7f73828f4d5a1.jpg', 0, '2023-06-27 00:42:42'),
(109, 97, 'F01', '32c3cc26c43f3ad401ec0d5e8be2bb3a54b44586.jpg', 0, '2023-06-27 00:42:42'),
(110, 98, 'F01', '72dab29deebfe2971066c8f5723c83f5a7b0c572.jpg', 0, '2023-06-27 00:42:42'),
(111, 99, 'F01', 'fbbfe9f23a4e34b4e55fca848c3d245f20b40524.jpg', 0, '2023-06-27 00:42:42'),
(112, 100, 'F01', 'aef79d0b16a623e452d77d45b0de2a76af1e24f4.jpg', 0, '2023-06-27 00:42:42'),
(113, 157, 'F01', '13d3b34255e6f98e48e03325af1d8de9c3731f0e.jpg', 0, '2023-06-27 00:42:42'),
(114, 158, 'F01', 'e9932eea1121e5176b6994be64fe46937bb4e6f3.jpg', 0, '2023-06-27 00:42:42'),
(115, 159, 'F01', '0a1eb4f2a19415ae4f18f8098dbfd1497c0b9625.jpg', 0, '2023-06-27 00:42:42'),
(116, 160, 'F01', 'f13656908f54feae64d34fcd3b19341407c6339e.jpg', 0, '2023-06-27 00:42:42'),
(117, 161, 'F01', 'f1f79d057c68f8e98ff8133f1d8aa0f332ca1f55.jpg', 0, '2023-06-27 00:42:42'),
(118, 162, 'F01', '1140c9572a1a8873433e9f85380fe1955f34b922.jpg', 0, '2023-06-27 00:42:42'),
(119, 163, 'F01', 'd2ac115633a3bb697768206679f9cbb6060de093.jpg', 0, '2023-06-27 00:42:42'),
(120, 164, 'F01', '05b689ac786eaa85549593d9a29afc5f139b2471.jpg', 0, '2023-06-27 00:42:42'),
(121, 165, 'F01', '4e1b97f139cfa3031d6fda4f5845e9f915844c6b.jpg', 0, '2023-06-27 00:42:42'),
(122, 166, 'F01', '53e79342a714202f57afbc83f37310370d525579.jpg', 0, '2023-06-27 00:42:42'),
(123, 167, 'F01', '9174b78ec9a3474350020fb9f8def027320d3e5a.jpg', 0, '2023-06-27 00:42:42'),
(124, 168, 'F01', '271977f66c08277044d40e99525ed207bf6cd705.jpg', 0, '2023-06-27 00:42:42'),
(125, 169, 'F01', 'e22460cb5bc079ba8f625a67b92fc7702b3f1fea.jpg', 0, '2023-06-27 00:42:42'),
(126, 170, 'F01', '9c5e9b5e06fcf6ea0edf7e2c757f8a9dbeedd5e6.jpg', 0, '2023-06-27 00:42:42'),
(127, 171, 'F01', '3f58ca0d90fa906d1e91ce4dc1b800a12eaaed80.jpg', 0, '2023-06-27 00:42:42'),
(128, 172, 'F01', 'db761ac52b34b97a89735b6d39375a4eac629be5.jpg', 0, '2023-06-27 00:42:42'),
(129, 173, 'F01', 'a4fd9ebcf53a36ec5aa2abfa9255743f06fa79db.jpg', 0, '2023-06-27 00:42:42'),
(130, 174, 'F01', '223f40edc751ea2a133c41aee187fe69dcfd9b6d.jpg', 0, '2023-06-27 00:42:42'),
(131, 175, 'F01', '4a5b0fa98eed770d9f4a29086ca5577517f03388.jpg', 0, '2023-06-27 00:42:42'),
(132, 176, 'F01', '238666e9b62f71d1840288c7b368edade08a839f.jpg', 0, '2023-06-27 00:42:42'),
(133, 177, 'F01', 'e3a1abbc4937e3d8b0a48e1ea44ec86b85883a57.jpg', 0, '2023-06-27 00:42:42'),
(134, 178, 'F01', '0fa3d43497bbcea672bf81eb0dab2d8512f39346.jpg', 0, '2023-06-27 00:42:42'),
(135, 179, 'F01', '9597cf7998b90254a59ec0429a279bddd8ea05fc.jpg', 0, '2023-06-27 00:42:42'),
(136, 180, 'F01', '3a80e26bd93ba3f77961712143566dfbbdf49658.jpg', 0, '2023-06-27 00:42:42'),
(137, 181, 'F01', '929da5a218e4c885e4557f35e20e228b110f2167.jpg', 0, '2023-06-27 00:42:42'),
(138, 182, 'F01', 'd54d7c5d5a2ac7185813da42d7e370427447049b.jpg', 0, '2023-06-27 00:42:42'),
(139, 183, 'F01', '12f9c1367d46fa0f18079ab32038fe2bcc89eabb.jpg', 0, '2023-06-27 00:42:42'),
(140, 184, 'F01', 'dac6a17c76d64f64317f0d19baeda5569c83d924.jpg', 0, '2023-06-27 00:42:42'),
(141, 185, 'F01', '95a4de83a02ebd99db4e7c1325d707a5d6599a70.jpg', 0, '2023-06-27 00:42:42'),
(142, 186, 'F01', '39356817b9408fe03984dea07225b7bd8cf8d78e.jpg', 0, '2023-06-27 00:42:42'),
(143, 187, 'F01', '010c4292dd1cceafa515c23755e70fa3015dcd8f.jpg', 0, '2023-06-27 00:42:42'),
(144, 188, 'F01', 'c5b99eaca07af940d4839066c71dca7711f89857.jpg', 0, '2023-06-27 00:42:42'),
(145, 189, 'F01', '322efe2785c72294600c624b471c635f5eafb9b5.jpg', 0, '2023-06-27 00:42:42');

-- --------------------------------------------------------

--
-- Table structure for table `post_follow`
--

CREATE TABLE `post_follow` (
  `board_sid` int(11) NOT NULL COMMENT '看板編號 (追蹤的看板)',
  `member_sid` varchar(255) NOT NULL COMMENT '會員編號',
  `follow_date` datetime NOT NULL COMMENT '追蹤日期'
) ENGINE=InnoDB DEFAULT CHARSET=utf8mb4;

-- --------------------------------------------------------

--
-- Table structure for table `post_hashtag`
--

CREATE TABLE `post_hashtag` (
  `hashtag_sid` int(11) NOT NULL COMMENT '話題編號',
  `hashtag_name` varchar(225) NOT NULL COMMENT '話題名稱',
  `post_sid` int(11) NOT NULL COMMENT '文章編號',
  `create_time` datetime NOT NULL DEFAULT CURRENT_TIMESTAMP COMMENT '建立時間'
) ENGINE=InnoDB DEFAULT CHARSET=utf8mb4;

-- --------------------------------------------------------

--
-- Table structure for table `post_like`
--

CREATE TABLE `post_like` (
  `post_sid` int(11) NOT NULL COMMENT '文章編號',
  `member_sid` varchar(255) NOT NULL COMMENT '會員編號',
  `like_time` datetime NOT NULL COMMENT '按讚時間',
  `create_time` datetime NOT NULL DEFAULT CURRENT_TIMESTAMP COMMENT '建立時間'
) ENGINE=InnoDB DEFAULT CHARSET=utf8mb4;

-- --------------------------------------------------------

--
-- Table structure for table `post_list_member`
--

CREATE TABLE `post_list_member` (
  `post_sid` int(11) NOT NULL COMMENT '文章編號',
  `member_sid` varchar(255) CHARACTER SET utf8mb4 NOT NULL COMMENT '會員編號 (FK from 會員中心)',
  `board_sid` int(11) NOT NULL COMMENT '看板編號 (FK from 看板分類)',
  `post_title` varchar(255) CHARACTER SET utf8mb4 NOT NULL COMMENT '文章標題',
  `post_content` text CHARACTER SET utf8mb4 NOT NULL COMMENT '文章內容',
  `post_date` datetime NOT NULL COMMENT '貼文日期',
  `post_type` varchar(20) CHARACTER SET utf8mb4 NOT NULL COMMENT '文章類型 (區分人的文章跟毛孩的日記:   \r\n\r\n人的文章P01/\r\n毛孩日記P02)',
  `pet_sid` int(11) DEFAULT NULL COMMENT '毛孩編號 (FK from 毛孩列表)',
  `update_date` datetime DEFAULT NULL COMMENT '更新日期',
  `post_status` int(11) NOT NULL COMMENT '文章狀態\r\n(1:上架/ 2.草稿/ 3.刪除)'
) ENGINE=InnoDB DEFAULT CHARSET=utf8;

--
-- Dumping data for table `post_list_member`
--

INSERT INTO `post_list_member` (`post_sid`, `member_sid`, `board_sid`, `post_title`, `post_content`, `post_date`, `post_type`, `pet_sid`, `update_date`, `post_status`) VALUES
(1, 'mem00300', 1, '我的貓咪不吃飯怎麼辦？', '我的貓咪最近一直不吃飯，該怎麼辦呢？求助！', '2022-09-23 08:30:12', 'P01', NULL, '2022-09-24 09:20:34', 0),
(2, 'mem00271', 2, '想給我的狗狗找個好住宿', '我最近想出國玩，但是不知道要怎麼安排狗狗的住宿，想請問大家有什麼好的建議嗎？', '2023-01-11 13:25:02', 'P01', NULL, '2023-01-12 15:17:56', 0),
(3, 'mem00236', 3, '推薦一下寵物友善景點！', '我們最近去了一個很棒的寵物友善景點，大家一定要去看看！', '2022-11-16 10:45:22', 'P01', NULL, '2022-11-17 14:12:40', 0),
(4, 'mem00210', 4, '想找個安親托管狗狗', '我最近要出差，想找個可信的安親托管狗狗的地方，求推薦！', '2023-02-23 09:36:17', 'P01', NULL, '2023-02-24 11:40:45', 0),
(5, 'mem00202', 5, '狗狗貓咪交流板！', '大家有沒有養多種寵物的經驗呢？一起來分享交流吧！', '2023-04-05 14:20:31', 'P01', NULL, '2023-04-06 16:18:13', 0),
(6, 'mem00252', 6, '來分享我家毛孩的日常！', '我家毛孩最近特別喜歡玩球，大家也可以試試看！', '2022-10-15 16:55:03', 'P01', NULL, '2022-10-17 09:08:32', 0),
(7, 'mem00229', 7, '學校推薦！', '我推薦一下某寵物學校，老師教學非常用心，學生學習成效也非常好！', '2023-03-17 11:30:10', 'P01', NULL, '2023-03-20 09:08:32', 0),
(8, 'mem00210', 1, '狗狗吃錯東西，該怎麼處理？', '最近我家狗狗誤食了巧克力，我十分擔心牠的身體狀況。經過與寵物醫院的討論，我發現狗狗誤食巧克力會引起中毒的風險。建議各位狗狗主人要注意給狗狗食用適合的食物，並及時到寵物醫院進行處理。', '2022-09-22 17:42:13', 'P01', NULL, '2022-09-23 11:30:20', 0),
(9, 'mem00253', 2, '寵物旅館的選擇', '每當要出門旅行時，我最困擾的就是如何安置我的毛孩。最近，我詢問了幾家寵物旅館，發現寵物旅館的設備與品質也是千差萬別的，建議大家選擇前一定要做好功課。', '2022-10-07 09:18:56', 'P01', NULL, '2022-10-08 14:20:42', 0),
(10, 'mem00298', 3, '帶狗狗去山區遊玩的注意事項', '山區空氣清新，是遛狗的好去處。然而，山區也有諸多危險，狗狗在山區中要注意踩踏區域，避免跌倒。而且山區狼狽較多，要保護好狗狗的安全，建議繫上狗狗的鐵鏈，避免狗狗因為好奇心跑走或迷路。', '2022-11-18 14:30:10', 'P01', NULL, '2022-11-19 09:15:22', 0),
(11, 'mem00211', 3, '北海道有哪些寵物友善景點？', '北海道是日本一個非常適合寵物旅行的地方，不僅有美麗的風景，還有許多寵物友善的景點。例如旭山動物園、小樽運河、美深湖等等，都是寵物主人和毛孩子們非常喜愛的旅遊景點。不過，前往這些景點前要確認場所是否允許進入寵物，以及詳細的進入條件和規定。', '2023-01-18 11:47:08', 'P01', NULL, '2023-04-22 14:02:19', 0),
(12, 'mem00245', 1, '寵物牙齒保健', '寵物的口腔健康和人類一樣重要，若不好好照顧寵物的口腔衛生，可能會引發各種疾病，如口臭、蛀牙、牙周病等等。所以要定期幫寵物刷牙，選擇適合的口腔保健產品，還要定期檢查寵物的口腔健康狀況，讓寵物有健康的口腔環境。', '2022-09-22 09:32:57', 'P01', NULL, '2023-03-06 15:23:44', 0),
(13, 'mem00295', 2, '寵物住宿的注意事項', '寵物住宿時需要注意的事項很多，例如要確認住宿場所是否符合標準，適不適合寵物入住，還要關注住宿場所的安全措施，以及是否提供寵物的飲食、運動等服務。此外，如果寵物有特殊需求，例如需要特殊的藥物或者照顧，也需要事先和住宿場所溝通，以確保寵物能夠得到適當的照顧。', '2023-04-05 18:21:13', 'P01', NULL, '2023-04-08 09:12:27', 0),
(14, 'mem00257', 1, '狗狗兔兔飼養不宜', '有些人會把狗狗和兔兔放在一起飼養，但是這是不推薦的。因為狗狗會追趕和攻擊兔子，這樣會給兔子帶來很大的壓力，可能導致兔子受傷或死亡。另外，狗狗和兔兔的營養需求也不一樣，如果放在一起飼養，就很難滿足它們的營養需求。所以，如果你有狗狗和兔兔，最好還是分開飼養。', '2023-04-09 06:26:09', 'P01', NULL, '2023-05-10 08:13:04', 0),
(15, 'mem00300', 1, '飼養貓咪的注意事項', '飼養貓咪是很多人的喜愛，但是要注意以下幾點：\r\n\r\n1. 食物：貓咪不能吃巧克力、洋蔥、大蒜、咖啡因等人類食品，還要避免太多的魚類和豬肉，以免引起營養失衡。\r\n\r\n2. 環境：貓咪需要一個乾淨、安靜、舒適的環境，避免讓它們感到緊張和焦慮。\r\n\r\n3. 疫苗：貓咪需要接種必要的疫苗，以防止某些疾病的發生。\r\n\r\n4. 護理：貓咪需要定期梳毛、洗澡和修剪爪子，這樣可以保持其健康和清潔。', '2022-11-19 00:50:21', 'P01', NULL, '2022-11-20 05:14:38', 0),
(16, 'mem00238', 1, '貓咪心理健康：你的貓咪需要治療嗎？', '貓咪是不會說話的，但牠們也有情感和行為問題。有些問題可能需要治療，例如焦慮症、憂鬱症和強迫症等。貓咪的治療方法有許多種，包括藥物治療、行為治療和心理治療等。如果你的貓咪有任何行為或情感問題，建議儘早找醫師進行評估，以便找到最適合的治療方式。', '2022-09-24 14:25:32', 'P01', NULL, '2022-09-25 10:12:45', 0),
(17, 'mem00242', 1, '寵物看診小貼士：如何減少狗狗在診所的緊張情緒？', '對於一些狗狗來說，看診是一個非常緊張的體驗。這裡提供幾個減少狗狗在診所緊張情緒的小貼士：\r\n\r\n1. 練習帶狗狗出門，熟悉新環境\r\n2. 為狗狗帶上口罩或遮眼罩，讓牠感到更安全\r\n3. 帶著狗狗到診所散步，熟悉環境\r\n4. 給予獎勵和鼓勵\r\n\r\n透過以上的方法，可以讓狗狗在診所感到更加輕鬆和安全。', '2022-11-06 09:17:24', 'P01', NULL, '2022-11-07 08:20:10', 0),
(18, 'mem00279', 2, '假日遠足好去處：清境萊茵花田寵物旅館', '位於台灣南投縣仁愛鄉的清境萊茵花田寵物旅館，是一個非常適合寵物和家人一起度過假日的好去處。旅館內設備齊全，有寵物友善客房，適合全家大小帶著毛孩一起旅遊！', '2023-01-06 09:17:24', 'P01', NULL, '2023-01-07 08:20:10', 0),
(19, 'mem00210', 1, '我的貓咪生病了', '最近我的貓咪生病了，不知道該怎麼辦？有沒有人有類似的經驗呢？', '2022-09-01 12:34:56', 'P01', NULL, '2022-09-02 13:45:23', 0),
(20, 'mem00211', 1, '如何餵養貓咪', '想養貓咪的人一定都很關心如何餵養貓咪，這裡分享一些養貓咪的心得。', '2022-09-03 14:56:32', 'P01', NULL, '2022-09-05 09:12:14', 0),
(21, 'mem00212', 11, '貓咪的睡姿', '貓咪的睡姿真是太可愛了，我家貓咪喜歡趴在電視機旁邊睡覺，不知道大家的貓咪都有什麼奇怪的睡姿呢？', '2022-09-07 17:23:45', 'P01', NULL, '2022-09-08 10:11:09', 0),
(22, 'mem00213', 1, '貓咪的玩具', '貓咪喜歡玩什麼玩具呢？我家的貓咪很愛玩球，還會自己撿回來，有點像小狗。', '2022-09-10 09:32:21', 'P01', NULL, '2022-09-12 16:24:35', 0),
(23, 'mem00214', 2, '寵物旅館推薦', '最近想帶寵物出去旅遊，但是不知道哪些旅館是寵物友善的，有人可以推薦一下嗎？', '2022-09-15 11:44:56', 'P01', NULL, '2022-09-17 08:36:27', 0),
(24, 'mem00215', 2, '旅行中如何照顧寵物', '帶寵物去旅行需要注意很多事情，像是飲食、住宿、散步等等，這裡提供一些旅行中如何照顧寵物的建議。', '2022-09-18 15:22:11', 'P01', NULL, '2022-09-20 14:31:09', 0),
(25, 'mem00209', 1, '夏季寵物健康小常識', '天氣炎熱，寵物的身體健康非常重要。夏季常見的問題有哪些呢？如何預防？這里有一些小貼士，讓您的毛孩可以度過一個愉快的夏季。', '2023-04-12 10:34:25', 'P01', NULL, '2023-05-01 11:23:17', 0),
(26, 'mem00259', 1, '毛孩常見病症及處理方法', '寵物病症常見，您是否遇到過？那麼在家裡該怎麼處理呢？這里為您提供一些簡單實用的處理方法，讓您的毛孩能夠在家得到適當的治療。', '2022-12-10 08:21:09', 'P01', NULL, '2022-12-11 16:47:53', 0),
(27, 'mem00276', 1, '毛孩身上發現蟲子怎麼辦？', '看到毛孩身上有蟲子，您是不是也會很擔心？那麼該怎麼辦呢？這里提供了一些常用的處理方法，幫助您快速解決這個問題。', '2023-02-28 14:56:34', 'P01', NULL, '2023-03-02 09:11:28', 0),
(28, 'mem00298', 2, '外出旅行寵物住宿該注意什麼？', '要出去玩，寵物住宿該注意什麼呢？這里為您提供了一些小貼士，幫助您選擇合適的寵物住宿，讓毛孩們在外也能得到良好的照顧。', '2023-01-23 17:09:43', 'P01', NULL, '2023-01-24 09:12:55', 0);

-- --------------------------------------------------------

--
-- Table structure for table `post_pet`
--

CREATE TABLE `post_pet` (
  `pet_sid` int(11) NOT NULL COMMENT '毛孩編號',
  `member_sid` int(11) NOT NULL COMMENT '會員編號',
  `pet_name` varchar(225) NOT NULL COMMENT '寵物名字',
  `pet_birthday` date NOT NULL COMMENT '寵物生日',
  `pet_gender` varchar(20) NOT NULL COMMENT '寵物性別(公/母)',
  `pet_breed` varchar(225) NOT NULL COMMENT '寵物品種',
  `pet_head_image` varchar(225) NOT NULL COMMENT '寵物頭貼',
  `founded_date` datetime NOT NULL COMMENT '成立日期(random)'
) ENGINE=InnoDB DEFAULT CHARSET=utf8mb4;

-- --------------------------------------------------------

--
-- Table structure for table `post_share`
--

CREATE TABLE `post_share` (
  `share_sid` int(11) NOT NULL COMMENT '分享編號',
  `post_sid` int(11) NOT NULL COMMENT '文章編號',
  `member_sid` int(11) NOT NULL COMMENT '會員編號',
  `share_time` datetime NOT NULL COMMENT '分享時間（random）',
  `create_time` datetime NOT NULL DEFAULT CURRENT_TIMESTAMP COMMENT '建立時間'
) ENGINE=InnoDB DEFAULT CHARSET=utf8mb4;

-- --------------------------------------------------------

--
-- Table structure for table `post_view`
--

CREATE TABLE `post_view` (
  `browse_sid` int(11) NOT NULL COMMENT '瀏覽編號',
  `post_sid` int(11) NOT NULL COMMENT '文章編號',
  `member_sid` int(11) DEFAULT NULL COMMENT '會員編號',
  `view_time` datetime NOT NULL COMMENT '瀏覽時間(random)'
) ENGINE=InnoDB DEFAULT CHARSET=utf8mb4;

-- --------------------------------------------------------

--
-- Table structure for table `restaurant_activity`
--

CREATE TABLE `restaurant_activity` (
  `rest_sid` int(11) NOT NULL COMMENT '餐廳編號',
  `act_sid` int(11) NOT NULL COMMENT '活動編號',
  `title` varchar(255) NOT NULL COMMENT '活動標題',
  `content` varchar(255) NOT NULL COMMENT '活動內容',
  `img` varchar(255) NOT NULL COMMENT '活動圖片',
  `start_day` date DEFAULT NULL COMMENT '活動開始日期',
  `end_day` date DEFAULT NULL COMMENT '活動結束日期'
) ENGINE=InnoDB DEFAULT CHARSET=utf8mb4;

-- --------------------------------------------------------

--
-- Table structure for table `restaurant_associated_category`
--

CREATE TABLE `restaurant_associated_category` (
  `category_sid` int(11) NOT NULL,
  `rest_sid` int(11) NOT NULL
) ENGINE=InnoDB DEFAULT CHARSET=utf8mb4;

-- --------------------------------------------------------

--
-- Table structure for table `restaurant_associated_rule`
--

CREATE TABLE `restaurant_associated_rule` (
  `rule_sid` int(11) NOT NULL COMMENT '攜帶規則編號',
  `rest_sid` int(11) NOT NULL COMMENT '餐廳編號'
) ENGINE=InnoDB DEFAULT CHARSET=utf8mb4;

-- --------------------------------------------------------

--
-- Table structure for table `restaurant_associated_service`
--

CREATE TABLE `restaurant_associated_service` (
  `service_sid` int(11) NOT NULL COMMENT '服務項目編號',
  `rest_sid` int(11) NOT NULL COMMENT '餐廳編號'
) ENGINE=InnoDB DEFAULT CHARSET=utf8mb4;

-- --------------------------------------------------------

--
-- Table structure for table `restaurant_booking`
--

CREATE TABLE `restaurant_booking` (
  `rest_sid` int(11) NOT NULL COMMENT '餐廳編號',
  `booking_sid` int(11) NOT NULL COMMENT '預約編號',
  `section_sid` int(11) NOT NULL COMMENT '時段編號',
  `date` date NOT NULL COMMENT '預約日期',
  `member_sid` int(11) NOT NULL COMMENT '預約的會員',
  `people_num` int(11) NOT NULL COMMENT '預約人數',
  `pet_num` int(11) NOT NULL COMMENT '預約寵物數',
  `note` varchar(255) NOT NULL COMMENT '預約備註',
  `created_at` datetime NOT NULL COMMENT '建立時間'
) ENGINE=InnoDB DEFAULT CHARSET=utf8mb4;

-- --------------------------------------------------------

--
-- Table structure for table `restaurant_category`
--

CREATE TABLE `restaurant_category` (
  `category_sid` int(11) NOT NULL,
  `category_name` varchar(255) NOT NULL,
  `category_icon` varchar(255) NOT NULL
) ENGINE=InnoDB DEFAULT CHARSET=utf8mb4;

--
-- Dumping data for table `restaurant_category`
--

INSERT INTO `restaurant_category` (`category_sid`, `category_name`, `category_icon`) VALUES
(1, '早午餐', ''),
(2, '下午茶', ''),
(3, '餐酒館', ''),
(4, '火鍋', ''),
(5, '燒烤', ''),
(6, '咖啡與茶', ''),
(7, '中式料理', ''),
(8, '日式料理', ''),
(9, '韓式料理', ''),
(10, '美式料理', ''),
(11, '義式料理', ''),
(12, '冰品', '');

-- --------------------------------------------------------

--
-- Table structure for table `restaurant_img`
--

CREATE TABLE `restaurant_img` (
  `rest_sid` int(11) NOT NULL COMMENT '餐廳編號',
  `img_sid` int(11) NOT NULL COMMENT '照片編號',
  `img_name` varchar(255) NOT NULL COMMENT '照片名稱'
) ENGINE=InnoDB DEFAULT CHARSET=utf8mb4;

-- --------------------------------------------------------

--
-- Table structure for table `restaurant_information`
--

CREATE TABLE `restaurant_information` (
  `rest_sid` int(11) NOT NULL COMMENT '餐廳編號',
  `name` varchar(255) NOT NULL COMMENT '餐廳名稱',
  `phone` int(11) NOT NULL COMMENT '餐廳電話',
  `city` varchar(255) NOT NULL COMMENT '城市',
  `area` varchar(255) NOT NULL COMMENT '地區',
  `address` varchar(255) NOT NULL COMMENT '詳細地址',
  `acceptType` varchar(255) NOT NULL COMMENT '接受的寵物類型',
  `info` varchar(255) NOT NULL COMMENT '餐廳簡介',
  `notice` varchar(255) NOT NULL COMMENT '餐廳注意事項',
  `feature_title` varchar(255) DEFAULT NULL COMMENT '餐廳特色標題',
  `feature_content` varchar(255) DEFAULT NULL COMMENT '餐廳特色內容',
  `feature_img` varchar(255) DEFAULT NULL COMMENT '餐廳特色圖片',
  `start_at_1` time NOT NULL COMMENT '開始時間1',
  `end_at_1` time NOT NULL COMMENT '結束時間1',
  `start_at_2` time DEFAULT NULL COMMENT '開始時間2',
  `end_at_2` time DEFAULT NULL COMMENT '結束時間2',
  `people_max` int(11) NOT NULL COMMENT '人數上限',
  `rest_date` varchar(255) DEFAULT NULL COMMENT '人數上限',
  `created_at` datetime NOT NULL COMMENT '建立時間'
) ENGINE=InnoDB DEFAULT CHARSET=utf8mb4;

--
-- Dumping data for table `restaurant_information`
--

INSERT INTO `restaurant_information` (`rest_sid`, `name`, `phone`, `city`, `area`, `address`, `acceptType`, `info`, `notice`, `feature_title`, `feature_content`, `feature_img`, `start_at_1`, `end_at_1`, `start_at_2`, `end_at_2`, `people_max`, `rest_date`, `created_at`) VALUES
(1, 'Woodid手作韓', 227017739, '台北市', '大安區', '仁愛路四段300巷19弄6號', '大/中/小型犬/貓', '「我們來吃手作韓食吧!」우리 我們、在Woodid有你有我', '若有生病情況不建議進入避免交叉感染', '各式各樣的韓式料理', '供應菜色以韓式鍋物定食為主，其他還有拌飯、煎餅、炸物、炒雜菜或炒肉類等等，也有適合不同人數用餐的雙人...', NULL, '12:00:00', '14:00:00', '17:00:00', '20:00:00', 24, '4', '2023-06-26 13:25:54'),
(2, '兔Dreams寵物餐廳', 227030037, '台北市', '大安區', '新生南路一段161巷10號1號', '大/中/小型犬/貓', '我們有店兔（營業時間都有兔子在，但只有特定時間開放與客人近距離接觸）、有人族和兔族食物、有兔子跑跑區', '⚠️最後點餐時間皆為19:30\r\n⚠️國定假日如果是落在週一至五的話 一樣是11:30開始喔！\r\n', '不定期舉辦活動', '舉辦各式寵物，親子活動，手作課程，歡迎參加', NULL, '11:00:00', '20:00:00', NULL, NULL, 16, NULL, '2023-06-26 13:29:53'),
(3, 'Toast Chat', 227215661, '台北市', '大安區', '光復南路290巷58號1樓', '大/中/小型犬/貓', '在與各式麵包的交談之中，我們找到了更美味的配方；利用不同的食材變化，重新來詮釋法式吐司。請與我們一同享受這嶄新的美味。', '', '工業風餐廳', '店內以簡單明亮的工業風為主，輕鬆不拘束的舒適感，座位沒有固定形式，左邊右邊中間各有個的特色', NULL, '12:00:00', '20:00:00', NULL, NULL, 24, NULL, '2023-07-02 13:52:24'),
(4, '曜日義式餐酒館', 227085910, '台北市', '大安區', '東豐街53號1樓', '大/中/小型犬/貓', '菜單主打義大利麵的「Yoh曜日義式餐酒館」是一家寵物友善的義式餐廳，營業時段從中午到午夜，因此也能在這享受到晚上的餐酒微醺時光，設有包廂空間，同行的寵物在這也吃得到毛小孩特餐！', '', '提供包廂服務', '《Yoh曜日義式餐酒館》餐廳內則是乾淨整潔明亮。用餐限時2小時，若有毛小孩一起用餐，會視情況優先安排包廂區域，且另有提供包廂、包場等服務，可以事先電話預約詢問。', NULL, '11:30:00', '21:00:00', NULL, NULL, 30, NULL, '2023-07-05 13:35:11'),
(5, '2J CAFE', 227003783, '台北市', '大安區', '建國南路二段79巷9號', '大/中/小型犬/貓', '2J CAFE由古民家老宅改建，由韓國人開的餐廳，獨棟保留紅磚設計復古老屋，混搭加入工業風與美式鄉村風格，兩層樓韓系咖啡廳。', '', '復古風味/戶外庭院', '獨棟兩層樓空間，一樓走工業風設計，二樓則美式鄉村風的氛圍，戶外有大片庭院，設有座位，整個陽傘座位，森林系咖啡廳氣氛。', NULL, '11:30:00', '22:30:00', NULL, NULL, 24, NULL, '2023-07-05 13:50:27'),
(6, 'Toasteria Cafe 吐司利亞', 223210073, '台北市', '大安區', '信義路二段200號', '大/中/小型犬/貓', 'Toasteria Cafe不只是一間餐廳或是咖啡廳，吐司利亞帶給您的是一趟通往美麗地中海國度的旅程。帶你進入這個放鬆的空間是一系列完美和諧的組合：在經典的空間設計享用療癒的道地地中海料理，體驗優質貼心的服務，精挑細選的世界音樂，彷彿真的來到了地中海。', '', '擁有多元風味的餐點', ' Toasteria Cafe是一間以開放的心態讓我們的菜單由不同文化背景豐富我們地中海風格的廚房。有來自以色列、洛哥、埃及、希臘、西班牙、法國、義大利的味道，一次達成造訪各個國家的夢想。', NULL, '09:00:00', '00:00:00', NULL, NULL, 36, NULL, '2023-07-09 12:03:58'),
(7, '來吧Cafe', 227093843, '台北市', '大安區', '信義路三段134巷12號', '大/中/小型犬/貓', '來吧Cafe前身是做網路甜點起家，主打少糖和少鹽並使用優質的食材製作甜點', '', '韓系建築風', '來吧 Cafe’是獨棟的兩層樓咖啡廳，簡約的設計外觀，讓人會忍不住在外面多拍幾張厲害的照片。', NULL, '11:30:00', '22:00:00', NULL, NULL, 32, '1', '2023-07-09 12:08:11'),
(8, '舒服生活', 227088380, '台北市', '大安區', '文昌街66號', '大/中/小型犬/貓', '你餓，走進來吃飯; 你渴，進來喝杯咖啡; 想啜飲小酌，進來絕對不會後悔。身心疲憊、孤單寂寞、雀躍興奮、一群朋友嬉鬧時......。這裡將會是你除了家以外另一個安心享受的所在。', '', '古董老件特色咖啡廳', '舒服生活可以是酒吧，可以是咖啡館，可以是舊物市集，也可以租借拍攝、取景，是一個定位多元的美好空間，內部將近百坪的空間，挑高且寬敞明亮，徜徉在此感到無比愜意，當下感受正如其名Truffles Living', NULL, '12:00:00', '20:00:00', NULL, NULL, 28, NULL, '2023-07-09 12:15:04'),
(9, '貮樓（敦南店）', 227009855, '台北市', '大安區', '敦化南路二段63巷14號', '大/中/小型犬/貓', '隱密的巷弄間靜靜地倚著大樹的獨棟建築，這是我們的起點。取名為「貳樓」是因為大樓林立的都市裡二樓不會是個商辦空間，也不會是個營業場所；二樓是一間間我們在精神上依靠的住家，同時一份份的溫暖也從二樓開始發生。', '', '木質外觀設計', '「貳樓」位於在靜謐的敦南巷弄間，獨棟的建築木造外觀，暖黃色的燈光，貳樓想帶給顧客最純粹的『家的感覺』以及創意的新美式料理。', NULL, '11:00:00', '21:00:00', NULL, NULL, 30, NULL, '2023-07-09 12:19:48'),
(10, 'Rebirth Cafe & Restaurant', 223660985, '台北市', '大安區', '溫州街48巷2號', '大/中/小型犬/貓', '一間位於溫州街上的咖啡廳，一位中年大叔每天燃燒生命，一群熱血青年由顧客轉職店員，沒錯！我們是Rebirth ，讓每一次相遇成———未完待續', '', '無法定義的店，實現夢想的萬事屋', '店裡三不五時會舉辦攝影展、小型音樂會，甚至烤肉派對，不管來幾次都摸不清：這裡究竟是咖啡廳、餐廳還是酒吧？你認為是什麼就是什麼，我們並沒有設定它的樣子，但我們比較喜歡用『萬事屋』來形容這間店', NULL, '15:00:00', '02:00:00', NULL, NULL, 26, NULL, '2023-07-09 13:37:01'),
(11, '金烤盃', 226591212, '台北市', '內湖區', '江南街96巷7號\r\n', '大/中/小型犬/貓', '想吃烤肉不想動手\r\n快來《金烤盃》!!!!!\r\n超友善寵物餐廳~\r\n提供毛孩餐點乙份', '', '提供毛小孩餐點', '精緻高品質的創意美味餐點、服務、時尚充滿藝術感的用餐環境，CP質爆表！提供超大份量的免費狗狗餐（牛肉or雞肉、豬肉），不但我們吃得美味愉悅外，毛小孩也飽餐一頓，心滿意足呢！', NULL, '11:30:00', '14:00:00', '17:00:00', '23:00:00', 32, '1', '2023-07-10 01:52:21'),
(12, '益生寵愛寵物餐廳', 227083289, '台北市', '大安區', '和平東路二段265巷7號', '大/中/小型犬/貓', '可以跟心愛的毛小孩一起共享美味佳餚至於毛小孩最愛的鮮食點心，就是首推純手工製作的肉掌派，保證讓毛小孩好吃到吃手手，可以現場內用或購買回家開心享用', '', '毛小孩的遊樂場', '整個庭園都鋪上了綠油油的人工草皮，擁有戶外座位區、室內座位區，這是一個專屬於毛小孩的玩樂空間，來到這兒，毛小孩可以盡情玩耍、跑跑，記得點上一份毛小孩的創意餐點，再幫毛小孩裝扮一下，點了輕食，享受悠閒愜意的午後！！', NULL, '10:30:00', '19:30:00', NULL, NULL, 36, '2', '2023-07-10 02:05:39'),
(13, 'NEKKO BAR 貓吧', 227011511, '台北市', '大安區', '四維路14巷3號', '大/中/小型犬/貓', 'Sake & Wine 微醺空間—城市中的心靈庇護所', '', '日式室內設計風格', '吧檯廚房與座位貫穿了整個窄長型空間，不譁眾取寵的現代日式風格，簡練冷靜的氛圍裡到處都有以貓咪為主題的擺設。冷與萌可以如此可愛的融合！', NULL, '18:00:00', '02:00:00', NULL, NULL, 32, '1', '2023-07-10 02:08:13'),
(14, 'PS BUBU 金屋藏車食堂', 228760698, '台北市', '士林區', '中山北路七段140巷1號', '大/中/小型犬/貓', '金屋藏車食堂 PS BUBU位於天母地區汽車主題式餐廳店內以MINI車及老式金龜車為座位提供南加州義大利餐點~ 也是寵物友善環境，提供毛小孩精緻料理，讓您與愛犬能共度享受美食的歡樂時光', '', '金屋藏車', '復古的金龜車元素堆疊成整間店的容貌，美國各州的車牌、海報、扭蛋、還有美式復古的各類玩具等等，店內以MINI車及老式金龜車為座位，提供南加州義大利餐點', NULL, '12:00:00', '21:00:00', NULL, NULL, 24, '2', '2023-07-10 02:12:20'),
(15, '養鍋Yang Guo石頭涮涮鍋', 223969909, '台北市', '中正區', '寧波西街81號', '大/中/小型犬/貓', '養鍋精神 本持著 養滋胃 品鮮味 食尚鮮\r\n一鍋の堅持造就\r\n一鍋の熱情成就\r\n一鍋の生活滿足\r\n一鍋の溫度溫暖', '', '平凡の火鍋中品嚐出我們的用心！', '火鍋的不僅僅是美食，也蘊含著每道食材能帶來什麼不一樣的故事。真心及細心在食材上看不到任何不健康且廉價的食材，都是滿滿且份量十足的火鍋。讓你好好養一下『溫暖心、溫暖胃、食鍋趣』。', NULL, '11:00:00', '14:30:00', '17:00:00', '22:30:00', 20, NULL, '2023-07-10 02:14:07'),
(16, '樂野食', 223888088, '台北市', '大安區', '敦化南路一段233巷56號', '大/中/小型犬/貓', '從早晨的令人精神飽滿早午餐，下午優閒寧靜的下午茶時光、晚上下班聚會的輕鬆小酌、手工甜點、精心特調的輕食、還有主廚為素食者特製的蔬食系列，皆有樂野食用心的美味餐點陪伴', '', '親子與寵物友善餐廳', '廳還規劃設置兒童遊憩區，讓有孩童的家長來此用餐，可以有稍微喘息的空間。不只是親子友善，同時也是寵物友善，寵愛毛小孩的朋友，不用擔心因攜帶寵物被拒於門外，餐廳特別拉開孩童和毛小孩的用餐區，讓大家都可以在樂野食與親朋好友同樂享受美食。', NULL, '11:00:00', '20:00:00', NULL, NULL, 28, NULL, '2023-07-10 02:19:26'),
(17, '棧-直火廚房', 287739938, '台北市', '大安區', '仁愛路四段345巷4弄4號', '大/中/小型犬/貓', '直火料理X職人俱樂部X美食美酒\r\n直火料理＆肉類專門\r\n精釀啤酒', '', '炭烤手法料理', '特別自美國購買導熱快且蓄熱佳的黑鐵烤爐、底座以紅磚頭砌成、選用本地龍眼木及木炭碳烤，廚師上下移動烤架控溫，以高溫火烤鎖住肉汁，藉由木炭導火、龍眼木導煙燻，造就誘人烙痕與香氣。', NULL, '12:00:00', '14:30:00', '16:00:00', '22:30:00', 34, NULL, '2023-07-10 02:25:23'),
(18, '父母＿FUMU', 225185660, '台北市', '中山區', '興安街103號', '大/中/小型犬/貓', '在父母，無論白天或晚上，我們都提供各式各樣的餐點和飲品。你可以在白天享用全台北最道地的英式早餐；在下午來杯Flat White搭配現烤的肉桂捲；晚上品嚐我們最受歡迎的英式炸魚薯條，配上一杯冰冰涼涼的新鮮生啤酒', '', '為什麼叫父母', '我們開店的構想，是想把兩種截然不同的情境結合在同一個空間。白天是乾淨明亮的環境，搭配早午餐跟好喝的咖啡。晚上就在昏暗的燈光下，與親朋好友一起喝著酒，隨著音樂搖擺。而這兩種型態正好符合我們印象中的媽媽與爸爸。', NULL, '10:00:00', '02:00:00', NULL, NULL, 26, NULL, '2023-07-10 02:30:42'),
(19, 'Lazzy Cafe 寵物餐廳', 287800383, '台北市', '信義區', '光復南路419巷49號1樓', '大/中/小型犬/貓', 'Lazzy Café是一間複合式咖啡廳，同時也是寵物友善餐廳，提供寵物餐食、寵物美容、寵物備品如睡墊等服務，店內空間很大，另設有投影幕，許多人會在此舉辦毛孩的慶生會。', '', '毛兒變裝秀', 'Lazzy的一大亮點就是有超大面的變裝牆，各式各樣的毛兒服飾可以盡情玩弄你的毛寶貝。不只有毛兒的衣服還有毛爸媽的派對帽可以玩，超適合找好朋友們一起來，來這裡辦各種節日的派對都能找到適合的衣服！', NULL, '11:00:00', '19:00:00', NULL, NULL, 35, '1', '2023-07-10 02:38:45'),
(20, '他。植物咖啡 He Coffee', 227476058, '台北市', '松山區', '八德路四段245巷52弄29號1樓', '大/中/小型犬/貓', '隱身在都市中，充滿綠意的植物系寵物友善咖啡廳，環境明亮開闊、舒服放鬆，高人氣店狗會不定時出沒，體積龐大但性格溫馴', '', '店長｜人氣之王，溫馴大狗喜樂蒂——樂樂', '狗如其名，性格好溫馴，總是帶著笑臉， 徘徊笑著在每位咖啡廳的客人之間。 ', NULL, '11:30:00', '22:00:00', NULL, NULL, 24, NULL, '2023-07-10 02:41:31'),
(21, '稻邸D.House', 225577980, '台北市', '大同區', '迪化街一段244號', '大/中/小型犬/貓', '在大稻程裡的一處老宅邸，D.House稻邸，我們是一間寵物友善餐廳舒適的空間', '', '復古的室內環境', '古蹟老宅邸保留原貌，以帶有復古、現代感的桌椅佈置、綠意盎然的植栽，將老宅與寵物完美的結合呈現，整個用餐空間活潑又靜謐的氛圍，看著每一桌客人帶著心愛的毛小孩來此用餐，享受浪漫的用餐氛圍！！', NULL, '10:30:00', '19:00:00', NULL, NULL, 24, NULL, '2023-07-10 02:43:45'),
(22, '鴉埠咖啡 Yaboo', 223912868, '台北市', '大安區', '永康街41巷26號', '大/中/小型犬/貓', 'YABOO CAFE 這裡歡迎喜好隨性自在，不拘泥小節，好慵懶但不懶惰的朋友們。我們以一種很隨性的步調生活著,也把這步調,分享給你.我們隨性,但不代表不認真喔!', '', '深夜咖啡廳', '是台北少數營業至深夜12點的咖啡館，鴉埠除了有寬闊舒適的空間、令人印象深刻的「隨便你、隨便我」菜單，還有一隻會不停用屁股親近你的巨可愛貓咪。是一間適合約會、姊妹淘聚會，也適合需要長時間筆電工作的朋友喔！', NULL, '12:00:00', '00:00:00', NULL, NULL, 22, NULL, '2023-07-10 02:48:22'),
(23, '貓圖咖啡 CAT. jpg cafe', 233652865, '台北市', '大安區', '潮州街154號', '大/中/小型犬/貓', '貓，俏皮的模樣總是讓人會心一笑攝影，用圖片記錄日常散步的無意間發現咖啡，濃郁香氣帶來放鬆與寧靜在鬧中取靜的一隅，「貓圖咖啡，CAT. jpg cafe」誕生店裡的每一個細節都是我們反覆推敲後的呈現，經過不斷的嘗試、修正，直到誕生無論帶著甚麼心情踏進貓圖，希望在這裡能感到放鬆、舒適，直至離開的那一刻，內心仍滿載歡愉與溫暖。', '', '充滿貓的店', '整家餐廳都是以店貓為主題環繞，書籍也多是寵物或貓狗的書籍。小巧的門面以木框窗、矮凳及不同姿態的貓咪裝點其中，有種樸實的可愛！', NULL, '08:30:00', '17:30:00', NULL, NULL, 24, NULL, '2023-07-10 03:15:46'),
(24, 'Campus Cafe', 227516021, '台北市', '大安區', '忠孝東路三段203號', '大/中/小型犬/貓', '「CAMPUS CAFE 」主打著校園風格，以平價消費，免加收服務費，享受頂級美味。餐點除了道地美味，份量也不忘發揮美式精神，料多且新鮮實在的木盆沙拉，以蘿蔓，番茄，彩椒，小黃瓜，花椰菜等多種生菜，搭配堅果與一大球南瓜泥，加上培根、起司和特調凱薩醬調製，雖是生菜為主，卻飽足感十足', '', '美式風格店面', '一踏進店裡就能感受濃厚的美式氛圍，帶點Loft風格的復古磚牆，以大量的暖色系木頭裝潢相襯；明亮寬敞的窗面設計，加上原木大長桌與牆邊的書櫃，海外帶回的收藏品、骨董、NBA親筆簽名球衣等等，完美詮釋了美式餐廳的復古感。火', NULL, '11:00:00', '21:00:00', NULL, NULL, 24, NULL, '2023-07-10 03:23:17');

-- --------------------------------------------------------

--
-- Table structure for table `restaurant_like`
--

CREATE TABLE `restaurant_like` (
  `rest_sid` int(11) NOT NULL COMMENT '餐廳編號',
  `member_sid` int(11) NOT NULL COMMENT '收藏的會員',
  `created_at` datetime NOT NULL COMMENT '收藏時間'
) ENGINE=InnoDB DEFAULT CHARSET=utf8mb4;

-- --------------------------------------------------------

--
-- Table structure for table `restaurant_menu`
--

CREATE TABLE `restaurant_menu` (
  `rest_sid` int(11) NOT NULL COMMENT '餐廳編號',
  `menu_sid` int(11) NOT NULL COMMENT '菜單編號',
  `menu_name` varchar(255) NOT NULL COMMENT '菜單名稱'
) ENGINE=InnoDB DEFAULT CHARSET=utf8mb4;

--
-- Dumping data for table `restaurant_menu`
--

INSERT INTO `restaurant_menu` (`rest_sid`, `menu_sid`, `menu_name`) VALUES
(1, 1, 'woodie.jpeg'),
(2, 2, 'rabbit_dream1.jpeg'),
(2, 3, 'rabbit_dream2.jpeg'),
(2, 4, 'rabbit_dream3.jpeg'),
(2, 5, 'rabbit_dream4.jpeg'),
(2, 6, 'rabbit_dream5.jpeg'),
(2, 7, 'rabbit_dream6.jpeg'),
(2, 8, 'rabbit_dream7.jpeg'),
(3, 9, 'toast_chat1.jpeg'),
(3, 10, 'toast_chat2.jpeg'),
(3, 11, 'toast_chat3.jpeg'),
(3, 12, 'toast_chat4.jpeg'),
(3, 13, 'toast_chat5.jpeg'),
(4, 14, 'yoh1.jpeg'),
(4, 15, 'yoh2.jpeg'),
(4, 16, 'yoh3.jpeg'),
(4, 17, 'yoh4.jpeg'),
(4, 18, 'yoh5.jpeg'),
(4, 19, 'yoh6.jpeg'),
(4, 20, 'yoh7.jpeg'),
(4, 21, 'yoh8.jpeg'),
(5, 22, '2jcafe.jpeg'),
(6, 23, 'toasteria1.png'),
(6, 24, 'toasteria2.png'),
(6, 25, 'toasteria3.png'),
(6, 26, 'toasteria4.png'),
(6, 27, 'toasteria5.png'),
(6, 28, 'toasteria6.png'),
(6, 29, 'toasteria7.png'),
(6, 30, 'toasteria8.png');

-- --------------------------------------------------------

--
-- Table structure for table `restaurant_period of time`
--

CREATE TABLE `restaurant_period of time` (
  `rest_sid` int(11) NOT NULL COMMENT '餐廳編號',
  `section_sid` int(11) NOT NULL COMMENT '時段編號',
  `section_code` varchar(255) NOT NULL COMMENT '時段代號',
  `time` varchar(255) NOT NULL COMMENT '時間'
) ENGINE=InnoDB DEFAULT CHARSET=utf8mb4;

-- --------------------------------------------------------

--
-- Table structure for table `restaurant_rating`
--

CREATE TABLE `restaurant_rating` (
  `rest_commtent_id` int(11) NOT NULL COMMENT '評價編號',
  `rest_sid` int(11) NOT NULL COMMENT '餐廳編號',
  `member_sid` varchar(255) NOT NULL COMMENT '會員編號',
  `environment` int(11) NOT NULL COMMENT '環境(氣氛)',
  `food` int(11) NOT NULL COMMENT '餐點',
  `friendly` int(11) NOT NULL COMMENT '友善程度',
  `content` varchar(255) NOT NULL COMMENT '評論內容',
  `created_at` date NOT NULL COMMENT '評價建立時間'
) ENGINE=InnoDB DEFAULT CHARSET=utf8mb4;

--
-- Dumping data for table `restaurant_rating`
--

INSERT INTO `restaurant_rating` (`rest_commtent_id`, `rest_sid`, `member_sid`, `environment`, `food`, `friendly`, `content`, `created_at`) VALUES
(1, 10, 'mem00203', 4, 5, 4, '餐廳很適合帶寵物去，環境好，食物豐盛。', '2023-07-10'),
(2, 25, 'mem00456', 5, 4, 5, '寵物餐廳氛圍很好，食物美味，服務態度極佳。', '2023-07-10'),
(3, 7, 'mem00127', 4, 4, 3, '寵物餐廳的環境舒適，食物好吃，服務稍微有點冷漠。', '2023-07-10'),
(4, 38, 'mem00333', 3, 5, 4, '這家寵物餐廳環境一般般，但食物真的非常棒！服務也很友善。', '2023-07-10'),
(5, 12, 'mem00148', 5, 4, 5, '喜歡這間寵物餐廳，環境很好，食物味道不錯，店員態度也很親切。', '2023-07-10'),
(6, 43, 'mem00412', 4, 5, 4, '寵物餐廳環境乾淨整潔，食物口味讚，服務態度也很好。', '2023-07-10'),
(7, 18, 'mem00289', 5, 3, 4, '這家寵物餐廳環境非常舒適，食物種類多樣，但服務有待改善。', '2023-07-10'),
(8, 9, 'mem00175', 4, 4, 5, '環境很適合寵物，食物好吃，店員態度親切周到。', '2023-07-10'),
(9, 33, 'mem00381', 5, 5, 5, '這家寵物餐廳是我來過最棒的，環境優雅，食物美味，服務無可挑剔。', '2023-07-10'),
(10, 21, 'mem00219', 4, 4, 4, '寵物餐廳環境舒服，食物好吃，服務也不錯，值得一試。', '2023-07-10'),
(11, 5, 'mem00101', 3, 4, 3, '這家寵物餐廳的環境有點吵雜，食物還可以，服務有待改善。', '2023-07-10'),
(12, 30, 'mem00355', 4, 3, 4, '寵物餐廳環境不錯，食物普普，店員態度友善。', '2023-07-10'),
(13, 15, 'mem00178', 5, 5, 5, '我家寵物非常喜歡這間餐廳，環境舒適，食物美味，店員也很友善。', '2023-07-10'),
(14, 46, 'mem00434', 4, 4, 4, '這間寵物餐廳環境整潔，食物不錯，店員態度良好。', '2023-07-10'),
(15, 8, 'mem00163', 5, 5, 5, '給這家寵物餐廳五顆星，環境優雅，食物好吃，服務周到。', '2023-07-10'),
(16, 40, 'mem00399', 4, 5, 4, '這家寵物餐廳環境溫馨，食物豐富多樣，服務也很好。', '2023-07-10'),
(17, 13, 'mem00155', 5, 4, 5, '寵物餐廳的環境很好，食物美味，店員態度非常親切。', '2023-07-10'),
(18, 23, 'mem00212', 3, 3, 3, '這家寵物餐廳環境普通，食物一般，店員態度一般。', '2023-07-10'),
(19, 27, 'mem00249', 4, 4, 4, '寵物餐廳環境整齊，食物不錯，服務態度還可以。', '2023-07-10'),
(20, 35, 'mem00377', 5, 5, 5, '這家寵物餐廳環境優美，食物口感棒，店員態度親切。', '2023-07-10'),
(21, 49, 'mem00492', 4, 4, 4, '寵物餐廳環境舒適，食物味道不錯，服務態度良好。', '2023-07-10');

-- --------------------------------------------------------

--
-- Table structure for table `restaurant_rule`
--

CREATE TABLE `restaurant_rule` (
  `rule_sid` int(11) NOT NULL COMMENT '攜帶規則編號',
  `rule_name` varchar(255) NOT NULL COMMENT '攜帶規則名稱',
  `rule_icon` varchar(255) NOT NULL COMMENT '攜帶規則icon'
) ENGINE=InnoDB DEFAULT CHARSET=utf8mb4;

--
-- Dumping data for table `restaurant_rule`
--

INSERT INTO `restaurant_rule` (`rule_sid`, `rule_name`, `rule_icon`) VALUES
(1, '自備尿布墊', ''),
(2, '自備禮貌帶', ''),
(3, '可落地', ''),
(4, '可上座椅', ''),
(5, '需繫繩', ''),
(6, '可放繩', ''),
(7, '需裝袋/籠', ''),
(8, '可自由活動', '');

-- --------------------------------------------------------

--
-- Table structure for table `restaurant_service`
--

CREATE TABLE `restaurant_service` (
  `service_sid` int(11) NOT NULL COMMENT '服務項目編號',
  `service_name` varchar(255) NOT NULL COMMENT '服務項目名稱',
  `service_icon` varchar(255) NOT NULL COMMENT '服務項目icon'
) ENGINE=InnoDB DEFAULT CHARSET=utf8mb4;

--
-- Dumping data for table `restaurant_service`
--

INSERT INTO `restaurant_service` (`service_sid`, `service_name`, `service_icon`) VALUES
(1, '免費水', ''),
(2, '免費食物', ''),
(3, '有賣食物', ''),
(4, '提供寵物餐具', ''),
(5, '提供禮貌帶', ''),
(6, '提供尿布墊', ''),
(7, '販賣商品', ''),
(8, '寵物包廂', ''),
(9, '幫忙鏟屎', ''),
(10, '寵物攝影棚', ''),
(11, '可包場', ''),
(12, '提供寵物裝飾', '');

-- --------------------------------------------------------

--
-- Table structure for table `shop_category`
--

CREATE TABLE `shop_category` (
  `category_sid` varchar(100) NOT NULL COMMENT '大類別編號',
  `category_detail_sid` varchar(100) NOT NULL COMMENT '子類別編號',
  `detail_num` int(11) NOT NULL COMMENT '子類別編號',
  `name` varchar(100) NOT NULL COMMENT '大商品類別',
  `detail_name` varchar(100) NOT NULL COMMENT '子商品類別'
) ENGINE=InnoDB DEFAULT CHARSET=utf8mb4;

--
-- Dumping data for table `shop_category`
--

INSERT INTO `shop_category` (`category_sid`, `category_detail_sid`, `detail_num`, `name`, `detail_name`) VALUES
('F', 'CA', 2, '食品', '罐頭'),
('F', 'FE', 1, '食品', '飼料'),
('F', 'HE', 4, '食品', '保健'),
('F', 'SN', 3, '食品', '零食'),
('G', 'CL', 5, '用品', '清潔'),
('G', 'DR', 1, '用品', '服飾'),
('G', 'EA', 2, '用品', '餐具'),
('G', 'OD', 3, '用品', '外出用品'),
('G', 'OT', 6, '用品', '其他'),
('G', 'TO', 4, '用品', '玩具');

-- --------------------------------------------------------

--
-- Table structure for table `shop_comment`
--

CREATE TABLE `shop_comment` (
  `product_comment_sid` int(100) NOT NULL COMMENT '商品評價編號',
  `order_detail_sid` int(100) NOT NULL COMMENT '訂單明細序號',
  `product_sid` varchar(255) NOT NULL COMMENT '產品編號',
  `member_sid` varchar(255) NOT NULL COMMENT '會員編號',
  `date` datetime NOT NULL COMMENT '評價日期',
  `rating` int(100) NOT NULL COMMENT '評價分數',
  `content` text NOT NULL COMMENT '評價內容'
) ENGINE=InnoDB DEFAULT CHARSET=utf8mb4;

--
-- Dumping data for table `shop_comment`
--

INSERT INTO `shop_comment` (`product_comment_sid`, `order_detail_sid`, `product_sid`, `member_sid`, `date`, `rating`, `content`) VALUES
(1, 1, 'CFCA0002', 'MEM1', '2023-06-25 22:58:20', 5, 'good'),
(2, 2, 'CFCA0002', 'MEM2', '2023-06-25 22:58:35', 5, 'good'),
(3, 3, 'CFCA0002', 'MEM2', '2023-06-25 22:58:56', 2, 'good');

-- --------------------------------------------------------

--
-- Table structure for table `shop_like`
--

CREATE TABLE `shop_like` (
  `member_sid` varchar(255) NOT NULL COMMENT '會員編號(FK)',
  `product_sid` varchar(255) NOT NULL COMMENT '產品編號',
  `date` datetime NOT NULL COMMENT '收藏日期'
) ENGINE=InnoDB DEFAULT CHARSET=utf8mb4;

-- --------------------------------------------------------

--
-- Table structure for table `shop_product`
--

CREATE TABLE `shop_product` (
  `product_sid` varchar(255) NOT NULL COMMENT '產品編號',
  `category_sid` varchar(100) NOT NULL COMMENT '大類別編號(FK)(F 食品/  G 用品)',
  `category_detail_sid` varchar(100) NOT NULL COMMENT '子類別編號(FK)(CA 飼料/ FE 罐頭/SN 零食/ HE 保健/\r\nDR 服飾/EA 餐具/OD 外出用品/ TO玩具/CL清潔/OT其他)',
  `supplier_sid` int(11) NOT NULL COMMENT '供應商編號(FK)',
  `for_pet_type` varchar(100) NOT NULL COMMENT '適用對象(D狗/ C貓/ B皆可)',
  `name` varchar(255) NOT NULL COMMENT '產品名稱',
  `description` text NOT NULL COMMENT '產品描述',
  `img` varchar(255) NOT NULL COMMENT '封面照片',
  `shelf_date` datetime NOT NULL COMMENT '上架日',
  `update_date` datetime NOT NULL COMMENT '最新修改日',
  `shelf_status` int(11) NOT NULL COMMENT '產品狀態(001 上架中/ 002下架中/003 不顯示)'
) ENGINE=InnoDB DEFAULT CHARSET=utf8mb4;

--
-- Dumping data for table `shop_product`
--

INSERT INTO `shop_product` (`product_sid`, `category_sid`, `category_detail_sid`, `supplier_sid`, `for_pet_type`, `name`, `description`, `img`, `shelf_date`, `update_date`, `shelf_status`) VALUES
('BFHE0001', 'F', 'HE', 8, 'B', 'PET FOOD-貓犬專用情緒美麗好心情60克(狗、貓保健用品)', '全方位情緒關鍵\r\n穩定神經\r\n消除壓力\r\n維持活力\r\n色胺酸在體內可轉化為產生愉悅感的血清素，有助毛孩消除壓力。\r\n安撫憂鬱心情，舒緩犬貓不安情緒，緩解焦慮。\r\nGABA及茶胺酸能穩定神經，讓毛孩慢慢放鬆情緒更穩定。\r\n初乳蛋白提供優質營養，維持活力，提升毛孩身心健康。\r\n\r\n含有色胺酸、茶胺酸、雞肝粉、GABA、初乳蛋白\r\n使用方式:每日一包。請依寵物體型、健康狀況、年齡、運動量酌量調整。', 'pro200.jpg', '2023-07-11 21:26:13', '2023-07-11 21:26:13', 1),
('BFHE0002', 'F', 'HE', 8, 'B', 'PET FOOD-貓犬專用牛磺酸60克(狗、貓保健用品)', '單次單包，乾淨不沾手。\r\n食品級氮氣充填，穩定保鮮\r\n提供完整均衡營養\r\n幫助成長發育\r\n\r\n注意事項\r\n1.開封前產品若有膨脹、凹陷、破損或異味之情形，不可食用，請撥打公司客服專線。\r\n2.勿當主餐餵食。\r\n3.請放在孩童無法拿取處。\r\n4.寵物食用後若有不適，請暫停使用。\r\n5.請勿取代醫療用品，如有需要請諮詢獸醫師。', 'pro209.jpg', '2023-07-11 21:39:34', '2023-07-11 21:39:34', 1),
('BFHE0003', 'F', 'HE', 8, 'B', 'PET FOOD-貓犬專用離胺酸60克(狗保健用品)(貓保健用品)', '單次單包，乾淨不沾手。\r\n食品級氮氣充填，穩定保鮮\r\n提供完整均衡營養\r\n幫助成長發育\r\n\r\n注意事項\r\n1.開封前產品若有膨脹、凹陷、破損或異味之情形，不可食用，請撥打公司客服專線。\r\n2.勿當主餐餵食。\r\n3.請放在孩童無法拿取處。\r\n4.寵物食用後若有不適，請暫停使用。\r\n5.請勿取代醫療用品，如有需要請諮詢獸醫師。', 'pro210.jpg', '2023-07-11 21:42:48', '2023-07-11 21:42:48', 1),
('BFHE0004', 'F', 'HE', 8, 'B', 'PET FOOD 貓犬專用潔牙清新好口氣60克(狗、貓保健用品)', '全方位清新口氣\r\n鞏固牙齒\r\n口腔護理\r\n維護牙齦健康\r\n大成溯源鮮蛋粉提供維生素與礦物質，強健骨骼及牙齒發育。\r\n複合益生菌粉使口氣芬芳，減緩口臭。\r\n微細顆粒的物理摩擦與潔齒成份保護牙齒。\r\n舒緩牙齦與口腔不適。\r\n每日一包。請依寵物體型、健康狀況、年齡、運動量酌量調整。', 'pro211.jpg', '2023-07-11 21:46:59', '2023-07-11 21:46:59', 1),
('BFHE0005', 'F', 'HE', 8, 'B', 'PET FOOD 貓犬專用關節健康好活力60克(狗、貓保健用品)', '全方位活力關鍵\r\n幫助骨骼發展\r\n促進膠原蛋白生成\r\n預防關節老化\r\nUC-II促進膠原蛋白生成\r\n減緩關節退化預防關節老化\r\n雞肝粉含鈣與磷、維生素D，有助增強骨骼及牙齒\r\n含豐富的葡萄萄胺、軟骨素，幫助骨骼發展。\r\nOptiMSM關節保健，幫助維持強壯的骨骼結構，能承受體重負擔。\r\n每日一包。請依寵物體型、健康狀況、年齡、運動量酌量調整。', 'pro214.jpg', '2023-07-11 21:49:22', '2023-07-11 21:49:22', 1),
('BFHE0006', 'F', 'HE', 8, 'B', 'PET FOOD 貓犬專用免疫調節葡聚糖60克(狗、貓保健用品)', '單次單包，乾淨不沾手。\r\n食品級氮氣充填，穩定保鮮\r\n提供完整均衡營養\r\n幫助成長發育\r\n\r\n熱量 每包7.350Kcal\r\n蛋白質 每包0.494公克\r\n脂肪 每包0.014公克\r\n碳水化合物 每包 1.312公克\r\n\r\n注意事項\r\n1.開封前產品若有膨脹、凹陷、破損或異味之情形，不可食用，請撥打公司客服專線。\r\n2.勿當主餐餵食。\r\n3.請放在孩童無法拿取處。\r\n4.寵物食用後若有不適，請暫停使用。\r\n5.請勿取代醫療用品，如有需要請諮詢獸醫師。', 'pro218.jpg', '2023-07-11 21:55:03', '2023-07-11 21:55:03', 1),
('BFHE0007', 'F', 'HE', 8, 'B', 'PET FOOD 寵物專用亮麗爆毛蛋粉60克(狗、貓保健用品)', '單次單包，乾淨不沾手。\r\n食品級氮氣充填，穩定保鮮\r\n提供完整均衡營養\r\n幫助成長發育\r\n\r\n含有雞蛋粉、麥芽糊精、玉米澱粉、二氧化矽\r\n\r\n營養分析\r\n熱量 每包9.172Kcal\r\n蛋白質 每包0.682公克\r\n脂肪 每包0.436公克\r\n碳水化合物 每包0.630公克\r\n\r\n\r\n注意事項\r\n1.開封前產品若有膨脹、凹陷、破損或異味之情形，不可食用，請撥打公司客服專線。\r\n2.勿當主餐餵食。\r\n3.請放在孩童無法拿取處。\r\n4.寵物食用後若有不適，請暫停使用。\r\n5.請勿取代醫療用品，如有需要請諮詢獸醫師。', 'pro219.jpg', '2023-07-11 21:56:47', '2023-07-11 21:56:47', 1),
('CFCA0001', 'F', 'CA', 1, 'C', '希爾思-腎臟護理貓配方罐(雞肉燉蔬菜)', '◆降低蛋白質含量，有助於減輕腎臟的工作負擔\r\n◆降低磷含量，有助於維持腎臟健康並減輕腎臟壓力\r\n◆降低鈉含量，有助於維持正常的血壓\r\n◆增加Omega-3脂肪酸含量以維持腎臟健康\r\n◆增加維生素B群，有助於補償因腎臟病而從尿液排出損失的營養素', 'pro009.jpg', '2023-06-18 22:51:03', '2023-06-19 22:23:51', 1),
('CFCA0002', 'F', 'CA', 1, 'C', '希爾思-泌尿系統護理', '◆最快7天溶解磷酸銨鎂結石 (平均27天)\r\n◆促進理想的尿液pH值\r\n◆富含抗氧化配方、檸檬酸鉀、omega-3 脂肪酸\r\n◆控制鎂、鈣、磷含量\r\n◆可建議成貓長期餵飼', 'pro010.jpg', '2023-06-18 22:53:48', '2023-06-19 22:23:37', 1),
('CFCA0003', 'F', 'CA', 1, 'C', '希爾思-腎臟病護理(雞肉)', '◆幫助維持腎臟健康，臨床實證，能改善生活品質\r\n◆減少磷與鈉的含量，富含Omega-3脂肪酸\r\n◆富含香濃肉汁與鮮切肉塊，搭配營養豐富的食材\r\n◆高含量必需胺基酸，幫助自體建造肌肉量的能力', 'pro011.jpg', '2023-06-18 22:55:48', '2023-06-19 22:23:24', 1),
('CFCA0004', 'F', 'CA', 1, 'C', '希爾思-泌尿系統護理舒緩緊迫貓配方罐(雞肉燉蔬菜)', '◆幫助理想的尿液pH值\r\n◆富含抗氧化配方、檸檬酸鉀、omega-3 脂肪酸\r\n◆幫助維護愛貓的泌尿道健康同時舒緩緊迫\r\n◆臨床實驗證明能降低89%最常見的泌尿道症狀\r\n◆添加了維生素、礦物質及胺基酸\r\n●產品成分\r\n水、豬肝、雞肉、胡蘿蔔、小麥筋質、米、玉米澱粉、菠菜、雞肝香料、雞肉脂肪、海藻酸鉀、魚油、黃豆油、氯化鈣、磷酸二鈣、瓜爾豆膠、硫酸鈣、牛磺酸、維生素 (維生素E添加劑、維生素B1、菸鹼酸添加劑、維生素B6、泛酸鈣、維生素B12添加劑、核黃素添加劑、生物素、維生素D3添加劑、葉酸)、檸檬酸鉀、碘鹽、氯化膽鹼、三聚磷酸鈉、乾燥水解酪蛋白、左旋色胺酸、礦物質 (氧化鋅、硫酸亞鐵、硫酸錳、硫酸銅、碘酸鈣)、&amp;amp;beta;-胡蘿蔔素、碳酸鈣\r\n\r\n●成分分析\r\n蛋白質 41.5、脂肪 19.3、粗纖維 0.6、碳水化合物 (NFE) 33.0、鈣 0.80、磷 0.68、鈉 0.34、鉀 0.90、鎂 0.060、牛磺酸 0.40、維生素E 734 IU/kg、Omega-3脂肪酸總量 0.87', 'pro012.jpg', '2023-06-18 22:57:55', '2023-06-19 22:23:09', 1),
('CFCA0005', 'F', 'CA', 1, 'C', '希爾思-泌尿系統護理貓配方罐(鮪魚燉蔬菜)', '◆幫助理想的尿液pH值\r\n◆富含抗氧化配方、檸檬酸鉀、omega-3 脂肪酸\r\n◆控制鎂、鈣、磷含量\r\n◆最快7天溶解磷酸銨鎂結石 (平均27天)\r\n◆可建議成貓長期餵飼\r\n●產品成分\r\n豬肉副產品、水、豬肝、雞肉、米、玉米澱粉、紅蘿蔔、鮪魚、玉米筋質粉、雞肝香料、硫酸鈣、瓜爾豆膠、魚油、釀造乾燥酵母、葡萄糖、DL-蛋氨酸、氯化膽鹼、維生素(維生素E添加劑、維生素B1、維生素 B6、菸鹼酸添加劑、泛酸鈣、維生素B12添加劑、核黃素添加劑、生物素、葉酸、維生素D3添加劑)、氯化鉀、牛磺酸、半胱胺酸、乾燥蛋黃、礦物質（氧化鋅、硫酸亞鐵、氧化錳、碘酸鈣）、甘胺酸、碘鹽、檸檬酸鉀、碳酸鈣、&amp;amp;beta;-胡蘿蔔素\r\n\r\n●成分分析\r\n蛋白質6.5、脂肪30、粗纖維2.0、碳水化合物 (NFE)3.0、鈣0.80、磷0.79、鈉0.36、鉀0.89、鎂0.073、\r\n牛磺酸0.40、維生素C58 ppm、維生素E861 IU/kg、Omega-3脂肪酸總量0.87、Omega-6脂肪酸總量4.83', 'pro013.jpg', '2023-06-18 22:59:41', '2023-06-19 22:22:54', 1),
('CFCA0006', 'F', 'CA', 7, 'C', '優格-燉雞絲佐鮮鮪主食罐', '最豐富的肉肉主食罐 去骨雞肉搭配鵪鶉蛋、魚、蝦、鮭、鮪、鯷魚等豐富配料\r\n美味湯底 雞湯基底天然美味、健康營養\r\n營養多一層 美味雞肝提供胺基酸、礦物質等天然營養素\r\n100%零榖配方 純天然不含人工香料、色素、防腐劑', 'pro165.jpg', '2023-06-25 21:42:11', '2023-06-25 21:42:11', 1),
('CFCA0007', 'F', 'CA', 7, 'C', '優格-嫩雞鮮蝦濃湯主食罐', '最豐富的肉肉主食罐 去骨雞肉搭配鵪鶉蛋、魚、蝦、鮭、鮪、鯷魚等豐富配料\r\n美味湯底 雞湯基底天然美味、健康營養\r\n營養多一層 美味雞肝提供胺基酸、礦物質等天然營養素\r\n100%零榖配方 純天然不含人工香料、色素、防腐劑', 'pro167.jpg', '2023-06-25 21:44:57', '2023-06-25 21:44:57', 1),
('CFCA0008', 'F', 'CA', 7, 'C', '優格-多汁嫩雞絲佐鵪鶉蛋主食罐', '最豐富的肉肉主食罐 去骨雞肉搭配鵪鶉蛋、魚、蝦、鮭、鮪、鯷魚等豐富配料\r\n美味湯底 雞湯基底天然美味、健康營養\r\n營養多一層 美味雞肝提供胺基酸、礦物質等天然營養素\r\n100%零榖配方 純天然不含人工香料、色素、防腐劑', 'pro170.jpg', '2023-06-25 21:47:22', '2023-06-25 21:47:22', 1),
('CFCA0009', 'F', 'CA', 7, 'C', '優格-美味鮮魚總匯主食罐', '最豐富的肉肉主食罐 去骨雞肉搭配鵪鶉蛋、魚、蝦、鮭、鮪、鯷魚等豐富配料\r\n美味湯底 雞湯基底天然美味、健康營養\r\n營養多一層 美味雞肝提供胺基酸、礦物質等天然營養素\r\n100%零榖配方 純天然不含人工香料、色素、防腐劑', 'pro172.jpg', '2023-06-25 21:51:08', '2023-06-25 21:51:08', 1),
('CFCA0010', 'F', 'CA', 7, 'C', '優格-海陸總匯肉醬主食罐', '最豐富的肉肉主食罐 去骨雞肉搭配鵪鶉蛋、魚、蝦、鮭、鮪、鯷魚等豐富配料\r\n美味湯底 雞湯基底天然美味、健康營養\r\n營養多一層 美味雞肝提供胺基酸、礦物質等天然營養素\r\n100%零榖配方 純天然不含人工香料、色素、防腐劑', 'pro174.jpg', '2023-06-25 21:53:29', '2023-06-25 21:53:29', 1),
('CFCA0011', 'F', 'CA', 8, 'C', 'PET FOOD-膠原吻仔魚鮮魚(貓主食罐頭80公克)', '天然原型食材主食罐\r\n100%可溯源的新鮮大肉塊\r\n獨家熬煮鮮嫩雞湯\r\n天然無添加人工添加物\r\n獨家雞冠萃取，全方面幫助關節骨骼與皮下組織健康\r\n全台最大集團資深動物營養首席獸醫師設計主食配方\r\n\r\n使用牛奶魚、吻仔魚、番茄、膠原蛋白(雞冠、尾椎)\r\n含有水分&lt;85%、蛋白質&gt;12%、脂肪&gt;2%、纖維&lt;2%、灰分&lt;2%、鈣&gt;0.15%、磷&gt;0.15%', 'pro228.jpg', '2023-07-11 22:14:37', '2023-07-11 22:14:37', 1),
('CFCA0012', 'F', 'CA', 8, 'C', 'PET FOOD-膠原奶魚觀五鮮(貓主食罐頭80公克)', '天然原型食材主食罐\r\n100%可溯源的新鮮大肉塊\r\n獨家熬煮鮮嫩雞湯\r\n天然無添加人工添加物\r\n獨家雞冠萃取，全方面幫助關節骨骼與皮下組織健康\r\n全台最大集團資深動物營養首席獸醫師設計主食配方\r\n\r\n使用牛奶魚、雞肉、雞蛋、番茄、膠原蛋白(雞冠、尾椎)\r\n含有水分&lt;85%、蛋白質&gt;12%、脂肪&gt;2%、纖維&lt;2%、灰分&lt;2%、鈣&gt;0.15%、磷&gt;0.15%', 'pro229.jpg', '2023-07-11 22:19:44', '2023-07-11 22:19:44', 1),
('CFCA0013', 'F', 'CA', 8, 'C', 'PET FOOD-膠原嫩汁鹿野雞(貓副食罐頭80公克)', '天然原型食材主食罐\r\n100%可溯源的新鮮大肉塊\r\n獨家熬煮鮮嫩雞湯\r\n天然無添加人工添加物\r\n獨家雞冠萃取，全方面幫助關節骨骼與皮下組織健康\r\n全台最大集團資深動物營養首席獸醫師設計主食配方\r\n\r\n使用雞肉、雞蛋、番茄、膠原蛋白(雞冠、尾椎)\r\n含有水分&lt;85%、蛋白質&gt;12%、脂肪&gt;2%、纖維&lt;2%、灰分&lt;2%、鈣&gt;0.15%、磷&gt;0.15%', 'pro230.jpg', '2023-07-11 22:24:30', '2023-07-11 22:24:30', 1),
('CFCA0014', 'F', 'CA', 8, 'C', 'PET FOOD-膠原雙鱻鹿野雞(貓主食罐頭80公克)', '天然原型食材主食罐\r\n100%可溯源的新鮮大肉塊\r\n獨家熬煮鮮嫩雞湯\r\n天然無添加人工添加物\r\n獨家雞冠萃取，全方面幫助關節骨骼與皮下組織健康\r\n全台最大集團資深動物營養首席獸醫師設計主食配方\r\n\r\n使用鮪魚、牛奶魚、番茄、膠原蛋白(雞冠、尾椎)\r\n含有水分&lt;85%、蛋白質&gt;12%、脂肪&gt;2%、纖維&lt;2%、灰分&lt;2%、鈣&gt;0.15%、磷&gt;0.15%', 'pro231.jpg', '2023-07-11 22:26:39', '2023-07-11 22:26:39', 1),
('CFCA0015', 'F', 'CA', 8, 'C', 'PET FOOD-膠原鮮鮪茄紅雞(貓主食罐頭80公克)', '天然原型食材主食罐\r\n100%可溯源的新鮮大肉塊\r\n獨家熬煮鮮嫩雞湯\r\n天然無添加人工添加物\r\n獨家雞冠萃取，全方面幫助關節骨骼與皮下組織健康\r\n全台最大集團資深動物營養首席獸醫師設計主食配方\r\n\r\n使用鮪魚、雞肉、雞蛋、番茄、膠原蛋白(雞冠、尾椎)\r\n含有水分&lt;85%、蛋白質&gt;12%、脂肪&gt;2%、纖維&lt;2%、灰分&lt;2%、鈣&gt;0.15%、磷&gt;0.15%', 'pro232.jpg', '2023-07-11 22:28:28', '2023-07-11 22:28:28', 1),
('CFCA0016', 'F', 'CA', 8, 'C', 'PET FOOD-膠原袐制海陸鮮(貓副食罐頭80公克)', '天然原型食材主食罐\r\n100%可溯源的新鮮大肉塊\r\n獨家熬煮鮮嫩雞湯\r\n天然無添加人工添加物\r\n獨家雞冠萃取，全方面幫助關節骨骼與皮下組織健康\r\n全台最大集團資深動物營養首席獸醫師設計主食配方\r\n\r\n使用雞肉、牛奶魚、番茄、膠原蛋白(雞冠、尾椎)\r\n含有水分&lt;85%、蛋白質&gt;12%、脂肪&gt;2%、纖維&lt;2%、灰分&lt;2%、鈣&gt;0.15%、磷&gt;0.15%', 'pro233.jpg', '2023-07-11 22:30:16', '2023-07-11 22:30:16', 1),
('CFFE0001', 'F', 'FE', 1, 'C', '希爾思-早期腎臟病護理貓用配方(雞肉口味)', '◆降低蛋白質含量，有助於減輕腎臟的工作負擔\r\n◆降低磷含量，有助於維持腎臟健康並減輕腎臟壓力\r\n◆降低鈉含量，有助於維持正常的血壓\r\n◆增加Omega-3脂肪酸含量以保護腎臟健康\r\n◆增加維生素B群，有助於補償因腎臟病而從尿液排出損失的營養素\r\n●產品成分\r\n啤酒大米，動物脂肪，玉米蛋白粉，大米蛋白濃縮物，脫水雞和火雞蛋白，脫水甜菜醬，脫水金槍魚蛋白（9％），豌豆蛋白，全蛋粉末，大豆油，礦物質，魚油，水解產物，左旋肉鹼，牛磺酸，維生素，微量元素和&amp;amp;amp;beta;-胡蘿蔔素。具有天然抗氧化劑（生育酚的混合物）。\r\n\r\n●成分分析\r\n\r\n蛋白質27.8％；脂肪19.7％；碳水化合物（ENA）41.5％；纖維素（粗）1.5％; 粗礦物質5％; 水分4.5％; 鈣0.77％; 磷0.45％; 鈉0.23％; 鉀0.70％; 鎂0.08％; Omega-3脂肪酸0.97％；Omega-6脂肪酸3.46％；必需脂肪酸4.43％；可溶性纖維1.40％；左旋肉鹼525 mg / kg; 牛磺酸4,294 mg / kg; 硫胺素30.00 mg / kg; 核黃素15.20 mg / kg; 菸酸145.00 mg / kg; 吡rid醇10.60 mg / kg; 泛酸20 mg / kg; 葉酸3.10 mg / kg; 維生素B12 0.12毫克/千克; 生物素0.49毫克/千克; 維生素A10 9647 IU / kg; 維生素D10 1,025 IU / kg; 維生素E10 550毫克/千克; 維生素C10 90毫克/公斤; &amp;amp;amp;beta;-胡蘿蔔素1.5 mg / kg', 'pro001.jpg', '2023-06-18 22:17:00', '2023-06-19 22:22:37', 1),
('CFFE0002', 'F', 'FE', 1, 'C', '希爾思-泌尿道舒緩緊迫貓用', '◆來自魚油的高量Omega-3脂肪酸，幫助皮膚健康使毛色健康亮麗\r\n◆控制鈣、鎂、磷及草酸鹽含量，有助膀胱健康\r\n◆抗氧化劑提高抗氧化力\r\n◆適合長期餵食及多貓家庭的理想選擇\r\n\r\n●產品成分\r\n雞肉，全穀物玉米，玉米蛋白粉，全麥小麥，啤酒米，豬肉油，雞肉粉，雞蛋製品，豬肉風味，大豆油，魚油，乳酸，L-賴氨酸，硫酸鈣，氯化鉀，氯化膽鹼，檸檬酸鉀，DL-蛋氨酸，L-色氨酸，維生素（維生素E補充，菸酸，硫胺素，泛酸鈣，鹽酸吡哆醇，維生素A補充液，核黃素，生物素，維生素B12，葉酸，維生素D3補充） ，牛磺酸，乾水解酪蛋白，礦物質（硫酸亞鐵，氧化鋅，硫酸銅，氧化錳，碘化鈣，亞硒酸鈉），碘鹽，新鮮混合維生素E，天然香料，-胡蘿蔔素\r\n\r\n●成分分析\r\n粗蛋白 30%、粗脂肪 13%、粗纖維 1.6%、水 8%、鈣0.57、磷0.5、鎂 0.04%', 'pro002.jpg', '2023-06-18 22:23:07', '2023-07-10 13:07:41', 1),
('CFFE0003', 'F', 'FE', 1, 'C', '希爾思-泌尿道護理貓用配方', '◆來自魚油的高量Omega-3脂肪酸，有助於幫助健康的皮膚及亮麗的毛髮\r\n◆控制鈣、鎂、磷及草酸鹽含量，有助膀胱健康\r\n◆抗氧化劑提高抗氧化力\r\n◆適合長期餵食及多貓家庭的理想選擇\r\n●產品成分\r\n\r\n雞肉，全穀物玉米，玉米蛋白粉，全麥小麥，啤酒米，豬肉油，雞肉粉，雞蛋製品，豬肉風味，大豆油，魚油，乳酸，L-賴氨酸，硫酸鈣，氯化鉀，氯化膽鹼，檸檬酸鉀，DL-蛋氨酸，L-色氨酸，維生素（維生素E補充，菸酸，硫胺素，泛酸鈣，鹽酸吡哆醇，維生素A補充液，核黃素，生物素，維生素B12，葉酸，維生素D3補充） ，牛磺酸，乾水解酪蛋白，礦物質（硫酸亞鐵，氧化鋅，硫酸銅，氧化錳，碘化鈣，亞硒酸鈉），碘鹽，新鮮混合維生素E，天然香料，&amp;amp;amp;amp;beta;-胡蘿蔔素\r\n\r\n \r\n\r\n●成分分析\r\n\r\n粗蛋白 8.5%&amp;amp;amp;amp;uarr;、粗脂肪 3.5%&amp;amp;amp;amp;uarr;、粗纖維 1%&amp;amp;amp;amp;darr;、水 78%&amp;amp;amp;amp;darr;', 'pro003.jpg', '2023-06-18 22:30:15', '2023-06-19 22:22:07', 1),
('CFFE0004', 'F', 'FE', 1, 'C', '希爾思-泌尿道護理舒緩緊迫貓用配方(雞肉)', '◆來自魚油的高量Omega-3脂肪酸，幫助皮膚健康使毛色健康亮麗\r\n◆控制鈣、鎂、磷及草酸鹽含量，有助膀胱健康\r\n◆抗氧化劑提高抗氧化力\r\n◆適合長期餵食及多貓家庭的理想選擇\r\n●產品成分\r\n\r\n雞肉、全穀粒玉米、玉米筋質粉、全穀粒小麥、釀造米、豬肉脂肪、雞肉粉、乾燥蛋製品、豬肉香料、黃豆油、魚油、乳酸、左旋離胺酸、硫酸鈣、氯化鉀、氯化膽鹼、檸檬酸鉀、DL-蛋胺酸、左旋色胺酸、維生素 (維生素E添加劑、菸鹼酸添加劑、維生素B1、泛酸鈣、維生素B6、維生素A添加劑、核黃素添加劑、生物素、維生素B12添加劑、葉酸、維生素D3添加劑)、牛磺酸、乾燥水解酪蛋白、礦物質 (硫酸亞鐵、氧化鋅、硫酸銅、氧化錳、碘酸鈣、亞硒酸鈉)、碘鹽、添加綜合維生素E類以保鮮、天然香料、&amp;amp;beta;-胡蘿蔔素\r\n\r\n \r\n\r\n●成分分析\r\n\r\n粗蛋白 30.0%&amp;amp;uarr;、粗脂肪 13.0%&amp;amp;uarr;、粗纖維 1.6%&amp;amp;darr;、水 8.0%&amp;amp;darr;', 'pro004.jpg', '2023-06-18 22:33:58', '2023-06-19 22:21:54', 1),
('CFFE0005', 'F', 'FE', 1, 'C', '希爾思-泌消化系統護理(雞肉口味)', '◆高消化率，最佳可溶和不可溶天然纖維組合配方\r\n◆益生纖維及omega-3與omega-6必需脂肪酸\r\n◆富含電解質和維生素B群\r\n◆經臨床實證的抗氧化配方\r\n◆補充流失的養分並確保營養素易於吸收\r\n●產品成分\r\n\r\n雞肉、碎珍珠大麥、玉米筋質粉、釀造米、豬肉脂肪、雞肉粉、全穀粒玉米、乾燥蛋製品、雞肝香料、乳酸、脫水甜菜漿、氯化鉀、硫酸鈣、DL-蛋胺酸、氯化膽鹼、果寡糖、維生素 (維生素E添加劑、菸鹼酸添加劑、維生素B1、抗壞血酸多聚磷酸酯(維生素C 來源)、維生素A添加劑、泛酸鈣、核黃素添加劑、生物素、維生素B12添加劑、維生素B6、葉酸、維生素D3添加劑)、牛磺酸、碘鹽、左旋離胺酸、洋車前子殼、礦物質 (硫酸亞鐵、氧化鋅、硫酸銅、氧化錳、碘酸鈣、亞硒酸鈉)、添加綜合維生素E類以保鮮、天然香料、氧化鎂、&amp;amp;beta;-胡蘿蔔素\r\n\r\n \r\n\r\n●成分分析\r\n\r\n粗蛋白質32%、粗脂肪 17%、粗纖維 4%、水 8%、鈣0.7%', 'pro005.jpg', '2023-06-18 22:35:46', '2023-06-19 22:21:39', 1),
('CFFE0006', 'F', 'FE', 1, 'C', '希爾思-腎臟病護理貓用配方(海魚口味)', '◆降低蛋白質含量，有助於減輕腎臟的工作負擔\r\n◆降低磷含量，有助於維持腎臟健康並減輕腎臟壓力\r\n◆降低鈉含量，有助於維持正常的血壓\r\n◆增加Omega-3脂肪酸含量以保護腎臟健康\r\n◆增加維生素B群，有助於補償因腎臟病而從尿液排出損失的營養素\r\n●產品成分\r\n糙米、玉米筋質粉、豬肉脂肪、海魚、碎珍珠大麥、全穀粒小麥、釀造米、小麥筋質、雞肝香料、乾燥蛋製品、黃豆油、豌豆蛋白、雞肉粉、脫水甜菜漿、魚油、乳酸、檸檬酸鉀、硫酸鈣、左旋離胺酸、左旋精胺酸、氯化膽鹼、碳酸鈣、維生素 (維生素E添加劑、菸鹼酸添加劑、抗壞血酸多聚磷酸酯(維生素C 來源)、維生素B1、維生素B6、泛酸鈣、核黃素添加劑、生物素、維生素A添加劑、維生素B12添加劑、葉酸、維生素D3添加劑)、左旋蘇胺酸、牛磺酸、碘鹽、DL-蛋胺酸、氯化鉀、左旋肉酸素、礦物質 (硫酸亞鐵、氧化鋅、硫酸銅、氧化錳、碘酸鈣、亞硒酸鈉)、左旋色胺酸、添加綜合維生素E類以保鮮、天然香料、&amp;amp;amp;beta;-胡蘿蔔素\r\n\r\n●成分分析\r\n蛋白質：29.9%、脂肪：23.3%、碳水化合物(NFE)：40.2%、纖維：1.3%、鈣：0.75%、磷：0.52%、鈉：0.25%、鉀：0.75%、鎂：0.083%、牛磺酸：0.28%、維生素C：140mg/kg、維生素E：823IU/kg、Omega3：1.05%', 'pro006.jpg', '2023-06-18 22:37:45', '2023-06-19 22:21:22', 1),
('CFFE0007', 'F', 'FE', 1, 'C', '希爾思-雞肉特調食譜(幼貓)', '源自魚油的DHA助益於腦部健康與視力發育\r\n優質蛋白質以建構精實肌肉\r\n強健骨骼與牙齒的均衡比例礦物質\r\n\r\n使用雞肉、糙米、小麥筋質、雞肉脂肪、蛋製品、全穀粒燕麥、全穀粒小麥、碎珍珠大麥、雞肝香料、亞麻仁籽、硫酸鈣、乳酸、魚油、左旋離胺酸、氯化鉀、碳酸鈣、DL-蛋胺酸、氯化膽鹼、三聚磷酸鈉、牛磺酸、維生素(維生素E添加劑、抗壞血酸多聚磷酸酯(維生素C來源)、菸鹼酸添加劑、維生素B1、泛酸鈣、維生素B6、維生素A添加劑、核黃素添加劑、生物素、維生素B12添加劑、葉酸、維生素D3添加劑)、礦物質(硫酸亞鐵、氧化鋅、硫酸銅、氧化錳、碘酸鈣、亞硒酸鈉)、碘鹽、磷酸二鈣、燕麥纖維、添加綜合維生素E類以保鮮、天然香料、氧化鎂、&amp;beta;-胡蘿蔔素、蘋果、青花菜、胡蘿蔔、蔓越莓、綠豌豆\r\n\r\n含有粗蛋白質不低於33% \r\n粗脂肪不低於19% \r\n粗纖維不高於3.5%\r\n水不高於8%\r\n維生素E不低於525 IU/kg \r\n抗壞血酸(維生素C)不低於85 mg/kg\r\n二十二碳六烯酸(DHA)不低於0.1%', 'pro062.jpg', '2023-06-25 14:24:13', '2023-06-25 14:29:44', 1),
('CFFE0008', 'F', 'FE', 1, 'C', '希爾思-均衡發育配方(幼貓)', '源自魚油的DHA助益於腦部健康與視力發育\r\n優質蛋白質以建構精實肌肉\r\n強健骨骼與牙齒的均衡比例礦物質\r\n\r\n使用雞肉、糙米、小麥筋質、雞肉脂肪、蛋製品、全穀粒燕麥、全穀粒小麥、碎珍珠大麥、雞肝香料、亞麻仁籽、硫酸鈣、乳酸、魚油、左旋離胺酸、氯化鉀、碳酸鈣、DL-蛋胺酸、氯化膽鹼、三聚磷酸鈉、牛磺酸、維生素(維生素E添加劑、抗壞血酸多聚磷酸酯(維生素C來源)、菸鹼酸添加劑、維生素B1、泛酸鈣、維生素B6、維生素A添加劑、核黃素添加劑、生物素、維生素B12添加劑、葉酸、維生素D3添加劑)、礦物質(硫酸亞鐵、氧化鋅、硫酸銅、氧化錳、碘酸鈣、亞硒酸鈉)、碘鹽、磷酸二鈣、燕麥纖維、添加綜合維生素E類以保鮮、天然香料、氧化鎂、&amp;beta;-胡蘿蔔素、蘋果、青花菜、胡蘿蔔、蔓越莓、綠豌豆\r\n\r\n含有粗蛋白質不低於33% \r\n粗脂肪不低於19% \r\n粗纖維不高於3.5%\r\n水不高於8%\r\n維生素E不低於525 IU/kg \r\n抗壞血酸(維生素C)不低於85 mg/kg\r\n二十二碳六烯酸(DHA)不低於0.1%', 'pro062.jpg', '2023-06-25 14:28:11', '2023-06-25 14:29:31', 1),
('CFFE0009', 'F', 'FE', 1, 'C', '希爾思-雞肉特調食譜(室內成貓)', '天然纖維促進消化健康,以及優質成份能讓清理貓砂變得輕鬆\r\n精實肌肉所需的優質蛋白質\r\n天然優質、易消化的成份製作出美味營養食物\r\n\r\n使用雞肉、全穀粒小麥、玉米筋質粉、纖維素粉、雞肉脂肪、小麥筋質、雞肉粉、雞肝香料、脫水甜菜漿、黃豆油、硫酸鈣、乳酸、魚油、氯化鉀、碘鹽、氯化膽鹼、維生素(維生素E添加劑、抗壞血酸多聚磷酸酯(維生素C來源)、菸鹼酸添加劑、維生素B1、維生素A添加劑、泛酸鈣、核黃素添加劑、生物素、維生素B12添加劑、維生素B6、葉酸、維生素D3添加劑)、牛磺酸、左旋肉酸素、左旋離胺酸、礦物質(硫酸亞鐵.氧化鋅、硫酸銅、氧化錳、碘酸鈣、亞硒酸鈉)、添加綜合維生素E類以保鮮、天然香料、綠豌豆、蘋果、蔓越莓、胡蘿蔔、青花菜、&beta;-胡蘿蔔素\r\n\r\n含有粗蛋白質不低於31% \r\n粗脂肪不低於13% \r\n粗纖維不低於6% \r\n粗纖維不高於12% \r\n水不高於8% \r\n維生素E不低於500 IU/kg \r\n抗壞血酸(維生素C)不低於85 mg/kg', 'pro065.jpg', '2023-06-25 14:35:11', '2023-06-25 14:35:11', 1),
('CFFE0010', 'F', 'FE', 1, 'C', '希爾思-敏感胃腸與皮膚 雞肉與米特調食譜', '益生纖維可促進腸道益菌生長並維持微生物相平衡\r\n高消化性有助於良好營養吸收並形成方便清理的糞便\r\n維生素E與Omega-6 滋潤皮膚\r\n\r\n使用雞肉、釀造米、雞肉粉、黃豆、碎珍珠大麥、全穀粒高梁、蛋製品、雞肉脂肪、黃豆油、糙米、脱水甜菜漿、雞肝香料、乳酸、豬肝香料、氯化鉀、亞麻仁籽、維生素(維生素E添加劑、抗壞血酸多聚磷酸酯(維生素C來源)、菸鹼酸添加劑、維生素B1、維生素A添加劑、泛酸鈣、核黃素添加劑、生物素、維生素B12添加劑、維生素B6、葉酸、維生素D3添加劑、碘鹽、氯化膽鹼、牛磺酸、礦物質(硫酸亞鐵、氧化鋅、硫酸銅、氧化錳、碘酸鈣、亞硒酸鈉)、添加綜合維生素E類以保鮮、燕麥纖維、天然香料、B胡蘿蔔素、蘋果、青花菜、胡蘿蔔、蔓越莓、綠豆\r\n\r\n含有粗蛋白質不低於21%\r\n粗脂肪不低於12%\r\n粗纖維不高於4%\r\n水不高於10%\r\n維生素E 不低於400 IU/kg\r\n抗壞血酸(維生素C)不低於85 mg/kg\r\nOmega-6脂肪酸不低於3%', 'pro068.jpg', '2023-06-25 14:38:31', '2023-06-25 14:38:31', 1),
('CFFE0011', 'F', 'FE', 1, 'C', '希爾思-泌尿道毛球控制 雞肉特調食譜', '優質纖維、脂肪酸和抗氧化物可促進消化健康、皮毛及免疫系統的強健天然纖維以和緩的方式清除體內毛球高消化性、優質蛋白質有助於維持精實肌肉\r\n\r\n使用雞肉、全穀粒小麥、玉米筋質粉、豬肉脂肪、纖維素粉、小麥筋質、雞肝香料、脱水甜菜漿、黃豆油、乳酸、硫酸鈣、魚油、氯化膽鹼、氯化鉀、左旋離胺酸、碘鹽、磷酸二鈣、牛磺酸、維生素(維生素E添加劑、抗壞血酸多聚磷酸酯(維生素C來源)、菸鹼酸添加劑、維生素B1、維生素A添加劑、泛酸鈣、核黃素添加劑、生物素、維生素B12添加劑、維生素B6、葉酸、維生素D3添加劑)、檸檬酸鉀、礦物質(硫酸亞鐵、氧化鋅、硫酸銅、氧化錳、碘酸鈣、亞硒酸鈉)、左旋肉酸素、添加綜合維生素E類以保鮮、天然香料、綠號豆、蘋果、蔓越莓、胡蘿蔔、青花菜、B-胡蘿蔔素\r\n\r\n含有粗蛋白質不低於 29.5%;\r\n粗脂肪不低於16%;\r\n粗纖維不低於6.5%;\r\n粗纖維不高於9.5%;\r\n水不高於8%;\r\n錢不高於0.09%;\r\n維生素不低於500 IU/kg;\r\n抗壞血酸維生素C)不低於85 mg/kg', 'pro070.jpg', '2023-06-25 14:42:05', '2023-06-25 14:42:05', 1),
('CFFE0012', 'F', 'FE', 1, 'C', '希爾思-口腔保健 雞肉特調食譜', '維持口腔健康對貓咪的整體健康至關重要。希爾思寵物食品口腔保健成貓乾糧提供精確均衡的營養，並運用經過臨床驗證的顆粒技術，強化成貓牙齒健康。此款貓用食品以天然原料製成，運用交錯纖維技術摩擦和清潔貓貓牙齒，每次進食都能維持清新口氣。除此之外，添加的Omega-6和維生素E可滋潤皮膚和毛髮。\r\n\r\n使用雞肉、糙米、玉米筋質粉、雞肉脂肪、纖維素粉、小麥筋質、雞肉粉、亞麻仁籽、雞肝香料、乳酸、氯化鉀、硫酸鈣、氯化膽鹼、左旋離胺酸、碘鹽、牛磺酸、維生素(維生素E添加劑、抗壞血酸多聚磷酸酯(維生素C來源)、菸鹼酸添加劑、維生素B1、泛酸鈣、維生素B6、維生素A添加劑、核黃素添加劑、生物素、維生素B12添加劑、葉酸、維生素D3添加劑)、礦物質(硫酸亞鐵、氧化鋅、硫酸銅、氧化錳、碘酸鈣、亞硒酸鈉)、DL-蛋胺酸、燕麥纖維、添加綜合維生素E類以保鮮、天然香料、&beta;-胡蘿蔔素、蘋果、青花菜、胡蘿蔔、蔓越莓、綠豌豆\r\n\r\n含有粗蛋白質 不低於 29% ; 粗脂肪 不低於 17.5% ; 粗纖維 不高於 10% ; 水 不高於 10% ; 維生素E 不低於 450 IU/kg ; 抗壞血酸(維生素C) 不低於 85 mg/kg ; Omega-6脂肪酸 不低於 2%', 'pro073.jpg', '2023-06-25 14:44:34', '2023-06-25 14:44:34', 1),
('CFFE0013', 'F', 'FE', 1, 'C', '希爾思-毛球控制 雞肉特調食譜', '維生素EOmega-3與Omega-6有助於皮毛亮麗\r\n精實肌肉所需的優質蛋白質\r\n以優質雞肉蛋白製作的美味營養食物\r\n\r\n使用雞肉、全穀粒小麥、玉米筋質粉、雞肉脂肪、纖維素粉、雞肉粉、小麥筋質、雞肝香料、脫水甜菜漿、硫酸鈣、乳酸、黃豆油、氯化鉀、魚油、氯化膽鹼、左旋離胺酸、碘鹽、磷酸二鈣、維生素(維生素E添加劑、抗壞血酸多聚磷酸酯(維生素C來源)、菸鹼酸添加劑、維生素B1、維生素A添加劑、泛酸鈣、核黃素添加劑、生物素、維生素B12添加劑、維生素B6、葉酸、維生素D3添加劑)、牛磺酸、礦物質(硫酸亞鐵、氧化鋅、硫酸銅、氧化錳、碘酸鈣、亞硒酸鈉)、添加綜合維生素E類以保鮮、天然香料、綠豌豆、蘋果、蔓越莓、胡蘿蔔、青花菜、&beta;-胡蘿蔔素\r\n\r\n含有粗蛋白質不低於29.5% \r\n粗脂肪不低於15.5% \r\n粗纖維不低於6.5% \r\n粗纖維不高於11%\r\n水不高於8%\r\n維生素E不低於5001U/kg \r\n抗壞血酸(維生素C)不低於85mg/kg \r\nOmega-3脂肪酸不低於0.2%\r\nomega-6脂肪酸不低於2.5%', 'pro075.jpg', '2023-06-25 14:52:09', '2023-06-25 14:52:09', 1),
('CFFE0014', 'F', 'FE', 1, 'C', '希爾思-完美體重 雞肉特調食譜', '突破性的營養配方，幫助您的愛貓維持健康體重及改善生活品質。\r\n超過 70% 的貓咪於 10 週內減輕體重\r\n健康體重有助於生活品質與平均壽命\r\n臨床實證抗氧化配方不含人工色素、香料、或防腐劑\r\n減輕體重－擁有健康體重的貓咪不易產生體重相關問題，過得健康又快樂。\r\n維持肌肉結實－新鮮雞肉第一成分，幫助健康減重及維持肌肉結實。\r\n健康的免疫系統－臨床實證含維生素C+E的抗氧化劑，可促進健康的免疫系統。\r\n容易消化－容易消化吸收的原料，不含人工色素、香料、或防腐劑，為寵物提供美味營養的餐點。\r\n\r\n\r\n適合多貓家庭－在幫助過重貓咪達到健康體重的同時仍能提供結實貓咪平衡的營養，簡化多貓家庭的餵食過程。\r\n\r\n使用雞肉、釀造米、玉米筋質粉、小麥筋質、纖維素粉、雞肉粉、脫水番茄粕、脫水甜菜漿、亞麻仁籽、雞肉脂肪、雞肝香料、椰子油、乳酸、硫酸鈣、左旋離胺酸、氯化鉀、氯化膽鹼、胡蘿蔔、DL-蛋胺酸、牛磺酸、維生素 (維生素E添加劑、抗壞血酸多聚磷酸酯(維生素 C 來源)、菸鹼酸添加劑、維生素 B1、維生素 A 添加劑、泛酸鈣、核黃素添加劑、生物素、維生素 B12 添加劑、維生素 B6、葉酸、維生素 D3添加劑)、碘鹽、磷酸二鈣、礦物質 (硫酸錳、硫酸亞鐵、氧化鋅、硫酸銅、碘酸鈣、亞硒酸鈉)、左旋肉酸素、燕麥纖維、添加綜合維生素 E 及檸檬酸以保鮮、天然香料、&beta;-胡蘿蔔素、蘋果、青花菜、蔓越莓、綠豌豆。\r\n\r\n含有蛋白質 40.1%、脂肪 12.8%、粗纖維 8.1%、碳水化合物 (NFE) 32.6%、鈣 0.98%、磷 0.76%、鈉 0.35%、鉀 0.74%、鎂 0.094%、牛磺酸 0.32%、肉酸素 540.8 ppm、維生素C 153 ppm、維生素E 695 IU/kg、Omega-3脂肪酸總量 0.97%、Omega-6脂肪酸總量 2.83%。', 'pro079.jpg', '2023-06-25 14:56:21', '2023-06-25 14:56:21', 1),
('CFFE0015', 'F', 'FE', 1, 'C', '希爾思-頂級照護', '希爾思&reg;寵物食品成貓頂級照護配方，維持結實肌肉與保護維繫生命器官健康的精確均衡營養。經專業醫學認證的抗氧化配方，讓免疫系統更健康。同時含增量的牛磺酸，有助於維持心臟健康，且控制磷含量來維持腎臟健康。\r\n\r\n使用雞肉副產品粉、全穀粒玉米、釀酒用米、玉米麩粉、動物脂肪（以混合維生素E及檸檬酸保存）、雞肝香料、乳酸、氯化膽鹼、氯化鉀、硫酸鈣、蛋氨酸、維生素E添加劑、碘鹽、維生素（抗壞血酸多聚磷酸酯（維生素C來源）、維生素E添加劑、菸鹼酸、維生素B1、維生素A添加劑、泛酸鈣、核黃素、生物素、維生素B12添加劑、維生素B6、葉酸、維生素D3添加劑）、牛磺酸、礦物質（硫酸亞鐵、氧化鋅、硫酸銅、氧化錳、碘酸鈣、亞硒酸鈉）、以混合維生素E及檸檬酸保存、磷酸、&beta;-胡蘿蔔素、迷迭香萃取物。', 'pro083.jpg', '2023-06-25 15:00:13', '2023-06-25 15:00:13', 1),
('CFFE0016', 'F', 'FE', 1, 'C', '希爾思-毛球控制 雞肉特調食譜(7歲以上)', '維生素EOmega-3與Omega-6有助於皮毛亮麗\r\n牛磺酸可促進眼睛與心臟健康\r\n精實肌肉所需的優質蛋白質\r\n\r\n使用雞肉、全穀粒小麥、玉米筋質粉、雞肉脂肪、纖維素粉、小麥筋質、釀造米、脫水甜菜漿、雞肝香料、乳酸、氯化鉀、硫酸鈣、魚油、磷酸二鈣、氯化膽鹼、碳酸鈣、牛磺酸、維生素(維生素E添加劑、抗壞血酸多聚磷酸酯(維生素C來源)、菸鹼酸添加劑、維生素B1、維生素A添加劑、泛酸鈣、核黃素添加劑、生物素、維生素B12添加劑、維生素B6、葉酸、維生素D3添加劑)、碘鹽、礦物質(硫酸亞鐵、氧化鋅、硫酸銅、氧化錳、碘酸鈣、亞硒酸鈉)、左旋肉酸素、燕麥纖維、添加綜合維生素E類以保鮮、天然香料、&beta;-胡蘿蔔素、蘋果、青花菜、胡蘿蔔、蔓越莓、綠豌豆\r\n\r\n含有粗蛋白質不低於28.5% \r\n粗脂肪不低於15.5% \r\n粗纖維不低於6.5% \r\n粗纖維不高於10.7% \r\n水不高於8% \r\n維生素E不低於550 IU/kg \r\n牛磺酸不低於0.1% \r\n抗壞血酸(維生素C)不低於85mg/kg \r\nOmega-3脂肪酸不低於0.2% \r\nomega-6脂肪酸不低於2.5%', 'pro086.jpg', '2023-06-25 15:04:33', '2023-06-25 15:04:33', 1),
('CFFE0017', 'F', 'FE', 1, 'C', '希爾思-青春活力 雞肉與米食譜(7歲以上)', '天然原料調製而成的精確營養，有助於：\r\n腦部功能－強效抗氧化劑幫助腦部健康，以促進與家人互動的欲望\r\n精力與活力－蛋白質與左旋肉酸素可改善活動力及行動力\r\n健康的免疫系統－含維生素C+E，促進強健的免疫系統\r\n健康的消化系統－使用美味好吃，且優質易消化的原料\r\n豐盈的皮毛－必須脂肪酸有助皮毛更亮麗柔軟\r\n不含人工色素、香料、或防腐劑\r\n\r\n使用雞肉、糙米、玉米筋質粉、全穀粒燕麥、豌豆蛋白、雞肉脂肪、雞肝香料、乳酸、黃豆油、脫水蕃茄粕\r\n\r\n具有粗蛋白質不低於 30.0％、粗脂肪不低於 13.0％、粗纖維不高於 3.0％、水不高於 8.5％、維生素 E 不低於 650 IU/kg、維生素 C 不低於 100 mg/kg、Omega-3 脂肪酸 不低於 0.25％、Omega-6 脂肪酸不低於 2.0％', 'pro090.jpg', '2023-06-25 15:09:14', '2023-06-25 15:09:14', 1),
('CFFE0018', 'F', 'FE', 1, 'C', '希爾思-活力長壽', '提供維持腎臟健康與保護維繫生命器官的精確均衡營養。經臨床證實可在30天內改善腎臟健康*。且同時控制鈉和磷含量，維護心臟及重要器官的長期健康。此外，消化性高可確保關鍵營養素於24小時內被充分吸收。\r\n\r\n使用雞肉副產品粉、玉米麩粉、釀酒用米、全穀粒玉米、動物脂肪（以混合維生素E及檸檬酸保存）、大豆粉、左旋離氨酸、乳酸、雞肝香料、氯化鉀、氯化膽鹼、維生素E添加劑、維生素（抗壞血酸多聚磷酸酯（維生素C來源）、維生素E添加劑、菸鹼酸、維生素B1、維生素A添加劑、泛酸鈣、核黃素、生物素、維生素B12添加劑、維生素B6、葉酸、維生素D3添加劑）、牛磺酸、天然香料、碳酸鈣、碘鹽、魚油、礦物質（硫酸亞鐵、氧化鋅、硫酸銅、氧化錳、碘酸鈣、亞硒酸鈉）、左旋肉酸素、以混合維生素E及檸檬酸保存、磷酸、&beta;-胡蘿蔔素、迷迭香萃取物。', 'pro092.jpg', '2023-06-25 15:14:41', '2023-06-25 15:14:41', 1),
('CFFE0019', 'F', 'FE', 4, 'C', '極緻-無穀低鎂低卡配方(室內貓)', 'ORIJEN 以大量穀物餵食的新鮮雞肉、北部野生白鮭魚和新鮮雞蛋、提供了含高蛋白人類食用等級的肉 (至少75%)、符合貓之所需。不含不適合貓的糧食和碳水化合物。貓的天性會選食一些草。考慮到這一點、ORIJEN CAT含有草本植物葫蘆巴、金盞花、藥用屬葵、牛蒡屬葵根和水飛雉、它們複製了貓的天然飲食習慣、幫助潤滑、營養、調整消化道、強健肝功能及控制胰島素的分泌。ORIJEN保持最少量的碳水化合物並有各種蒸製的水果和蔬菜 (約25%)、提供了豐富的天然抗氧化劑和植物化學物質。雞油、三紋魚油、葵花籽油和亞麻籽油含有&Omega;6和&Omega;3必須脂肪酸、如 DHA和EPA同時營養您愛貓的皮毛。\r\n成份：新鮮雞肉(14％)、新鮮全蛋(6％)、新鮮完整鯡魚(6％)、新鮮火雞肉(6％)、新鮮雞肝(6％)、新鮮完整比目魚(4％)、新鮮完整鯖魚(4％)、新鮮完整太平洋鱈魚(4％)、新鮮火雞肝(4％)、新鮮雞心(4％)、雞肉(脫水，4％)、火雞肉(脫水，4％)、完整鯖魚(脫水，4％)、完整沙丁魚(脫水，4％)、完整鯡魚(脫水，4％)、阿拉斯加鱈魚(脫水，4％)、扁豆纖維、完整紅扁豆、完整綠扁豆、完整綠豌豆、完整鷹嘴豆、完整黃豌豆、完整花豆、完整白豆、雞軟骨(脫水，1％)、新鮮火雞心(1％)、完整藍鱈(脫水，1％)、雞脂肪(0.5％)、蘋果纖維、乾燥海藻(DHA及EPA來源)、南瓜 (脫水)、冬南瓜(脫水)、蘿蔔(脫水)、雞肝(冷凍乾燥)、火雞肝(冷凍乾燥)、新鮮完整南瓜、新鮮完整冬南瓜、新鮮完整櫛瓜、新鮮完整防風草、新鮮蘿蔔、新鮮完整五爪蘋果、新鮮完整巴特梨、新鮮甘藍菜、新鮮菠菜、新鮮甜菜、新鮮蘿蔔菜、棕海帶、完整蔓越莓、完整藍莓、完整薩斯卡頓莓、菊苣根、薑黃、水飛薊、牛蒡根、薰衣草、蜀葵根、玫瑰果、補充劑：營養添加劑：鋅蛋白：100mg；銅蛋白：11mg；氯化膽鹼：1200mg；畜產添加劑：屎腸球菌 NCIMB10415: 600x10^6 CFU', 'pro119.jpg', '2023-06-25 16:54:14', '2023-06-25 16:54:14', 1),
('CFFE0020', 'F', 'FE', 8, 'C', 'PET FOOD-全齡貓無穀低敏化毛配方1.8公斤(貓飼料)', '由大成專業團隊精心研發，從#育種 到 #研發\r\n誕生全新機能升級的飼料\r\n給毛孩吃的美味・防護加倍！\r\n\r\n從頭到尾・給毛孩全方位呵護 \r\n\r\n✔ 水解低敏胜肽蛋白 \r\n獨家水解技術，打造健康好體質\r\n\r\n✔ 獨家專利複合益生菌 \r\n補充關鍵益菌，維持狗貓腸道平衡\r\n\r\n✔ 優質蛋白質\r\n可溯源鮮蛋，品質安全有保證\r\n\r\n✔ 茄紅素 ✔ 維生素A\r\n延緩愛寵老化，維持好視力\r\n\r\n✔ 高品質魚油 \r\n豐富DHA+維生素Ｄ，維持犬貓心血管健康\r\n\r\n皮膚毛色都亮麗！⠀⠀⠀\r\n\r\n我們堅持｜給飼主最安心的四大保證\r\n獨家自有原料，提供精準營養\r\n產地新鮮直送，溯源安全有保證\r\n專家團隊設計，健康全方位呵護\r\n國家認證品檢，為愛寵健康把關\r\n\r\n使用大成鹿野自由放養土雞、北海道鯡魚、北大西洋鱈魚、高蛋白水解酵母粉、水解低敏胜肽蛋白、完整豌豆、天然苜蓿、雞肉水解胜肽、精選番茄、德國天然纖維、阿拉斯加深海魚油(使用天然維生素E保存)、氯化膽鹼、羥丁胺酸、檸檬酸、L-離胺酸、牛磺酸、DL-蛋胺酸、氯化鈉(來自天然海鹽)、寵物貓專用膳食礦物質(胺基酸螯合鐵、胺基酸螯合鋅、硫酸錳、胺基酸螯合銅、亞硒酸鈉、碘酸鉀)、寵物貓專用綜合維生素(維生素E（&alpha;-生育醇）、維生素B3（菸鹼酸）、維生素 B5（泛酸）、維生素B7（生物素）、維生素B2（核黃素）、維生素B1（噻胺）、維生素A（視黃醇）、維生素D（膽鈣化醇）、維生素B6（吡哆醇）、維生素B12（氰鈷胺素）、維生素K（葉醌）、維生素B9（葉酸）)、維生素C、洋車前子、菊苣纖維、南美絲蘭萃取物。\r\n\r\n含有粗蛋白質38.0%以上 、粗脂肪15.0% 以上、粗纖維5.0%以上、灰分9.0%以下、鈣1.0%以上、磷0.8%以上、水分10%以下、熱量、代謝能(計算值)3700kcal/kg ', 'pro226.jpg', '2023-07-11 22:10:38', '2023-07-11 22:10:38', 1),
('CFFE0021', 'F', 'FE', 8, 'C', 'PET FOOD-全齡貓無穀低敏腸胃配方1.8公斤(貓飼料)', '由大成專業團隊精心研發，從#育種 到 #研發\r\n誕生全新機能升級的飼料\r\n給毛孩吃的美味・防護加倍！\r\n\r\n從頭到尾・給毛孩全方位呵護 \r\n\r\n✔ 水解低敏胜肽蛋白 \r\n獨家水解技術，打造健康好體質\r\n\r\n✔ 獨家專利複合益生菌 \r\n補充關鍵益菌，維持狗貓腸道平衡\r\n\r\n✔ 優質蛋白質\r\n可溯源鮮蛋，品質安全有保證\r\n\r\n✔ 茄紅素 ✔ 維生素A\r\n延緩愛寵老化，維持好視力\r\n\r\n✔ 高品質魚油 \r\n豐富DHA+維生素Ｄ，維持犬貓心血管健康\r\n\r\n皮膚毛色都亮麗！⠀⠀⠀⠀\r\n\r\n我們堅持｜給飼主最安心的四大保證\r\n獨家自有原料，提供精準營養\r\n產地新鮮直送，溯源安全有保證\r\n專家團隊設計，健康全方位呵護\r\n國家認證品檢，為愛寵健康把關\r\n\r\n使用大成鹿野自由放養土雞、水解低敏胜肽蛋白、北大西洋鱈魚、北海道鯡魚、完整豌豆、天然苜蓿、精選番茄、高蛋白水解酵母粉、雞肉水解胜肽、德國天然纖維、阿拉斯加深海魚油(使用天然維生素E保存)、法國亞麻籽、氯化膽鹼、氯化鈉、檸檬酸、DL-蛋胺酸、牛磺酸、&beta;-葡聚糖、複合益生菌(Ligilactobacillus salivarius, Lactobacillus reuteri, Bacillus amyloliquefaciens)、大成溯源鮮蛋、寵物貓專用膳食礦物質(胺基酸螯合鐵、胺基酸螯合鋅、硫酸錳、胺基酸螯合銅、亞硒酸鈉、碘酸鉀)、寵物貓專用綜合維生素(維生素E（&alpha;-生育醇）、維生素B3（菸鹼酸）、維生素 B5（泛酸）、維生素B7（生物素）、維生素B2（核黃素）、維生素B1（噻胺）、維生素A（視黃醇）、維生素D（膽鈣化醇）、維生素B6（吡哆醇）、維生素B12（氰鈷胺素）、維生素K（葉醌）、維生素B9（葉酸）)、維生素C、南美絲蘭萃取物。\r\n\r\n含有粗蛋白質36.0%以上 、粗脂肪15.0% 以上、粗纖維5.0%以上、灰分9.0%以下、鈣1.0%以上、磷0.8%以上、水分10%以下、熱量、代謝能(計算值)3700kcal/kg', 'pro234.jpg', '2023-07-11 22:32:23', '2023-07-11 22:32:23', 1),
('CFFE0022', 'F', 'FE', 8, 'C', 'PET FOOD-全齡貓無穀低敏美膚亮毛配方1.8公斤(貓飼料)', '由大成專業團隊精心研發，從#育種 到 #研發\r\n誕生全新機能升級的飼料\r\n給毛孩吃的美味・防護加倍！\r\n\r\n從頭到尾・給毛孩全方位呵護 \r\n\r\n✔ 水解低敏胜肽蛋白 \r\n獨家水解技術，打造健康好體質\r\n\r\n✔ 獨家專利複合益生菌 \r\n補充關鍵益菌，維持狗貓腸道平衡\r\n\r\n✔ 優質蛋白質\r\n可溯源鮮蛋，品質安全有保證\r\n\r\n✔ 茄紅素 ✔ 維生素A\r\n延緩愛寵老化，維持好視力\r\n\r\n✔ 高品質魚油 \r\n豐富DHA+維生素Ｄ，維持犬貓心血管健康\r\n\r\n皮膚毛色都亮麗！⠀⠀\r\n\r\n我們堅持｜給飼主最安心的四大保證\r\n獨家自有原料，提供精準營養\r\n產地新鮮直送，溯源安全有保證\r\n專家團隊設計，健康全方位呵護\r\n國家認證品檢，為愛寵健康把關\r\n\r\n使用大成鹿野自由放養土雞、北海道鯡魚、北大西洋鱈魚、高蛋白水解酵母粉、水解低敏胜肽蛋白、完整豌豆、天然苜蓿、雞肉水解胜肽、精選番茄、德國天然纖維、法國亞麻籽、阿拉斯加深海魚油(使用天然維生素E保存)、南歐乳酪(低溫熟成)、氯化膽鹼、羥丁胺酸、檸檬酸、牛磺酸、L-離胺酸、DL-蛋胺酸、氯化鈉(來自天然海鹽)、複合益生菌(Ligilactobacillus salivarius, Lactobacillus reuteri, Bacillus amyloliquefaciens)、大成溯源鮮蛋、寵物貓專用膳食礦物質(胺基酸螯合鐵、胺基酸螯合鋅、硫酸錳、胺基酸螯合銅、亞硒酸鈉、碘酸鉀)、寵物貓專用綜合維生素(維生素E（&alpha;-生育醇）、維生素B3（菸鹼酸）、維生素 B5（泛酸）、維生素B7（生物素）、維生素B2（核黃素）、維生素B1（噻胺）、維生素A（視黃醇）、維生素D（膽鈣化醇）、維生素B6（吡哆醇）、維生素B12（氰鈷胺素）、維生素K（葉醌）、維生素B9（葉酸）)、維生素C、南美絲蘭萃取物。 \r\n\r\n含有粗蛋白質38.0%以上 、粗脂肪15.0% 以上、粗纖維5.0%以上、灰分9.0%以下、鈣1.0%以上、磷0.8%以上、水分10%以下、熱量、代謝能(計算值)3700kcal/kg ', 'pro236.jpg', '2023-07-11 22:34:32', '2023-07-11 22:34:32', 1),
('DFCA0001', 'F', 'CA', 7, 'D', '優格-經典烤嫩雞+蛋主食餐盒', '最豐富的肉肉主食餐盒 雞、牛、羊、鮭魚等新鮮肉品搭配鵪鶉蛋、鮮蔬豐富配料\r\n健康鮮蔬 提供膳食纖維、維生素等天然營養素\r\n天然美味 全蛋基底天然美味、健康營養\r\n100%零榖配方 純天然不含人工香料、色素、防腐劑', 'pro176.jpg', '2023-06-25 21:56:40', '2023-06-25 21:56:40', 1),
('DFCA0002', 'F', 'CA', 7, 'D', '優格-嫩汁牛排佐野菜主食餐盒', '最豐富的肉肉主食餐盒 雞、牛、羊、鮭魚等新鮮肉品搭配鵪鶉蛋、鮮蔬豐富配料\r\n健康鮮蔬 提供膳食纖維、維生素等天然營養素\r\n天然美味 全蛋基底天然美味、健康營養\r\n100%零榖配方 純天然不含人工香料、色素、防腐劑', 'pro177.jpg', '2023-06-25 22:00:02', '2023-06-25 22:00:02', 1),
('DFCA0003', 'F', 'CA', 7, 'D', '優格-海陸羊肉鮭魚鮮蔬主食餐盒', '最豐富的肉肉主食餐盒 雞、牛、羊、鮭魚等新鮮肉品搭配鵪鶉蛋、鮮蔬豐富配料\r\n健康鮮蔬 提供膳食纖維、維生素等天然營養素\r\n天然美味 全蛋基底天然美味、健康營養\r\n100%零榖配方 純天然不含人工香料、色素、防腐劑', 'pro179.jpg', '2023-06-25 22:01:41', '2023-06-25 22:01:41', 1),
('DFCA0004', 'F', 'CA', 7, 'D', '優格-鄉村羊肉派主食餐盒', '最豐富的肉肉主食餐盒 雞、牛、羊、鮭魚等新鮮肉品搭配鵪鶉蛋、鮮蔬豐富配料\r\n健康鮮蔬 提供膳食纖維、維生素等天然營養素\r\n天然美味 全蛋基底天然美味、健康營養\r\n100%零榖配方 純天然不含人工香料、色素、防腐劑', 'pro181.jpg', '2023-06-25 22:03:12', '2023-06-25 22:03:12', 1),
('DFFE0001', 'F', 'FE', 1, 'D', '希爾思-雞肉與大麥特調食譜(小顆粒)', '源自魚油的DHA助益於腦部健康與視力發育\r\n優質蛋白質以建構精實肌肉\r\n強健骨骼與牙齒的均衡比例礦物質\r\n\r\n用雞肉粉、全穀粒小麥、碎珍珠大麥、全穀粒高粱、全穀粒玉米、雞肉脂肪、玉米筋質粉、雞肝香料、脫水甜菜漿、豬肝香料、魚油、亞麻仁籽、乳酸、黃豆油、磷酸二鈣、碘鹽、氯化鉀、氯化膽鹼、維生素(維生素E添加劑、抗壞血酸多聚磷酸酯(維生素C來源)、菸鹼酸添加劑、維生素B1、維生素A添加劑、泛酸鈣、核黃素添加劑、生物素、維生素B12添加劑、維生素B6、葉酸、維生素D3添加劑) 、礦物質(硫酸亞鐵、氧化鋅、硫酸銅、氧化錳、碘酸鈣、亞硒酸鈉)、牛磺酸、燕麥纖維、添加綜合維生素E類以保鮮、天然香料、&amp;amp;amp;beta;-胡蘿蔔素、蘋果、青花菜、胡蘿蔔、蔓越莓、綠豌豆製作。\r\n\r\n含有下列營養\r\n粗蛋白質不低於25% \r\n粗脂肪不低於15% \r\n粗纖維不高於3% \r\n水不高於10%;\r\n維生素E不低於425 IU/kg ;\r\n抗壞血酸(維生素C)不低於95 mg/kg\r\n二十二碳六烯酸(DHA)不低於0.1%', 'pro014.jpg', '2023-06-18 23:19:39', '2023-06-25 11:13:11', 1),
('DFFE0002', 'F', 'FE', 1, 'D', '希爾思-羊肉與糙米特調食譜(小顆粒)', '源自魚油的DHA助益於腦部健康與視力發育\r\n優質蛋白質以建構精實肌肉\r\n強健骨骼與牙齒的均衡比例礦物質\r\n用羊肉粉、釀造米、全穀粒小麥、糙米、玉米筋質粉、雞肉脂肪、亞麻仁籽、小麥筋質、蛋製品、脫水甜菜漿、雞肝香料、魚油、黃豆油、乳酸、氯化鉀、左旋離胺酸、三聚磷酸鈉、豬肝香料、磷酸二鈣、維生素(維生素E添加劑、抗壞血酸多聚磷酸酯(維生素C來源)、菸鹼酸添加劑、維生素B1、維生素A添加劑、泛酸鈣、核黃素添加劑、生物素、維生素B12添加劑、維生素B6、葉酸、維生素D3添加劑)、氯化膽鹼、碘鹽、檸檬酸鉀、礦物質(硫酸亞鐵、氧化鋅、硫酸銅、氧化錳、碘酸鈣,亞硒酸鈉)、牛磺酸、添加綜合維生素E類以保鮮、天然香料、&amp;amp;beta;-胡蘿蔔素\r\n\r\n含有下列營養\r\n粗蛋白質不低於24% \r\n粗脂肪不低於15% \r\n粗纖維不高於5% \r\n水不高於10% \r\n二十二碳六烯酸( DHA)不低於0.1%\r\n維生素E不低於400 IU/kg\r\n抗壞血酸生素C)不低於85 mg/kg', 'pro018.jpg', '2023-06-18 23:38:44', '2023-06-19 22:20:44', 1),
('DFFE0003', 'F', 'FE', 1, 'D', '希爾思-雞肉與大麥特調食譜', '源自魚油的DHA助益於腦部健康與視力發育\r\n優質蛋白質以建構精實肌肉\r\n強健骨骼與牙齒的均衡比例礦物質\r\n\r\n用雞肉粉、全穀粒小麥、碎珍珠大麥、全穀粒高粱、全穀粒玉米、雞肉脂肪、玉米筋質粉、雞肝香料、脫水甜菜漿、豬肝香料、魚油、亞麻仁籽、乳酸、黃豆油、磷酸二鈣、碘鹽、氯化鉀、氯化膽鹼、維生素(維生素E添加劑、抗壞血酸多聚磷酸酯(維生素C來源)、菸鹼酸添加劑、維生素B1、維生素A添加劑、泛酸鈣、核黃素添加劑、生物素、維生素B12添加劑、維生素B6、葉酸、維生素D3添加劑) 、礦物質(硫酸亞鐵、氧化鋅、硫酸銅、氧化錳、碘酸鈣、亞硒酸鈉)、牛磺酸、燕麥纖維、添加綜合維生素E類以保鮮、天然香料、&amp;amp;beta;-胡蘿蔔素、蘋果、青花菜、胡蘿蔔、蔓越莓、綠豌豆\r\n\r\n含有下列營養\r\n粗蛋白質不低於25% ;\r\n粗脂肪不低於15% ;\r\n粗纖維不高於3% ;\r\n水不高於10% ;\r\n維生素E不低於425 IU/kg ;\r\n抗壞血酸(維生素C)不低於95 mg/kg ;\r\n二十二碳六烯酸(DHA)不低於0.1%', 'pro020.jpg', '2023-06-18 23:42:17', '2023-06-19 22:20:22', 1),
('DFFE0004', 'F', 'FE', 1, 'D', '希爾思-雞肉、大麥與糙米特調食譜(小型及迷你幼犬)', '源自魚油的DHA助益於腦部健康與視力發育\n優質蛋白質以建構精實肌肉\n強健骨骼與牙齒的均衡比例礦物質\n\n用雞肉粉、全穀粒小麥、全穀粒高粱、雞肉脂肪、全穀粒玉米、玉米筋質粉、碎珍珠大麥、糙米、雞肝香料、脫水甜菜漿、豬肉香料、亞麻仁籽、魚油、磷酸二鈣、乳酸、黃豆油、氯化鉀、碘鹽、左旋離胺酸、維生素(維生素E添加劑、抗壞血酸多聚磷酸酯(維生素C來源)、菸鹼酸添加劑、維生素B1、維生素A添加劑、泛酸鈣、核黃素添加劑、維生素B12添加劑、維生素B6、生物素、葉酸、維生素D3添加劑)、氯化膽鹼、左旋蘇胺酸、礦物質(硫酸亞鐵、氧化鋅、硫酸銅、氧化錳、碘酸鈣、亞硒酸鈉)、碳酸鈣、牛磺酸、添加綜合維生素E類以保鮮、天然香料、綠豌豆、蘋果、蔓越莓、胡蘿蔔、&amp;amp;amp;amp;beta;-胡蘿蔔素、青花菜\n\n含有下列營養\n粗蛋白質 不低於 24.5% ; 粗脂肪 不低於 15.5% ; 粗纖維 不高於 3% ; 水 不高於 10% ; 維生素E 不低於 500 IU/kg ; 抗壞血酸(維生素C) 不低於 95 mg/kg ; 二十二碳六烯酸 (DHA) 不低於 0.1% ', 'pro022.jpg', '2023-06-18 23:47:10', '2023-07-06 07:34:44', 1),
('DFFE0005', 'F', 'FE', 1, 'D', '希爾思-雞肉、小麥與燕麥特調食譜(小型及迷你幼犬)', '富含魚油和脂肪酸的營養\r\n\r\n希爾思寵物食品大型幼犬食品，提供幼犬精確均衡的營養，以控制發育速度，維護關節健康。含豐富的左旋肉酸素，促進健康的身體組成，且有理想比例的鈣含量，控制骨骼及關節健康。由優質成分製成提供理想的營養素組合、臨床實證的抗氧化配方促進整體健康。\r\n\r\n全穀粒玉米、雞肉副產品粉、黃豆粉、豬肉脂肪（以混合維生素E及檸檬酸保存）、脫水甜菜漿、雞肝香料、磷酸二鈣、釀造米、魚油、亞麻仁籽、黃豆油、碘鹽、維生素（抗壞血酸多聚磷酸酯（維生素C來源）、維生素E添加劑、菸鹼酸、維生素B1、維生素A添加劑、泛酸鈣、生物素、維生素B12添加劑、維生素B6、核黃素、葉酸、維生素D3添加劑）、氯化膽鹼、氯化鉀、維生素E添加劑、礦物質（硫酸亞鐵、氧化鋅、硫酸銅、碘酸鈣、亞硒酸鈉）、以混合維生素E及檸檬酸保存、磷酸、&amp;amp;beta;-胡蘿蔔素、迷迭香萃取物。', 'pro025.jpg', '2023-06-18 23:49:58', '2023-06-19 22:19:32', 1),
('DFFE0006', 'F', 'FE', 1, 'D', '希爾思-敏感胃腸與皮膚 雞肉特調食譜(小型及迷你成犬)', '益生纖維可促進腸道益菌生長並維持微生物相平衡\r\n高消化性有助於良好營養吸收並形成方便清理的糞便\r\n維生素E與Omega-6 滋潤皮膚\r\n\r\n使用雞肉、釀造米、雞肉粉、黃豆、碎珍珠大麥、全穀粒高梁、蛋製品、雞肉脂肪、黃豆油、糙米、脱水甜菜漿、雞肝香料、乳酸、豬肝香料、氯化鉀、亞麻仁籽、維生素(維生素E添加劑、抗壞血酸多聚磷酸酯(維生素C來源)、菸鹼酸添加劑、維生素B1、維生素A添加劑、泛酸鈣、核黃素添加劑、生物素、維生素B12添加劑、維生素B6、葉酸、維生素D3添加劑、碘鹽、氯化膽鹼、牛磺酸、礦物質(硫酸亞鐵、氧化鋅、硫酸銅、氧化錳、碘酸鈣、亞硒酸鈉)、添加綜合維生素E類以保鮮、燕麥纖維、天然香料、B胡蘿蔔素、蘋果、青花菜、胡蘿蔔、蔓越莓、綠豆\r\n\r\n\r\n含有下列營養\r\n粗蛋白質不低於21%\r\n粗脂肪不低於12%\r\n粗纖維不高於4%\r\n水不高於10%\r\n維生素E 不低於400 IU/kg\r\n抗壞血酸(維生素C)不低於85 mg/kg\r\nOmega-6脂肪酸不低於3%', 'pro027.jpg', '2023-06-25 10:59:11', '2023-06-25 10:59:11', 1),
('DFFE0007', 'F', 'FE', 1, 'D', '希爾思-完美體重-雞肉與米特調食譜(小型及迷你成犬)', 'Hills希爾思．小型及迷你成犬完美體重-雞肉與米特調食譜\r\n希爾思&trade;寵物食品 小型及迷你成犬 完美體重提供突破性並美味的體重管理營養配方\r\n維持健康體重及長期持續控制體重\r\n維持精實肌肉\r\n\r\n使用雞肉、碎珍珠大麥、糙米、豌豆纖維、玉米筋質粉、雞肉粉、脫水番茄粕、燕麥纖維、雞肝香料、亞麻仁籽、脫水甜菜漿、椰子油、豬肉香料、乳酸、氯化鉀、左旋離胺酸、DL-蛋胺酸、胡蘿蔔、碘鹽、硫辛酸、維生素(維生素E添加劑、抗壞血酸多聚磷酸酯(維生素C來源)、菸鹼酸添加劑、維生素B1、維生素A添加劑、泛酸鈣、核黃素添加劑、生物素、維生素B12添加劑、維生素B6、葉酸、維生素D3添加劑)、氯化膽鹼、礦物質(硫酸錳、硫酸亞鐵、氧化鋅、硫酸銅、碘酸鈣、亞硒酸鈉)、牛磺酸、添加綜合維生素E類以保鮮、天然香料、左旋肉酸素、&beta;-胡蘿蔔素、蘋果、青花菜、蔓越莓、綠豌豆\r\n\r\n含有蛋白質28.6%、脂肪11.2%、粗纖維10.4%、碳水化合物 (NFE)43.1%、鈣0.95%、磷0.74%、鈉0.38%、鉀0.99%、鎂0.142%、Omega-3脂肪酸總量0.76%、Omega-6脂肪酸總量2.22%', 'pro029.jpg', '2023-06-25 11:17:35', '2023-06-25 11:17:35', 1),
('DFFE0008', 'F', 'FE', 1, 'D', '希爾思-雞肉+大麥特調食譜(成犬)', 'Omega-6與維生素E有助於皮毛亮麗\r\n精實肌肉所需的優質蛋白質\r\n天然纖維促進消化健康\r\n\r\n使用雞肉、全穀粒小麥、碎珍珠大麥、全穀粒高粱、全穀粒玉米、玉米筋質粉、雞肉粉、雞肉脂肪、雞肝香料、脫水甜菜漿、黃豆油、豬肉香料、乳酸、亞麻仁籽、氯化鉀、氯化膽鹼、碘鹽、碳酸鈣、維生素(維生素E添加劑、抗壞血酸多聚磷酸酯(維生素C來源)、菸鹼酸添加劑、維生素B1、維生素A添加劑、泛酸鈣、核黃素添加劑、生物素、維生素B12添加劑、維生素B6、葉酸、維生素D3添加劑) 、礦物質(硫酸亞鐵、氧化鋅、硫酸銅、氧化錳、碘酸鈣、亞硒酸鈉)、牛磺酸、燕麥纖維、添加綜合維生素E類以保鮮、天然香料、&beta;-胡蘿蔔素、蘋果、青花菜、胡蘿蔔、蔓越莓、綠豌豆\r\n\r\n含有粗蛋白質不低於20.5% ;\r\n粗脂肪不低於12% ;\r\n粗纖維不高於3% ;\r\n水不高於10% ;\r\n維生素E不低於400 IU/kg ;\r\n抗壞血酸(維生素C)不低於85 mg/kg \r\nOmega-6脂肪酸不低於2.5%', 'pro032.jpg', '2023-06-25 11:21:51', '2023-06-25 11:21:51', 1),
('DFFE0009', 'F', 'FE', 1, 'D', '希爾思-羊肉與糙米食譜(小顆粒) ', 'Omega-6與維生素E有助於皮毛亮麗\r\n精實肌肉所需的優質蛋白質\r\n天然纖維促進消化健康\r\n\r\n使用羊肉粉、糙米、釀造米、全穀粒高粱、全穀粒小麥、玉米筋質粉、雞肉脂肪、碎珍珠大麥、雞肝香料、脫水甜菜漿、黃豆油、亞麻仁籽、乳酸、豬肝香料、氯化鉀、碘鹽、左旋離胺酸、氯化膽鹼、維生素(維生素E添加劑、抗壞血酸多聚磷酸酯(維生素C來源)、菸鹼酸添加劑、維生素B1、維生素A添加劑、泛酸鈣、核黃素添加劑、生物素、維生素B12添加劑、維生素B6、葉酸、維生素D3添加劑)、碳酸鈣、牛磺酸、礦物質(硫酸亞鐵、氧化鋅、硫酸銅、氧化錳、碘酸鈣、亞硒酸鈉)、添加綜合維生素E類以保鮮、天然香料、&beta;-胡蘿蔔素\r\n\r\n含有粗蛋白質不低於19.5% \r\n粗脂肪不低於12.5% \r\n粗纖維不高於3% ;水不高於10% \r\n維生素E不低於400 IU/kg\r\n抗壞血酸(維生素C)不低於85 mg/kg\r\nOmega-6脂肪酸不低於2%', 'pro035.jpg', '2023-06-25 11:28:15', '2023-06-25 11:28:15', 1),
('DFFE0010', 'F', 'FE', 1, 'D', '希爾思-完美體重 雞肉特調食譜', '10週內可見到顯著且安全有效的減重成果\r\n維持健康體重及長期持續控制體重\r\n維持精實肌肉\r\n使用雞肉、碎珍珠大麥、糙米、豌豆纖維、玉米筋質粉、雞肉粉、脫水番茄粕、燕麥纖維、雞肝香料、亞麻仁籽、脫水甜菜漿、椰子油、豬肉香料、乳酸、氯化鉀、左旋離胺酸、DL-蛋胺酸、胡蘿蔔、碘鹽、硫辛酸、維生素(維生素E添加劑、抗壞血酸多聚磷酸酯(維生素C來源)、菸鹼酸添加劑、維生素B1、維生素A添加劑、泛酸鈣、核黃素添加劑、生物素、維生素B12添加劑、維生素B6、葉酸、維生素D3添加劑)、氯化膽鹼、礦物質(硫酸錳、硫酸亞鐵、氧化鋅、硫酸銅、碘酸鈣、亞硒酸鈉)、牛磺酸、添加綜合維生素E類以保鮮、天然香料、左旋肉酸素、&beta;-胡蘿蔔素、蘋果、青花菜、蔓越莓、綠豌豆\r\n\r\n含有粗蛋白質不低於24% \r\n粗脂肪不低於9% \r\n粗纖維不低於5%\r\n粗纖維不高於13% \r\n水不高於10% \r\n維生素E不低於400 IU/kg \r\n抗壞血酸(維生素c) E淤85mg/kg\r\n肉酸素不低於200ppm', 'pro041.jpg', '2023-06-25 11:34:27', '2023-06-25 11:34:27', 1),
('DFFE0011', 'F', 'FE', 1, 'D', '希爾思-雞肉、大麥與糙米食譜(小顆粒、7歲以上)', '維持心臟與腎臟健康的均衡比例礦物質\r\nOmega-6與維生素E有助於皮毛亮麗\r\n精實肌肉所需的優質蛋白質\r\n\r\n使用雞肉粉、碎珍珠大麥、糙米、全穀粒小麥、全穀粒玉米、全穀粒高粱、全穀粒燕麥、雞肉脂肪、脫水甜菜漿、雞肝香料、玉米筋質粉、黃豆油、乳酸、豬肉香料、氯化鉀、碳酸鈣、亞麻仁籽、碘鹽、氯化膽鹼、左旋離胺酸、維生素(維生素E添加劑、抗壞血酸多聚磷酸酯(維生素C來源)、菸鹼酸添加劑、維生素B1、維生素添加劑、泛酸鈣、核黃素添加劑、生物素、維生素B12添加劑、維生素B6、葉酸、維生素D3添加劑)、礦物質(硫酸亞鐵、氧化鋅、硫酸銅、氧化錳、碘酸鈣、亞硒酸鈉)、牛磺酸、DL-蛋胺酸、燕麥纖維、左旋肉酸素、添加綜合維生素E類以保鮮、天然香料、&amp;amp;beta;-胡蘿蔔素、蘋果、青花菜、胡蘿蔔、蔓越莓、綠豌豆\r\n\r\n含有粗蛋白質不低於15.5% ;\r\n粗脂肪不低於10.5% ;\r\n粗纖維不高於4% ;\r\n水不高於10% ;\r\n維生素E不低於450 IU/kg ;\r\n抗壞血酸(維生素C)不低於85 mg/kg ;\r\nomega-6脂肪酸不低於2.5%', 'pro042.jpg', '2023-06-25 11:40:43', '2023-06-25 12:16:53', 1),
('DFFE0012', 'F', 'FE', 1, 'D', '希爾思-雞肉與米食譜(小型及迷你成犬)', '能夠維持1-6歲成犬健康免疫系統、消化系統、精實肌肉以及亮麗毛髮\r\n以精選食材製作出美味營養的一餐易消化的精確營養\r\n使用雞湯、雞肉、豬肝、胡蘿蔔、米、綠豌豆、米、澱粉、菠菜、雞肝香料、黃豆油、亞麻仁籽、海藻酸鉀、纖維素粉、小麥筋質、氯化鈣、瓜爾豆膠、磷酸二鈣、乳酸鈣、葡萄糖酸鈣、三聚磷酸鈉、魚油、維生素(維生素E添加劑、抗壞血酸多聚磷酸酯(維生素C來源)、維生素B1、菸鹼酸添加劑、泛酸鈣、維生素B12添加劑、維生素B6、生物素、維生素D3添加劑、核黃素添加劑、葉酸)、氯化膽鹼、左旋離胺酸、礦物質(硫酸亞鐵、氧化鋅、硫酸銅、硫酸錳、碘酸鈣)、&beta;-胡蘿蔔素\r\n\r\n含有粗蛋白質不低於4%\r\n粗脂肪不低於2.5%\r\n粗纖維不高於2.5%\r\n粗纖維不高於85%', 'pro046.jpg', '2023-06-25 11:46:33', '2023-06-25 11:46:33', 1),
('DFFE0013', 'F', 'FE', 1, 'D', '希爾思-雞肉、大麥與糙米特調食譜(小型及迷你成犬7歲以上)', '均衡比例的礦物質可維持心臟、腎臟及膀胱健康\r\nOmega-6與維生素E混合配方,有助於皮膚健康及毛髮亮麗\r\n易消化的成份可促進消化健康\r\n\r\n使用雞肉粉、碎珍珠大麥、糙米、釀造米、全穀粒小麥、全穀粒玉米、雞肉脂肪、全穀粒高粱、黃豆粕、亞麻仁籽、雞肝香料、黃豆油、豌豆纖維、黃豆粉、豬肝、香料、乳酸、綠豌豆、碳酸 鈣、維生素(維生素E添加劑、抗壞血酸多聚磷酸酯(維生素C來源) 、菸鹼酸添加劑、維生素B1、維生素A添加劑、泛酸鈣、核黃素添加劑、生物素、維生素B12添加劑、維生素B6、葉酸、維生素D3添加劑)、蘋果、氯化鉀、蔓越莓、硫辛酸、碘鹽、胡蘿蔔、氯化膽鹼、青花菜、牛磺酸、左旋離胺酸、礦物質(硫酸亞鐵、氧化鋅、硫酸銅、氧化錳、碘酸鈣、亞硒酸鈉)、添加綜合維生素E類以保鮮、天然香料、左旋肉酸素、&amp;beta;-胡蘿蔔素\r\n\r\n含有蛋白質18.9%、脂肪14.3%、粗纖維4.9%、碳水化合物 (NFE)56.5%、鈣0.94%、磷0.66%、鈉0.30%、鉀0.70%、鎂0.130%、Omega-3脂肪酸總量1.07%、Omega-6脂肪酸總量4.22%、', 'pro049.jpg', '2023-06-25 11:50:43', '2023-06-25 12:14:13', 1),
('DFFE0014', 'F', 'FE', 1, 'D', '希爾思-羊肉與糙米食譜', 'Omega-6與維生素E有助於皮毛亮麗\r\n精實肌肉所需的優質蛋白質\r\n天然纖維促進消化健康\r\n\r\n使用羊肉粉、糙米、釀造米、全穀粒高粱、全穀粒小麥、玉米筋質粉、雞肉脂肪、碎珍珠大麥、雞肝香料、脫水甜菜漿、黃豆油、亞麻仁籽、乳酸、豬肝香料、氯化鉀、碘鹽、左旋離胺酸、氯化膽鹼、維生素(維生素E添加劑、抗壞血酸多聚磷酸酯(維生素 來源)、菸鹼酸添加劑、維生素B1、維生素A添加劑、泛酸鈣、核黃素添加劑、生物素、維生素B12添加劑、維生素B6、葉酸、維生素D3添加劑)、碳酸鈣、牛磺酸、礦物質(硫酸亞鐵、氧化鋅、硫酸銅、氧化錳、碘酸鈣、亞硒酸鈉)、添加綜合維生素E類以保鮮、天然香料、&beta;-胡蘿蔔素\r\n\r\n含有粗蛋白質不低於19.5% \r\n粗脂肪不低於12.5% \r\n粗纖維不高於3%\r\n水不高於10%\r\n維生素E不低於400 IU/kg\r\n抗壞血酸(維生素C)不低於85 mg/kg \r\nOmega-6脂肪酸不低於2%', 'pro052.jpg', '2023-06-25 11:55:37', '2023-06-25 11:55:37', 1),
('DFFE0015', 'F', 'FE', 1, 'D', '希爾思-青春活力 雞肉與米特調食譜(成犬7歲以上)', '專利混合營養配方，有助於增強腦部功能、互動能力、精力與活力 \r\nOmega-3 及 Omega-6 脂肪酸促進毛髮亮麗 \r\n易消化的成份促進消化健康 \r\n\r\n使用雞肉、釀造米、黃豌豆、碎珍珠大麥、全穀粒燕麥、全穀粒玉米、蛋製品、雞肉脂肪、玉米筋質粉、雞肝香料、豬肝香料、黃豆油、亞麻仁籽、乳酸、左旋離胺酸、氯化鉀、碳酸鈣、磷酸二鈣、胡蘿蔔、脫水番茄粕、脫水柑橘漿、菠菜、魚油、碘鹽、維生素(維生素E添加劑、抗壞血酸多聚磷酸酯(維生素C來源)、菸鹼酸添加劑、維生素B1、維生素A添加劑、泛酸鈣、核黃素添加劑、生物素、維生素B12添加劑、維生素B6、葉酸、維生素D3添加劑)、硫辛酸、氯化膽鹼、牛磺酸、礦物質(硫酸亞鐵、氧化鋅、硫酸銅、氧化錳、碘酸鈣、亞硒酸鈉)、天然香料、添加綜合維生素E類以保鮮、左旋色胺酸、左旋肉酸素、&amp;Beta;-胡蘿蔔素', 'pro055.jpg', '2023-06-25 12:00:59', '2023-06-25 12:14:35', 1),
('DFFE0016', 'F', 'FE', 1, 'D', '希爾思-青春活力 雞肉與米特調食譜(小型及迷你成犬7歲以上)', '專利混合營養配方,有助於增強腦部功能、互動能力、精力與活力\r\nOmega-3 及Omega-6脂肪酸促進毛髮麗\r\n易消化的成份促進消化健康\r\n\r\n使用雞肉、釀造米、黃豆、碎珍珠大麥、全穀粒燕麥、全穀粒玉米、蛋製品、雞肉脂肪、玉米筋質粉、雞肝香料、豬肝香料、黃豆油、亞麻仁籽、乳酸、左旋離胺酸、氯化鉀、碳酸鈣、磷酸二鈉、胡蘿蔔、脱水番茄粘、脱水相橘漿、菠菜、魚油、碘鹽、維生素維生素E添加劑、抗壞血酸多聚磷酸酯(維生素C來源)、菸鹼酸添加劑、維生素B1、維生素A添加劑、泛酸鈣、核黃素添加劑、生物素、維生素B12添加劑、維生素B6、葉酸、維生素D3添加劑)、硫辛酸、氯化膽鹼、牛磺酸、礦物質(硫酸亞鐵、氧化鋅、硫酸銅、氧化錳、碘酸鈣、亞硒酸鈉)、天然香料、添加綜合維生素E類以保鮮、左旋色胺酸、左旋肉酸素、B-胡蘿蔔素\r\n\r\n含有粗蛋白質不低於19%\r\n粗脂肪不低於11%\r\n粗纖維不高於3%\r\n水不高於10%\r\n麻油酸不低於1.3%\r\n維生素E不低於450 IU/kg\r\n抗壞血酸(維生素C)不低於85mg/kg\r\nOmega-3脂肪酸不低於0.4%\r\nOmega-6脂肪酸不低於1.7%', 'pro058.jpg', '2023-06-25 12:04:02', '2023-06-25 12:14:53', 1),
('DFFE0017', 'F', 'FE', 1, 'D', '希爾思-雞肉與大麥食譜(大型成犬)', '天然來源的葡萄糖胺與軟骨素可維持關節健康\r\nOmega-6 與維生素E有助於皮毛亮麗\r\n精實肌肉所需的優質蛋白質\r\n\r\n使用雞肉、全穀粒小麥、碎珍珠大麥、全穀粒高梁、全穀粒玉米、玉米筋質粉、雞肉粉、雞肉脂肪、雞肝香料、脫水甜菜漿、黃豆油、豬肉香料、乳酸、亞麻仁籽、氯化鉀、氯化膽鹼、碘鹽、碳酸鈣、維生素、維生素E添加劑、抗壞血酸多聚磷酸酯(維生素C來源)、菸鹼酸添加劑、維生素B1、維生素A添加劑、泛酸鈣、核黃素添加劑、生物素、維生素B12添加劑、維生素B6、葉酸、維生素D3添加劑)、礦物質(硫酸亞鐵、氧化鋅、硫酸銅、氧化錳、碘酸鈣、亞硒酸鈉)、牛磺酸、燕麥纖維、添加綜合維生素E類以保鮮、天然香料、B-胡蘿蔔素、蘋果、青花菜、胡蘿蔔、蔓越莓、綠豌豆\r\n\r\n含有粗蛋白質不低於20.5%;\r\n粗脂肪不低於12%;\r\n粗纖維不高於3%;\r\n水不高於10%;\r\n維生素不低於400 IU/kg;\r\n抗壞血酸(維生素C)不低於85 mg/kg;\r\n硫化軟骨素不低於550ppm;\r\n葡萄糖胺不低於300ppm;\r\nOmega-6脂肪酸不低於2.5%', 'pro060.jpg', '2023-06-25 12:06:37', '2023-06-25 12:06:37', 1),
('DFFE0018', 'F', 'FE', 4, 'D', '極緻-挑嘴成犬 野牧鮮雞配方', '極緻成犬配方，專為１歲以上的愛狗精心調配，有別於其他一般狗飼料，極緻犬飼料含有高蛋白，低碳水化合物且不含糧食，無論幼犬的品種，極緻都能幫助提升愛犬的健康。豐富的雞肉蛋白質，符合成犬所需的營養。另外添加了天然抗氧化劑和植物化學物質和天然DHA及EPA，幫助形成細胞膜和保護皮毛。本產品絕不含人工防腐劑，最佳的嗜口性100 %滿意保證 。\r\n\r\n使用新鮮去骨雞肉，乾燥雞肉，新鮮雞肝，新鮮鯡魚，新鮮去骨火雞肉，乾燥火雞肉，新鮮火雞肝，新鮮全蛋，新鮮去骨鼓眼魚，新鮮鮭魚，新鮮雞心，雞軟骨，乾燥鯡魚，乾燥鮭魚，雞肝油，紅扁豆，豌豆，綠扁豆，乾紫花苜蓿，山藥，豌豆纖維，雞豆，南瓜，南冬瓜，波菜，蘿蔔，蘋果，巴梨，蔓越莓，藍莓，乾杏仁，海帶，甘草根，當歸根，胡蘆巴，金盞花，甜茴香，薄荷葉，洋甘菊，蒲公英，夏日香薄荷，迷迭香\r\n\r\n含有蛋白質38%\r\n脂肪20%\r\n纖維5%\r\n鈣1.3%\r\n磷1%\r\nOmega-6 3%\r\nOmega -3 1.1%\r\nDHA0.6%\r\nEPA0.3%\r\n葡萄胺1400 mg/kg\r\n軟骨素1200 mg/kg', 'pro096.jpg', '2023-06-25 16:17:11', '2023-06-25 16:40:02', 1),
('DFFE0019', 'F', 'FE', 4, 'D', '極緻-野牧鮮雞配方(高齡犬)', '極緻高齡犬低卡配方，專為7歲以上的愛狗精心調配，有別於其他一般狗飼料，極緻犬飼料含有高蛋白，低碳水化合物且不含糧食，無論愛犬的品種，極緻都能幫助提升愛犬的健康。豐富的雞肉蛋白質，符合高齡犬所需的營養。另外添加了天然抗氧化劑和植物化學物質和天然DHA及EPA，幫助形成細胞膜和保護皮毛。本產品絕不含人工防腐劑最佳的嗜口性100 %滿意保證 。\r\n\r\n使用新鮮雞肉（13％）、新鮮全蛋（7％）、新鮮火雞肉（7％）、新鮮完整鯡魚（7％）、新鮮雞肝（6％）、新鮮完整比目魚（4％）、新鮮火雞肝（4％）、新鮮雞脖子（4％）、新鮮雞心（4％）、新鮮火雞心（4％）、雞肉（脫水，4％）、火雞肉（脫水，4％）、完整鯖魚（脫水，4％）、完整沙丁魚（脫水，4％）、完整鯡魚（脫水，4％）、完整紅扁豆、完整綠扁豆、完整綠豌豆、扁豆纖維、完整鷹嘴豆、完整黃豌豆、完整花豆、雞軟骨（1％）、完整白豆、鯡魚油（1％）、雞脂肪（1％）, 火雞軟骨（1％）, 雞肝（冷凍乾燥）, 火雞肝（冷凍乾燥）、新鮮完整南瓜、新鮮完整冬南瓜、新鮮完整櫛瓜、新鮮完整防風草、新鮮蘿蔔、新鮮完整五爪蘋果、新鮮完整巴特梨、新鮮甘藍菜、新鮮菠菜、新鮮甜菜、新鮮蘿蔔菜、棕海帶、完整蔓越莓、完整藍莓、完整薩斯卡頓莓、菊苣根、薑黃、水飛薊、牛蒡根、薰衣草、蜀葵根、玫瑰果.\r\n\r\n補充劑(每公斤)：營養添加劑：鋅蛋白：100mg. 畜產添加劑：屎腸球菌 NCIMB10415: 600x10^6 CFU.\r\n\r\n含有粗蛋白質38%\r\n脂肪含量15%\r\n粗灰分8%\r\n粗纖維8%\r\n水份12%\r\n鈣1.3%\r\n磷1.1%\r\nOmega-3 0.9%\r\nOmega-6 2.3%\r\nDHA0.3%\r\nEPA0.2%\r\n葡萄糖胺1400mg/kg\r\n軟骨素1200mg/kg', 'pro098.jpg', '2023-06-25 16:23:21', '2023-06-25 16:23:21', 1),
('DFFE0020', 'F', 'FE', 4, 'D', '極緻-室內挑嘴犬 野牧鮮雞配方', '極緻低卡配方，專為有豐腴體態的愛狗精心調配，有別於其他一般狗飼料，極緻犬飼料含有高蛋白，低碳水化合物且不含糧食，無論幼犬的品種，極緻都能幫助提升愛犬的健康。豐富的雞肉蛋白質，符合高齡犬所需的營養。另外添加了天然抗氧化劑和植物化學物質和天然DHA及EPA，幫助形成細胞膜和保護皮毛。本產品絕不含人工防腐劑最佳的嗜口性 100 %滿意保證 。\r\n使用新鮮雞肉（14％）、新鮮全蛋（6％）、新鮮完整鯡魚（6％）、新鮮火雞肉（6％）、新鮮雞肝（6％）、新鮮完整比目魚（4％）、新鮮完整鯖魚（4％）、新鮮完整太平洋鱈魚（4％）、新鮮火雞肝（4％）、新鮮雞心（4％）、雞肉（脫水, 4％）、火雞肉（脫水，4％）、完整鯖魚（脫水，4％）、完整沙丁魚（脫水，4％）、完整鯡魚（脫水，4％）、阿拉斯加鱈魚（脫水，4％）、扁豆纖維、完整紅扁豆, 完整綠扁豆, 完整綠豌豆, 完整鷹嘴豆, 完整黃豌豆, 完整花豆, 完整白豆, 雞軟骨（脫水，1%）、新鮮火雞心（1％）、蘋果纖維、乾燥海藻（DHA及EPA來源）、南瓜（脫水）、冬南瓜（脫水）、蘿蔔（脫水）、雞肝（冷凍乾燥）、火雞肝（冷凍乾燥）、新鮮完整南瓜、新鮮完整冬南瓜、新鮮完整櫛瓜、新鮮完整防風草、新鮮蘿蔔、新鮮完整五爪蘋果、新鮮完整巴特梨、新鮮甘藍菜、新鮮菠菜、新鮮甜菜、新鮮蘿蔔菜、棕海帶、完整蔓越莓、完整藍莓、完整薩斯卡頓莓、菊苣根、薑黃、水飛薊、牛蒡根、薰衣草、蜀葵根、玫瑰果. \r\n\r\n補充劑(每公斤)：營養添加劑：鋅蛋白：100mg. 畜產添加劑：屎腸球菌 NCIMB10415: 600x10^6 CFU.\r\n\r\n含有粗蛋白質42%\r\n脂肪含量13%\r\n粗灰分8%\r\n粗纖維8%\r\n水份12%\r\n鈣1.4%\r\n磷1.1%\r\nOmega-3 0.9%\r\nOmega-6 2.2%\r\nDHA0.25%\r\nEPA0.15%\r\n葡萄糖胺1000mg/kg\r\n軟骨素900mg/kg\r\n左旋肉鹼33mg/kg', 'pro102.jpg', '2023-06-25 16:28:40', '2023-06-25 16:28:40', 1),
('DFFE0021', 'F', 'FE', 4, 'D', '極緻-六種魚+海藻配方', '極緻成犬(六種鮮魚+海藻)配方，專為1歲以上的愛狗精心調配，有別於其他一般狗飼料，極緻犬飼料含有高蛋白，低碳水化合物且不含糧食，無論幼犬的品種，極緻都能幫助提升愛犬的健康。豐富的魚類蛋白質和DHA，符合高齡犬所需的營養。另外添加了天然抗氧化劑和植物化學物質和天然DHA及EPA，海藻成分幫助形成細胞膜和保護皮毛。本產品絕不含人工防腐劑最佳的嗜口性100 %滿意保證 。\r\n\r\n使用新鮮完整太平洋沙丁魚（18％）、新鮮完整太平洋鯖魚（13％）、新鮮完整太平洋鱈魚（12％）、新鮮完整太平洋比目魚（5％）、新鮮完整岩魚（5％）、新鮮完整蝶魚（5％）、完整鯖魚（脫水, 5％）、完整鯡魚（脫水，5％）、阿拉斯加鱈魚（脫水，4.5％）、完整沙丁魚（脫水，4.5％）、完整藍鱈（脫水，4％）、鯡魚油（4％）、完整紅扁豆、完整綠扁豆、完整綠豌豆、扁豆纖維、完整鷹嘴豆、完整黃豌豆、葵花油（冷壓）、完整花豆、鱈魚肝（冷凍乾燥）、新鮮完整南瓜、新鮮完整冬南瓜、新鮮完整櫛瓜、新鮮完整防風草、新鮮蘿蔔、新鮮完整五爪蘋果、新鮮完整巴特梨、新鮮甘藍菜、新鮮菠菜、新鮮甜菜、新鮮蘿蔔菜、棕海帶、完整蔓越莓、完整藍莓、完整薩斯卡頓莓、菊苣根、薑黃、水飛薊、牛蒡根、薰衣草、蜀葵根、玫瑰果.\r\n\r\n補充劑(每公斤)：營養添加劑：鋅蛋白：100mg; 銅蛋白: 11mg; 畜產添加劑：屎腸球菌 NCIMB10415: 600x10^6 CFU.\r\n\r\n含有粗蛋白質38%\r\n脂肪含量18%\r\n粗灰分8%\r\n粗纖維5%\r\n水份12%\r\n鈣1.5%\r\n磷1.1%\r\nOmega-3 2.2%\r\nOmega-6 2.2%\r\nDHA0.7%\r\nEPA0.5%\r\n葡萄糖胺1250mg/kg\r\n軟骨素1000mg/kg', 'pro106.jpg', '2023-06-25 16:36:11', '2023-06-25 16:36:11', 1),
('DFFE0022', 'F', 'FE', 4, 'D', '極緻-挑嘴幼犬 野牧鮮雞配方', '極緻幼犬配方，專為１歲以下的愛狗精心調配。符合幼犬在大自然下的飲食方式，適合成長中幼犬及長大的年輕犬食用。有別於其他一般狗飼料，極緻犬飼料含有高蛋白，低碳水化合物且不含糧食，採用了80%人類食用高等級的營養肉類、20%新鮮蔬果、0%穀物。無論任何品種的幼犬，極緻都能幫助提升愛犬的免疫力與健康。豐富的雞肉蛋白質，符合幼犬成長所需的營養。另外添加了天然抗氧化劑和植物化學物質和天然DHA及EPA，幫助形成細胞膜和保護皮毛。本產品絕不含人工防腐劑最佳的嗜口性100 %滿意保證 。\r\n\r\n使用新鮮去骨雞肉，乾燥雞肉，新鮮雞肝，新鮮鯡魚，新鮮去骨火雞肉，乾燥火雞肉，新鮮火雞肝，新鮮全蛋，新鮮去骨鼓眼魚，新鮮鮭魚，新鮮雞心，雞軟骨，乾燥鯡魚，乾燥鮭魚，雞肝油，雞肝脂肪，紅扁豆，豌豆，綠扁豆，乾紫花苜蓿，山藥，豌豆纖維，雞豆，南瓜，南冬瓜，波菜，蘿蔔，蘋果，巴梨，蔓越莓，藍莓，乾杏仁，海帶，甘草根，當歸根，胡蘆巴，金盞花，甜茴香，薄荷葉，洋甘菊，蒲公英，夏日香薄荷，迷迭香\r\n\r\n含有蛋白質38%\r\n脂肪20%\r\n纖維5%\r\n鈣1.3%\r\n磷1%\r\nOmega-6 3%\r\nOmega -3 1.2%\r\nDHA0.6%\r\nEPA0.3%\r\n葡萄胺1500 mg/kg\r\n軟骨素1200 mg/kg', 'pro114.jpg', '2023-06-25 16:44:46', '2023-06-25 16:44:46', 1),
('DFFE0023', 'F', 'FE', 7, 'D', '優格-經典系列成犬 毛髮柔亮(羊肉+米)小顆粒', 'Omega3脂肪酸幫助強健細胞，毛髮柔亮\r\n添加蕬蘭精華減少便便臭味\r\n腸益菌/益菌生整腸助消化，營養好吸收\r\n\r\n使用乾燥羊肉，乾燥雞肉，研磨糙米，研磨釀造米，研磨高粱，研磨玉米，雞脂(以混合生育酚保存)，乾燥甜菜根，天然調味料，乾燥鮭魚，食鹽，氯化鉀，乾燥蕃茄粕，藜麥，釀造乾燥酵母，乾燥雞蛋，研磨亞麻仁，維生素(維生素E、菸鹼酸(維生素B3)、硫胺素(維生素B1)、泛酸鈣(維生素B5)、維生素A、鹽酸吡哆醇(維生素B6)、維生素B2、維生素D3、維生素B12、葉酸、生物素)，乾燥番茄，礦物質(硫酸鋅、硫酸鐵、硫酸銅、氧化錳、亞硒酸鈉、碘酸鈣)，氯化膽鹼，乾燥菊苣根(菊苣多醣、果寡糖來源)，鯡魚油(以混合生育酚保存)， DL-甲硫氨酸，絲蘭萃取精華，L-抗壞血酸-2-聚磷酸鹽(維生素C活性來源)， 啤酒酵母萃取物，益生菌(腸球菌，嗜酸乳桿菌，黑麴菌，長枝木黴菌，枯草芽孢桿菌)。\r\n\r\n含有粗蛋白質 最低量 23.00%、粗脂肪 最低量 14.00%、粗纖維 最高量  4.00%、水分 最高量 10.00%、*灰分 最高量  6.50%、鈣 最低量 0.50%、磷 最低量 0.40%、*茄紅素 最低量  8 mg/kg、*Omega3脂肪酸 最低量 0.30%、*Omega6脂肪酸 最低量 1.50%。', 'pro123.jpg', '2023-06-25 19:07:01', '2023-06-25 19:07:01', 1),
('DFFE0024', 'F', 'FE', 7, 'D', '優格-經典系列成犬 高適口性 (雞肉+米)', '左旋肉鹼幫助控制體重，促進代謝\r\n添加蕬蘭精華減少便便臭味\r\n腸益菌/益菌生整腸助消化，營養好吸收\r\n\r\n使用乾燥雞肉，研磨糙米，研磨玉米，雞脂(以混合生育酚保存)，研磨高粱，乾燥甜菜根，天然調味料，乾燥鮭魚，乾燥蕃茄粕，氯化鉀，食鹽，藜麥，乾燥雞蛋，釀造乾燥酵母，研磨亞麻仁，鮭魚油(以混合生育酚保存)，維生素(維生素E)、菸鹼酸(維生素B3)、硫胺素(維生素B1)、泛酸鈣(維生素B5)、維生素A、鹽酸吡哆醇(維生素B6)、維生素B2、維生素D3、維生素B12、葉酸、生物素)，乾燥番茄，礦物質(硫酸鋅、硫酸鐵、硫酸銅、氧化錳、亞硒酸鈉、碘酸鈣)，乾燥菊苣根(菊苣多醣、果寡糖來源)，氯化膽鹼，卵磷脂， DL-甲硫氨酸，蕬蘭萃取精華，L-抗壞血酸-2-聚磷酸鹽(維生素C活性來源)， 左旋肉鹼，肌醇，啤酒酵母萃取物，益生菌(腸球菌，嗜酸乳桿菌，黑麴菌，長枝木黴菌，枯草芽孢桿菌)。\r\n\r\n含有粗蛋白質 最低量 26.00%、粗脂肪 最低量 16.00%、粗纖維 最高量  4.00%、水分 最高量 10.00%、*灰分 最高量 7.50%、鈣 最低量 0.50%、磷 最低量 0.40%、*茄紅素 最低量  8 mg/kg、*Omega3脂肪酸 最低量 0.35%、*Omega6脂肪酸 最低量 2.10%。', 'pro130.jpg', '2023-06-25 19:12:21', '2023-06-25 19:12:21', 1),
('DFFE0025', 'F', 'FE', 7, 'D', '優格-0%零穀 晶亮護毛配方', '特選來自大西洋 5 種冷水魚，是優質Omega 3脂肪酸來源\r\n極致零穀配方，降低易敏毛孩過敏機率\r\n複合型動物性蛋白質提供完整胺基酸與蛋白質\r\n鮮採5種蔬果富含維生素、礦物質與抗氧化物，增強抵抗力\r\n添加腸益菌/益菌生整腸助消化，營養好吸收\r\n\r\n使用濃縮鮭魚，乾豌豆，乾鷹嘴豆，豌豆粉，雞脂(以混合生育酚保存)，勻相化鱒魚，馬鈴薯粉，濃縮油鯡魚，乾燥甜菜根，天然調味料，磷酸氫鈣，濃縮白肉魚，乾燥蕃茄粕，濃縮鯡魚，食鹽，乾燥雞蛋，研磨亞麻籽，啤酒酵母萃取物，鮭魚油(以混合生育酚保存)，碳酸鈣，氯化膽鹼，乾燥菊苣根(菊苣纖維與果寡糖之來源)，維生素(維生素E，維生素A，維生素D3，維生素B12，維生素C，維生素B2，硫胺素(維生素B1)，葉酸，生物素(維生素B7)，鹽酸吡哆醇(維生素B6)，菸鹼酸(維生素B3)，維生素K，胡蘿蔔素，泛酸鈣(維生素B5))，礦物質 (硫酸銅，碘酸鈣，硫酸亞鐵，氧化錳，氧化鋅，亞硒酸鈉，蛋白質螯合銅，蛋白質螯合鐵，蛋白質螯合鋅，蛋白質螯合錳)，DL-甲硫氨酸，絲蘭萃取精華，L-抗壞血酸-2-聚磷酸鹽(維生素C活性來源)，鹽酸鹽葡萄糖胺，左旋肉鹼，軟骨素，肌醇(維生素B8)，嗜酸乳酸桿菌，乾酪乳酸桿菌，比菲德氏菌，腸球F菌。\r\n\r\n具有粗蛋白 (最低量) 27％、粗脂肪 (最低量) 13％、粗纖維 (最高量) 5.5％、水分 (最高量) 10％、灰分 (最高量) 9.5％、Omega 3脂肪酸 (最低量) 0.8％、Omega 6 脂肪酸 (最低量) 2.4％。', 'pro133.jpg', '2023-06-25 19:22:50', '2023-06-25 19:22:50', 1),
('DFFE0026', 'F', 'FE', 7, 'D', '優格-經典系列成犬 骨關節強化 (羊肉+米)大顆粒', '添加葡萄糖胺/軟骨素幫助潤滑關節，維持軟骨組織\r\n大顆粒設計可咀嚼慢食幫助潔牙\r\n腸益菌/益菌生整腸助消化，營養好吸收\r\n\r\n使用乾燥羊肉，乾燥雞肉，研磨糙米，研磨釀造米，研磨高粱，研磨玉米，珍珠大麥，雞脂(以混合生育酚保存)，玉米麩粉，乾燥甜菜根，天然調味料，乾燥鮭魚，食鹽，氯化鉀，乾燥蕃茄粕，藜麥，乾燥雞蛋，釀造乾燥酵母，研磨亞麻仁，維生素(維生素E、菸鹼酸(維生素B3)、硫胺素(維生素B1)、泛酸鈣(維生素B5)、維生素A、鹽酸吡哆醇(維生素B6)、維生素B2、維生素D3、維生素B12、葉酸、生物素)，乾燥番茄，礦物質(硫酸鋅、硫酸鐵、硫酸銅、氧化錳、亞硒酸鈉、碘酸鈣)，氯化膽鹼，乾燥菊苣根(菊苣多醣、果寡糖來源)，鯡魚油(以混合生育酚保存)， DL-甲硫氨酸，絲蘭萃取精華，L-抗壞血酸-2-聚磷酸鹽(維生素C活性來源)， 鹽酸鹽葡萄糖胺，軟骨素，左旋肉鹼，肌醇， 啤酒酵母萃取物，益生菌(腸球菌，嗜酸乳桿菌，黑麴菌，長枝木黴菌，枯草芽孢桿菌)。\r\n\r\n含有粗蛋白質 最低量 23.00%、粗脂肪 最低量 14.00%、粗纖維 最高量 4.00%、水分 最高量 10.00%、*灰分 最高量  7.50%、鈣 最低量 0.50%、磷 最低量 0.40%、*茄紅素 最低量 8 mg/kg、*Omega3脂肪酸 最低量 0.30%、*Omega6脂肪酸 最低量 1.50%、*葡萄糖胺 最低量 210 mg/kg、*軟骨素 最低量 85 mg/kg。\r\n', 'pro137.jpg', '2023-06-25 19:27:23', '2023-06-25 19:27:23', 1),
('DFFE0027', 'F', 'FE', 7, 'D', '優格-0%零穀 敏感配方 (羊肉+鮭魚)', '含Omega 3、Omega 6脂肪酸可使毛髮柔亮\r\n極致零穀配方，降低易敏毛孩過敏機率\r\n複合型動物性蛋白質提供完整胺基酸與蛋白質\r\n鮮採5種蔬果富含維生素、礦物質與抗氧化物，增強抵抗力\r\n添加腸益菌/益菌生整腸助消化，營養好吸收\r\n\r\n使用濃縮羊肉，豌豆粉，乾鷹嘴豆，乾豌豆，馬鈴薯粉，雞脂(以混合生育酚保存)，濃縮雞肉，乾燥甜菜根，天然調味料，豌豆纖維，濃縮鮭魚，鮭魚油(以混合生育酚保存)，乾燥蕃茄粕，食鹽，乾燥雞蛋，研磨亞麻籽，啤酒酵母萃取物，氯化膽鹼，乾燥菊苣根(菊苣纖維與果寡糖之來源)，維生素(維生素E，維生素A，維生素D3，維生素B12，維生素C，維生素B2，硫胺素(維生素B1)，葉酸，生物素(維生素B7)，鹽酸吡哆醇(維生素B6)，菸鹼酸(維生素B3)，維生素K，胡蘿蔔素，泛酸鈣(維生素B5))，礦物質 (硫酸銅，碘酸鈣，硫酸亞鐵，氧化錳，氧化鋅，亞硒酸鈉，蛋白質螯合銅，蛋白質螯合鐵，蛋白質螯合鋅，蛋白質螯合錳)，DL-甲硫氨酸，絲蘭萃取精華，L-抗壞血酸-2-聚磷酸鹽(維生素C活性來源)，鹽酸鹽葡萄糖胺，左旋肉鹼，軟骨素，肌醇(維生素B8)，嗜酸乳酸桿菌，乾酪乳酸桿菌，比菲德氏菌，腸球F菌。\r\n\r\n含有粗蛋白 (最低量) 24％、粗脂肪 (最低量) 12％、粗纖維 (最高量) 7％、水分 (最高量) 10％、灰分 (最高量) 9.5％、Omega 3 脂肪酸 (最低量) 0.4％、Omega 6 脂肪酸 (最低量) 1.9％。\r\n\r\n', 'pro141.jpg', '2023-06-25 19:33:01', '2023-06-25 19:33:01', 1),
('DFFE0028', 'F', 'FE', 7, 'D', '優格-經典系列成幼犬 敏感膚質 (鮭魚+馬鈴薯)', '提供豐富的鈣，滿足全齡，強健骨骼\r\nOmega3脂肪酸幫助強健細胞，毛髮柔亮\r\n腸益菌/益菌生整腸助消化，營養好吸收\r\n\r\n使用乾燥鮭魚，研磨糙米，研磨釀造米，乾燥馬鈴薯，雞脂(以混合生育酚保存)，乾燥甜菜根，天然調味料，鮭魚油(以混合生育酚保存)，碳酸鈣，乾燥蕃茄粕，氯化鉀，藜麥，食鹽，維生素(維生素E、菸鹼酸(維生素B3)、硫胺素(維生素B1)、泛酸鈣(維生素B5)、維生素A、鹽酸吡哆醇(維生素B6)、維生素B2、維生素D3、維生素B12、葉酸、生物素)，乾燥番茄，氯化膽鹼，礦物質(硫酸鋅、硫酸鐵、硫酸銅、氧化錳、亞硒酸鈉、碘酸鈣)，乾燥菊苣根(菊苣多醣、果寡糖來源)， DL-甲硫氨酸，絲蘭萃取精華，L-抗壞血酸-2-聚磷酸鹽(維生素C活性來源)， 左旋肉鹼，肌醇，啤酒酵母萃取物，益生菌(腸球菌，嗜酸乳桿菌，黑麴菌，長枝木黴菌，枯草芽孢桿菌)。\r\n\r\n含有粗蛋白質 最低量 22.00%、粗脂肪 最低量  12.00%、粗纖維 最高量 4.50%、水分 最高量 10.00%、*灰分 最高量  7.00%、鈣 最低量 1.20%、磷 最低量 1.00%、*DHA 最低量  0.30mg/kg、*茄紅素 最低量  8 mg/kg、*Omega3脂肪酸 最低量 0.75%、*Omega6脂肪酸 最低量 2.55%。', 'pro145.jpg', '2023-06-25 19:37:04', '2023-06-25 19:37:04', 1),
('DFFE0029', 'F', 'FE', 7, 'D', '優格-熟齡養生 鮭魚+馬鈴薯配方', '茄紅素/VitE幫助抗氧化，調節免疫力\r\n添加葡萄糖胺/軟骨素幫助潤滑關節，維持軟骨組織\r\nOmega3脂肪酸 / DHA可使毛髮柔亮，增進腦健康\r\n\r\n使用乾燥鮭魚，研磨糙米，研磨釀造米，乾燥馬鈴薯，乾燥甜菜根，天然調味料，雞脂(以混合生育酚保存)，鮭魚油(以混合生育酚保存)，乾燥蕃茄粕，食鹽，氯化鉀，藜麥，維生素(維生素E、菸鹼酸(維生素B3)、硫胺素(維生素B1)、泛酸鈣(維生素B5)、維生素A、鹽酸吡哆醇(維生素B6)、維生素B2、維生素D3、維生素B12、葉酸、生物素)，乾燥番茄，乾燥菊苣根(菊苣多醣、果寡糖來源)，氯化膽鹼，礦物質(硫酸鋅、硫酸鐵、硫酸銅、氧化錳、亞硒酸鈉、碘酸鈣)， DL-甲硫氨酸，碳酸鈣，絲蘭萃取精華，L-抗壞血酸-2-聚磷酸鹽(維生素C活性來源)， 左旋肉鹼，肌醇，啤酒酵母萃取物，益生菌(腸球菌，嗜酸乳桿菌，黑麴菌，長枝木黴菌，枯草芽孢桿菌)。\r\n\r\n含有粗蛋白質 最低量 24.00%、粗脂肪 最低量 10.00%、粗纖維 最高量 4.50%、水分 最高量 10.00%、*灰分 最高量  7.00%、鈣 最低量 0.50%、磷 最低量 0.40%、*茄紅素 最低量  8 mg/kg、*Omega3脂肪酸 最低量 0.75%、*Omega6脂肪酸 最低量 2.55%、*葡萄糖胺 最低量 425 mg/kg、*軟骨素 最低量  125 mg/kg。', 'pro149.jpg', '2023-06-25 19:42:31', '2023-06-25 19:42:31', 1),
('DFFE0030', 'F', 'FE', 7, 'D', '優格-0%零穀 室內成犬 體重管理 雞肉配方(小顆粒)', '低熱量配方讓低活動量的狗狗有效控制體重\r\n極致零穀配方，降低易敏毛孩過敏機率\r\n複合型動物性蛋白質提供完整胺基酸與蛋白質\r\n鮮採5種蔬果富含維生素、礦物質與抗氧化物，增強抵抗力\r\n添加腸益菌/益菌生整腸助消化，營養好吸收\r\n\r\n使用濃縮雞肉，馬鈴薯粉，乾鷹嘴豆，豌豆粉，乾燥甜菜根，豌豆纖維，天然調味料，雞脂(以混合生育酚保存)，乾豌豆，濃縮鮭魚，濃縮火雞肉，鮭魚油(以混合生育酚保存)，食鹽，研磨亞麻籽，啤酒酵母萃取物，乾燥蕃茄粕，氯化膽鹼，乾燥菊苣根(菊苣纖維與果寡糖之來源)，乾燥雞蛋，維生素(維生素E，維生素A，維生素D3，維生素B12，維生素C，維生素B2，硫胺素(維生素B1)，葉酸，生物素(維生素B7)，鹽酸吡哆醇(維生素B6)，菸鹼酸(維生素B3)，維生素K，胡蘿蔔素，泛酸鈣(維生素B5))，礦物質 (硫酸銅，碘酸鈣，硫酸亞鐵，氧化錳，氧化鋅，亞硒酸鈉，蛋白質螯合銅，蛋白質螯合鐵，蛋白質螯合鋅，蛋白質螯合錳)，DL-甲硫氨酸，絲蘭萃取精華，L-抗壞血酸-2-聚磷酸鹽(維生素C活性來源)，鹽酸鹽葡萄糖胺，左旋肉鹼，肌醇(維生素B8)，軟骨素，嗜酸乳酸桿菌，乾酪乳酸桿菌，比菲德氏菌，腸球F菌。 \r\n\r\n含有粗蛋白 (最低量) 24％、粗脂肪 (最低量) 8％、粗纖維 (最高量) 8.5％、水分 (最高量) 10％、灰分 (最高量) 9％、Omega 3 脂肪酸 (最低量) 0.25％、Omega 6 脂肪酸 (最低量) 1.8％。', 'pro152.jpg', '2023-06-25 21:21:33', '2023-06-25 21:21:33', 1),
('DFFE0031', 'F', 'FE', 7, 'D', '優格-經典系列幼犬 聰明成長 (羊肉+米)', '提供豐富的鈣，滿足幼犬生長所需，強健骨骼\r\nDHA可增進腦神經健康\r\n添加腸益菌/益菌生整腸助消化，營養好吸收\r\n\r\n使用乾燥羊肉，乾燥雞肉，研磨糙米，研磨釀造米，玉米麩粉，研磨高梁，研磨玉米，雞脂(以混合生育酚保存)。乾燥甜菜根，天然調味料，乾燥鮭魚，鮭魚油，乾燥蕃茄粕，釀造乾燥酵母，乾燥雞蛋。研磨亞麻仁，氯化鉀，藜麥，食鹽，維生素(維生素E，菸鹼酸(維生素B3)、硫胺素(維生素B1)、泛酸鈣(維生素B5)、維生素A，鹽酸吡哆醇(維生素B6)、維生素B2、維生素D3、維生素B12、葉酸、生物素)，乾燥番茄，礦物質 (硫酸锌、硫酸鐵、硫酸銅、氧化錳、亞硒酸钠、碘酸鈣)，乾燥菊苣根(菊苣多醣、果寡糖來源)，氯化膽鹼，鮭魚油(以混合生育酚保存)， DL-甲硫氨酸，絲蘭萃取精華，L-抗壞血酸-2-聚磷酸鹽(維生素C活性來源)，啤酒酵母萃取物。益生菌(腸球菌，嗜酸乳桿菌，黑麴菌，長枝木徽菌，枯草芽孢桿菌)。\r\n\r\n含有粗蛋白質 最低量 27.00%、粗脂肪 最低量 15.00%、粗纖維 最高量 4.00%、水分 最高量 10.00%、*灰分 最高量  7.50%、鈣 最低量 1.20%、磷 最低量 1.00%、*茄紅素 最低量 8 mg/kg、*Omega3脂肪酸 最低量 0.35%、*Omega6脂肪酸 最低量 1.60%。', 'pro156.jpg', '2023-06-25 21:26:24', '2023-06-25 21:26:24', 1),
('DFFE0032', 'F', 'FE', 7, 'D', '優格-經典系列高齡犬 高纖低脂 (羊肉+米)', '茄紅素 / VitE - 抗氧化，調節免疫力葡萄糖胺 / 軟骨素 - 潤滑關節左旋肉鹼 - 維持良好體態，體重控制\r\n\r\n使用乾燥羊肉，研磨糙米，研磨釀造米，研磨高粱，研磨玉米，乾燥雞肉，乾燥甜菜根，雞脂(以混合生育酚保存)，天然調味料，乾燥鮭魚，纖維素粉，乾燥蕃茄粕，食鹽，氯化鉀，藜麥，乾燥雞蛋，釀造乾燥酵母，研磨亞麻仁，維生素(維生素E、菸鹼酸(維生素B3)、硫胺素(維生素B1)、泛酸鈣(維生素B5)、維生素A、鹽酸吡哆醇(維生素B6)、維生素B2、維生素D3、維生素B12、葉酸、生物素)，乾燥番茄，礦物質(硫酸鋅、硫酸鐵、硫酸銅、氧化錳、亞硒酸鈉、碘酸鈣)，乾燥菊苣根(菊苣多醣、果寡糖來源)，氯化膽鹼，鯡魚油(以混合生育酚保存)， DL-甲硫氨酸，絲蘭萃取精華，L-抗壞血酸-2-聚磷酸鹽(維生素C活性來源)， 鹽酸鹽葡萄糖胺，軟骨素，左旋肉鹼，肌醇，啤酒酵母萃取物，益生菌(腸球菌，嗜酸乳桿菌，黑麴菌，長枝木黴菌，枯草芽孢桿菌)。\r\n\r\n含有粗蛋白質 最低量 21.00%、粗脂肪 最低量 9.00%、粗纖維 最高量 4.50%、水分 最高量 10.00%、*灰分 最高量  7.00%、鈣 最低量 0.50%、磷 最低量 0.40%、*茄紅素 最低量  8 mg/kg、*Omega3脂肪酸 最低量  0.30%、*Omega6脂肪酸 最低量  0.90%、*葡萄糖胺 最低量  425 mg/kg、*軟骨素 最低量 125 mg/kg。', 'pro160.jpg', '2023-06-25 21:34:31', '2023-06-25 21:34:31', 1),
('DFFE0033', 'F', 'FE', 8, 'D', 'PET FOOD-成犬無穀美膚亮毛配方1.8公斤(狗飼料)', '由大成專業團隊精心研發，從#育種 到 #研發\r\n誕生全新機能升級的飼料\r\n給毛孩吃的美味・防護加倍！\r\n從頭到尾・給毛孩全方位呵護 \r\n\r\n✔ 水解低敏胜肽蛋白 \r\n獨家水解技術，打造健康好體質\r\n\r\n✔ 獨家專利複合益生菌 \r\n補充關鍵益菌，維持狗貓腸道平衡\r\n\r\n✔ 優質蛋白質\r\n可溯源鮮蛋，品質安全有保證\r\n\r\n✔ 茄紅素 ✔ 維生素A\r\n延緩愛寵老化，維持好視力\r\n\r\n✔ 高品質魚油 \r\n豐富DHA+維生素Ｄ，維持犬貓心血管健康\r\n\r\n皮膚毛色都亮麗！⠀\r\n我們堅持｜給飼主最安心的四大保證\r\n獨家自有原料，提供精準營養\r\n產地新鮮直送，溯源安全有保證\r\n專家團隊設計，健康全方位呵護\r\n國家認證品檢，為愛寵健康把關\r\n\r\n大成鹿野自由放養土雞、水解低敏胜肽蛋白、北大西洋鱈魚、北海道鯡魚、天然苜蓿、完整豌豆、法國亞麻籽、阿拉斯加深海魚油(使用天然維生素E保存)、澳洲優質牛肉粉、氯化膽鹼、氯化鈉(來自天然海鹽)、精胺酸、DL-蛋胺酸、複合益生菌(Ligilactobacillus salivarius, Lactobacillus reuteri, Bacillus amyloliquefaciens)、&beta;-葡聚糖、大成溯源鮮蛋、卵磷脂、寵物犬專用膳食礦物質(胺基酸螯合鋅、胺基酸螯合鐵、硫酸錳、胺基酸螯合銅、碘酸鉀、亞硒酸鈉)、寵物犬專用綜合維生素(維生素E（&alpha;-生育醇）、維生素B3（菸鹼酸）、維生素 B5（泛酸）、維生素B7（生物素）、維生素B2（核黃素）、維生素B1（噻胺）、維生素B12（氰鈷胺素）、維生素A（視黃醇）、維生素D（膽鈣化醇）、維生素B6（吡哆醇）、維生素K（葉醌）、維生素B9（葉酸）)、南美絲蘭萃取物。 \r\n\r\n含有粗蛋白質31.0%以上 、粗脂肪14.0% 以上、粗纖維5.0%以上、灰分9.0%以下、鈣1.2%以上、磷1.0%以上、水分10%以下、熱量、代謝能(計算值)3500kcal/kg ', 'pro197.jpg', '2023-07-11 21:10:46', '2023-07-11 21:10:46', 1),
('DFFE0034', 'F', 'FE', 8, 'D', 'PET FOOD-熟齡犬無穀低脂活力配方1.8公斤(狗飼料)', '由大成專業團隊精心研發，從#育種 到 #研發\r\n誕生全新機能升級的飼料\r\n給毛孩吃的美味・防護加倍！\r\n\r\n從頭到尾・給毛孩全方位呵護 \r\n\r\n✔ 水解低敏胜肽蛋白 \r\n獨家水解技術，打造健康好體質\r\n\r\n✔ 獨家專利複合益生菌 \r\n補充關鍵益菌，維持狗貓腸道平衡\r\n\r\n✔ 優質蛋白質\r\n可溯源鮮蛋，品質安全有保證\r\n\r\n✔ 茄紅素 ✔ 維生素A\r\n延緩愛寵老化，維持好視力\r\n\r\n\r\n✔ 高品質魚油 \r\n豐富DHA+維生素Ｄ，維持犬貓心血管健康\r\n\r\n皮膚毛色都亮麗！\r\n⠀\r\n我們堅持｜給飼主最安心的四大保證\r\n獨家自有原料，提供精準營養\r\n產地新鮮直送，溯源安全有保證\r\n專家團隊設計，健康全方位呵護\r\n國家認證品檢，為愛寵健康把關\r\n\r\n使用大成鹿野自由放養土雞、水解低脂胜肽蛋白、完整豌豆、天然苜蓿、精選番茄、北大西洋鱈魚、北海道鯡魚、法國亞麻籽、雞肉水解胜肽、氯化鈉(來自天然海鹽)、氯化膽鹼、精胺酸、DL-蛋胺酸、羥丁胺酸、&beta;-葡聚糖、複合益生菌(Ligilactobacillus salivarius, Lactobacillus reuteri, Bacillus amyloliquefaciens)、卵磷脂、大成溯源鮮蛋、寵物犬專用膳食礦物質(胺基酸螯合鋅、胺基酸螯合鐵、硫酸錳、胺基酸螯合銅、碘酸鉀、亞硒酸鈉)、寵物犬專用綜合維生素(維生素E（&alpha;-生育醇）、維生素B3（菸鹼酸）、維生素 B5（泛酸）、維生素B7（生物素）、維生素B2（核黃素）、維生素B1（噻胺）、維生素B12（氰鈷胺素）、維生素A（視黃醇）、維生素D（膽鈣化醇）、維生素B6（吡哆醇）、維生素K（葉醌）、維生素B9（葉酸）)、南美絲蘭萃取物。 \r\n\r\n含有粗蛋白質25.0%以上 、粗脂肪11.0% 以上、粗纖維5.0%以上、灰分7.5%以下、鈣0.8%以上、磷0.5%以上、水分10.0%以下、熱量、代謝能(計算值)3300kcal/kg ', 'pro204.jpg', '2023-07-11 21:31:44', '2023-07-11 21:31:44', 1),
('DFFE0035', 'F', 'FE', 8, 'D', 'PET FOOD-成犬無穀高纖關節配方1.8公斤(狗飼料)', '由大成專業團隊精心研發，從#育種 到 #研發\r\n誕生全新機能升級的飼料\r\n給毛孩吃的美味・防護加倍！\r\n\r\n從頭到尾・給毛孩全方位呵護 \r\n\r\n✔ 水解低敏胜肽蛋白 \r\n獨家水解技術，打造健康好體質\r\n\r\n✔ 獨家專利複合益生菌 \r\n補充關鍵益菌，維持狗貓腸道平衡\r\n\r\n✔ 優質蛋白質\r\n可溯源鮮蛋，品質安全有保證\r\n\r\n✔ 茄紅素 ✔ 維生素A\r\n延緩愛寵老化，維持好視力\r\n\r\n✔ 高品質魚油 \r\n豐富DHA+維生素Ｄ，維持犬貓心血管健康\r\n\r\n皮膚毛色都亮麗！⠀⠀⠀⠀\r\n\r\n我們堅持｜給飼主最安心的四大保證\r\n獨家自有原料，提供精準營養\r\n產地新鮮直送，溯源安全有保證\r\n專家團隊設計，健康全方位呵護\r\n國家認證品檢，為愛寵健康把關\r\n\r\n使用大成鹿野自由放養土雞、水解低敏胜肽蛋白、北大西洋鱈魚、北海道鯡魚、天然苜蓿、完整豌豆、精選番茄、法國亞麻籽、澳洲優質牛肉粉、德國天然纖維、阿拉斯加深海魚油(使用天然維生素E保存)、南歐乳酪(低溫熟成)、氯化膽鹼、氯化鈉(來自天然海鹽)、精胺酸、磷酸一鈣、DL-蛋胺酸、大成溯源鮮蛋、葡萄糖胺、OptiMSM、軟骨粉、II型膠原蛋白 (UC-II&reg;)、雞冠萃取物、卵磷脂、寵物犬專用膳食礦物質(胺基酸螯合鋅、胺基酸螯合鐵、硫酸錳、胺基酸螯合銅、碘酸鉀、亞硒酸鈉)、寵物犬專用綜合維生素(維生素E（&alpha;-生育醇）、維生素B3（菸鹼酸）、維生素 B5（泛酸）、維生素B7（生物素）、維生素B2（核黃素）、維生素B1（噻胺）、維生素B12（氰鈷胺素）、維生素A（視黃醇）、維生素D（膽鈣化醇）、維生素B6（吡哆醇）、維生素K（葉醌）、維生素B9（葉酸）)、南美絲蘭萃取物。 \r\n\r\n含有粗蛋白質31.0%以上 、粗脂肪13.0% 以上、粗纖維5.0%以上、灰分9.0%以下、鈣1.2%以上、磷1.0%以上、水分10%以下、熱量、代謝能(計算值)3500kcal/kg ', 'pro206.jpg', '2023-07-11 21:34:22', '2023-07-11 21:34:22', 1),
('DFFE0036', 'F', 'FE', 8, 'D', 'PET FOOD-成犬無穀低敏腸胃配方1.8公斤(狗飼料)', '由大成專業團隊精心研發，從#育種 到 #研發\r\n誕生全新機能升級的飼料\r\n給毛孩吃的美味・防護加倍！\r\n\r\n從頭到尾・給毛孩全方位呵護 \r\n\r\n✔ 水解低敏胜肽蛋白 \r\n獨家水解技術，打造健康好體質\r\n\r\n✔ 獨家專利複合益生菌 \r\n補充關鍵益菌，維持狗貓腸道平衡\r\n\r\n✔ 優質蛋白質\r\n可溯源鮮蛋，品質安全有保證\r\n\r\n✔ 茄紅素 ✔ 維生素A\r\n延緩愛寵老化，維持好視力\r\n\r\n✔ 高品質魚油 \r\n豐富DHA+維生素Ｄ，維持犬貓心血管健康\r\n\r\n皮膚毛色都亮麗！⠀⠀\r\n\r\n我們堅持｜給飼主最安心的四大保證\r\n獨家自有原料，提供精準營養\r\n產地新鮮直送，溯源安全有保證\r\n專家團隊設計，健康全方位呵護\r\n國家認證品檢，為愛寵健康把關\r\n\r\n使用大成鹿野自由放養土雞、水解低敏胜肽蛋白、北海道鯡魚、北大西洋鱈魚、天然苜蓿、完整豌豆、法國亞麻籽、澳洲優質牛肉粉、阿拉斯加深海魚油(使用天然維生素E保存)、德國天然纖維、氯化膽鹼、氯化鈉(來自天然海鹽)、精胺酸、複合益生菌(Ligilactobacillus salivarius, Lactobacillus reuteri, Bacillus amyloliquefaciens)、&beta;-葡聚糖、DL-蛋胺酸、大成溯源鮮蛋、卵磷脂、寵物犬專用膳食礦物質(胺基酸螯合鋅、胺基酸螯合鐵、硫酸錳、胺基酸螯合銅、碘酸鉀、亞硒酸鈉)、寵物犬專用綜合維生素(維生素E（&alpha;-生育醇）、維生素B3（菸鹼酸）、維生素 B5（泛酸）、維生素B7（生物素）、維生素B2（核黃素）、維生素B1（噻胺）、維生素B12（氰鈷胺素）、維生素A（視黃醇）、維生素D（膽鈣化醇）、維生素B6（吡哆醇）、維生素K（葉醌）、維生素B9（葉酸）)、南美絲蘭萃取物。\r\n\r\n含有粗蛋白質31.0%以上 、粗脂肪14.0% 以上、粗纖維5.0%以上、灰分9.0%以下、鈣1.2%以上、磷1.0%以上、水分10%以下、熱量、代謝能(計算值)3500kcal/kg ', 'pro216.jpg', '2023-07-11 21:52:52', '2023-07-11 21:52:52', 1),
('DFFE0037', 'F', 'FE', 8, 'D', 'PET FOOD-牛奶肉條捲6入(狗零食)', '使用新鮮雞肉、保久乳(牛奶)、澱粉、己二烯酸鉀、海藻糖、亞硝酸鈉、甘油、食用色素\r\n含有水份25%以下、蛋白質65%以上、脂肪3%以下、纖維2%以下\r\n室溫保存，並存放於陰涼乾燥處，避免陽光直射\r\n\r\n保存方法\r\n1.開封前產品若有膨脹、凹陷、破損或異味之情形，不可食用，請撥打公司客服專線。\r\n2.勿當主餐餵食。\r\n3.全齡犬專用，請放在孩童無法拿取處。\r\n4.寵物食用後若有不適，請暫停使用。', 'pro220.jpg', '2023-07-11 21:59:55', '2023-07-11 21:59:55', 1),
('DFSN0001', 'F', 'SN', 8, 'D', 'PET FOOD-軟Q干貝雞肉絲80克(狗零食)', '使用新鮮雞肉、干貝、己二烯酸鉀、海藻糖、亞硝酸鈉、甘油、山梨醇液、香料、天然色素\r\n含有水份25%以下、蛋白質65%以上、脂肪3%以下、纖維2%以下\r\n室溫保存，並存放於陰涼乾燥處，避免陽光直射\r\n\r\n保存方法\r\n1.開封前產品若有膨脹、凹陷、破損或異味之情形，不可食用，請撥打公司客服專線。\r\n2.勿當主餐餵食。\r\n3.全齡犬專用，請放在孩童無法拿取處。\r\n4.寵物食用後若有不適，請暫停使用。', 'pro184.jpg', '2023-07-11 20:39:02', '2023-07-11 20:53:36', 1);
INSERT INTO `shop_product` (`product_sid`, `category_sid`, `category_detail_sid`, `supplier_sid`, `for_pet_type`, `name`, `description`, `img`, `shelf_date`, `update_date`, `shelf_status`) VALUES
('DFSN0002', 'F', 'SN', 8, 'D', 'PET FOOD-手做牛肉條80克(狗零食)', '使用新鮮雞肉、牛肉粉、澱粉、己二烯酸鉀、海藻糖、亞硝酸鈉、甘油、香料、食用色素、焦糖色素\r\n含有水份20%以下、蛋白質50%以下、脂肪3%以下、纖維2%以下\r\n室溫保存，並存放於陰涼乾燥處，避免陽光直射\r\n\r\n保存方法\r\n1.開封前產品若有膨脹、凹陷、破損或異味之情形，不可食用，請撥打公司客服專線。\r\n2.勿當主餐餵食。\r\n3.全齡犬專用，請放在孩童無法拿取處。\r\n4.寵物食用後若有不適，請暫停使用。', 'pro186.jpg', '2023-07-11 20:46:13', '2023-07-11 20:52:33', 1),
('DFSN0003', 'F', 'SN', 8, 'D', 'PET FOOD-耐咬雞柳條80克(狗零食)', '使用新鮮雞肉、己二烯酸鉀、海藻糖、亞硝酸鈉、甘油、山梨純液、香料、天然色素\r\n含有:水份25%以下、蛋白質65%以上、脂肪3%以下、纖維2%以下\r\n室溫保存，並存放於陰涼乾燥處，避免陽光直射\r\n\r\n注意事項\r\n1.開封前產品若有膨脹、凹陷、破損或異味之情形，不可食用，請撥打公司客服專線。\r\n2.勿當主餐餵食。\r\n3.全齡犬專用，請放在孩童無法拿取處。\r\n4.寵物食用後若有不適，請暫停使用。', 'pro187.jpg', '2023-07-11 20:51:30', '2023-07-11 20:51:30', 1),
('DFSN0004', 'F', 'SN', 8, 'D', 'PET FOOD-雞肉手捲80克(狗零食)', '使用新鮮雞肉、己二烯酸鉀、海藻糖、亞硝酸鈉、甘油、山梨純液、香料、天然色素\r\n含有水份25%以下、蛋白質65%以上、脂肪3%以下、纖維2%以下\r\n室溫保存，並存放於陰涼乾燥處，避免陽光直射\r\n\r\n保存方法\r\n1.開封前產品若有膨脹、凹陷、破損或異味之情形，不可食用，請撥打公司客服專線。\r\n2.勿當主餐餵食。\r\n3.全齡犬專用，請放在孩童無法拿取處。\r\n4.寵物食用後若有不適，請暫停使用。', 'pro189.jpg', '2023-07-11 20:56:04', '2023-07-11 20:56:04', 1),
('DFSN0005', 'F', 'SN', 8, 'D', 'PET FOOD -做羊肉條80克(狗零食)', '使用新鮮雞肉、羊肉粉、澱粉、己二烯酸鉀、海藻糖、亞硝酸鈉、甘油、香料、焦糖色素、食用色素\r\n含有水份20%以下、蛋白質50%以下、脂肪3%以下、纖維2%以下\r\n室溫保存，並存放於陰涼乾燥處，避免陽光直射\r\n\r\n保存方法\r\n1.開封前產品若有膨脹、凹陷、破損或異味之情形，不可食用，請撥打公司客服專線。\r\n2.勿當主餐餵食。\r\n3.全齡犬專用，請放在孩童無法拿取處。\r\n4.寵物食用後若有不適，請暫停使用。', 'pro191.jpg', '2023-07-11 21:01:46', '2023-07-11 21:01:46', 1),
('DFSN0006', 'F', 'SN', 8, 'D', 'PET FOOD-雞肉鱈魚絲80克(狗零食)', '使用新鮮雞肉、澱粉、鱈魚片、己二烯酸鉀、海藻糖、亞硝酸鈉、甘油、香料、膠體、天然色素\r\n含有水份20%以下、蛋白質50%以下、脂肪3%以下、纖維2%以下\r\n室溫保存，並存放於陰涼乾燥處，避免陽光直射\r\n\r\n保存方法\r\n1.開封前產品若有膨脹、凹陷、破損或異味之情形，不可食用，請撥打公司客服專線。\r\n2.勿當主餐餵食。\r\n3.全齡犬專用，請放在孩童無法拿取處。\r\n4.寵物食用後若有不適，請暫停使用。', 'pro193.jpg', '2023-07-11 21:04:34', '2023-07-11 21:04:34', 1),
('DFSN0007', 'F', 'SN', 8, 'D', 'PET FOOD-耐咬雞胸肉條80克(狗零食)', '使用新鮮雞肉、己二烯酸鉀、海藻糖、亞硝酸鈉、甘油、山梨純液、香料、天然色素\r\n含有水份25%以下、蛋白質65%以上、脂肪3%以下、纖維2%以下\r\n室溫保存，並存放於陰涼乾燥處，避免陽光直射\r\n\r\n注意事項\r\n1.開封前產品若有膨脹、凹陷、破損或異味之情形，不可食用，請撥打公司客服專線。\r\n2.勿當主餐餵食。\r\n3.全齡犬專用，請放在孩童無法拿取處。\r\n4.寵物食用後若有不適，請暫停使用。', 'pro195.jpg', '2023-07-11 21:06:52', '2023-07-11 21:06:52', 1),
('DFSN0008', 'F', 'SN', 8, 'D', 'PET FOOD-一口鮮嫩雞肉乾80克(狗零食)', '安心雞肉、溯源管理\r\n手工製作、低溫烘乾\r\n天然/純，頂級/鮮\r\n\r\n使用新鮮雞肉、維生素E、甘油\r\n含有蛋白質65%以下、脂肪3% 以下、纖維2%以下、水分25%以下 ', 'pro201.jpg', '2023-07-11 21:28:29', '2023-07-11 21:28:29', 1),
('DFSN0009', 'F', 'SN', 8, 'D', 'PET FOOD-雞肉甜甜圈80克(狗零食)', '使用新鮮雞肉、澱粉、己二烯酸鉀、海藻糖、亞硝酸鈉、甘油、山梨純液、香料、天然色素、膠體\r\n\r\n含有水份25%以下、蛋白質55%以下、脂肪3%以下、纖維2%以下\r\n室溫保存，並存放於陰涼乾燥處，避免陽光直射\r\n\r\n保存方法\r\n1.開封前產品若有膨脹、凹陷、破損或異味之情形，不可食用，請撥打公司客服專線。\r\n2.勿當主餐餵食。\r\n3.全齡犬專用，請放在孩童無法拿取處。\r\n4.寵物食用後若有不適，請暫停使用。', 'pro207.jpg', '2023-07-11 21:37:00', '2023-07-11 21:37:00', 1),
('DFSN0010', 'F', 'SN', 8, 'D', 'PET FOOD-芝麻方塊酥80克(狗零食)', '使用新鮮雞肉、芝麻、己二烯酸鉀、海藻糖、亞硝酸鈉、甘油、山梨醇液、香料、天然色素\r\n含有水份25%以下、蛋白質65%以上、脂肪3%以下、纖維2%以下\r\n室溫保存，並存放於陰涼乾燥處，避免陽光直射\r\n\r\n保存方法\r\n1.開封前產品若有膨脹、凹陷、破損或異味之情形，不可食用，請撥打公司客服專線。\r\n2.勿當主餐餵食。\r\n3.全齡犬專用，請放在孩童無法拿取處。\r\n4.寵物食用後若有不適，請暫停使用。', 'pro222.jpg', '2023-07-11 22:03:50', '2023-07-11 22:03:50', 1),
('DFSN0011', 'F', 'SN', 8, 'D', 'PET FOOD-雞胗80克(狗零食)', '使用新鮮雞肉、羊肉粉、澱粉、己二烯酸鉀、海藻糖、亞硝酸鈉、甘油、香料、焦糖色素、食用色素\r\n含有水份20%以下、蛋白質50%以下、脂肪3%以下、纖維2%以下\r\n室溫保存，並存放於陰涼乾燥處，避免陽光直射\r\n\r\n保存方法\r\n1.開封前產品若有膨脹、凹陷、破損或異味之情形，不可食用，請撥打公司客服專線。\r\n2.勿當主餐餵食。\r\n3.全齡犬專用，請放在孩童無法拿取處。\r\n4.寵物食用後若有不適，請暫停使用。\r\n', 'pro224.jpg', '2023-07-11 22:06:30', '2023-07-11 22:06:30', 1);

-- --------------------------------------------------------

--
-- Table structure for table `shop_product_detail`
--

CREATE TABLE `shop_product_detail` (
  `product_detail_sid` varchar(255) NOT NULL COMMENT '品項編號',
  `product_sid` varchar(255) NOT NULL COMMENT '產品編號',
  `name` varchar(255) NOT NULL COMMENT '品項名稱',
  `price` int(11) NOT NULL COMMENT '產品價格',
  `qty` int(11) NOT NULL COMMENT '產品數量',
  `img` varchar(255) DEFAULT NULL COMMENT '品項照片名稱',
  `for_age` int(11) NOT NULL COMMENT '適用年齡(001幼年/ 002成年/ 003高齡/ 004全齡)'
) ENGINE=InnoDB DEFAULT CHARSET=utf8mb4;

--
-- Dumping data for table `shop_product_detail`
--

INSERT INTO `shop_product_detail` (`product_detail_sid`, `product_sid`, `name`, `price`, `qty`, `img`, `for_age`) VALUES
('01', 'BFHE0001', '60g', 539, 300, 'pro199.jpg', 4),
('01', 'BFHE0002', '60g', 469, 300, '', 4),
('01', 'BFHE0003', '60g', 469, 300, '', 4),
('01', 'BFHE0004', '60g', 539, 300, 'pro212.jpg', 4),
('01', 'BFHE0005', '60g', 809, 300, 'pro215.jpg', 4),
('01', 'BFHE0006', '60g', 469, 300, '', 4),
('01', 'BFHE0007', '60g', 469, 300, '', 4),
('01', 'CFCA0001', '雞肉+蔬菜+0.1kg', 78, 300, '', 4),
('01', 'CFCA0002', '豬肉+0.2kg', 105, 300, '', 2),
('01', 'CFCA0003', '雞肉+0.2kg', 120, 300, '', 4),
('01', 'CFCA0004', '雞肉+蔬菜+0.1kg', 79, 300, '', 4),
('01', 'CFCA0005', '鮪魚+蔬菜+0.1kg', 78, 300, '', 3),
('01', 'CFCA0006', '雞肉+鮪魚+80g', 36, 300, 'pro166.jpg', 4),
('01', 'CFCA0007', '雞肉+蝦子+80g', 36, 300, 'pro168.jpg', 4),
('01', 'CFCA0008', '雞肉+鵪鶉蛋+80g', 36, 300, 'pro169.jpg', 4),
('01', 'CFCA0009', '鮮魚+80g', 36, 300, 'pro171.jpg', 4),
('01', 'CFCA0010', '雞肉+鮪魚+80g', 36, 300, 'pro173.jpg', 4),
('01', 'CFCA0011', '吻仔魚+80g', 59, 300, '', 4),
('01', 'CFCA0012', '膠原奶魚觀五鮮+80g', 59, 300, '', 4),
('01', 'CFCA0013', '嫩汁鹿野雞+80g', 49, 300, '', 4),
('01', 'CFCA0014', '雙鱻鹿野雞+80g', 59, 300, '', 4),
('01', 'CFCA0015', '鮮鮪茄紅雞+80g', 59, 300, '', 4),
('01', 'CFCA0016', '袐制海陸鮮+80g', 49, 300, '', 4),
('01', 'CFFE0001', '雞肉+1.81kg', 950, 300, '', 4),
('01', 'CFFE0002', '雞肉+魚油+4.0kg', 3380, 300, '', 4),
('01', 'CFFE0003', '雞肉+魚油+6.0kg', 2780, 300, 'pro003.jpg', 4),
('01', 'CFFE0004', '雞肉+魚油+3.8kg', 2090, 300, '', 4),
('01', 'CFFE0005', '雞肉+1.81kg', 950, 300, '', 4),
('01', 'CFFE0006', '海魚+3.8kg', 1880, 300, '', 4),
('01', 'CFFE0007', '雞肉+1.59kg', 495, 300, 'pro063.jpg', 1),
('01', 'CFFE0008', '雞肉+4.0kg', 495, 300, 'pro064.jpg', 1),
('01', 'CFFE0009', '雞肉+1.59kg', 743, 300, 'pro067.jpg', 2),
('01', 'CFFE0010', '雞肉+米+1.59kg', 699, 300, 'pro069.jpg', 2),
('01', 'CFFE0011', '雞肉+1.59kg', 699, 300, 'pro071.jpg', 2),
('01', 'CFFE0012', '雞肉+4.0kg', 818, 300, 'pro074.jpg', 2),
('01', 'CFFE0013', '雞肉+1.59kg', 790, 300, 'pro077.jpg', 2),
('01', 'CFFE0014', '雞肉+1.36kg', 773, 300, 'pro081.jpg', 2),
('01', 'CFFE0015', '雞肉+4.0kg', 1433, 300, 'pro084.jpg', 2),
('01', 'CFFE0016', '雞肉+1.59kg', 790, 300, 'pro088.jpg', 3),
('01', 'CFFE0017', '雞肉+米+1.36kg', 773, 300, 'pro089.jpg', 3),
('01', 'CFFE0018', '雞肉+1.5kg', 698, 300, 'pro094.jpg', 3),
('01', 'CFFE0019', '無穀+1.0kg', 1150, 300, 'pro120.jpg', 2),
('01', 'CFFE0020', '無穀+1.8kg', 699, 300, 'pro227.jpg', 4),
('01', 'CFFE0021', '無穀+1.8kg', 699, 300, 'pro235.jpg', 4),
('01', 'CFFE0022', '無穀+1.8kg', 699, 300, 'pro237.jpg', 4),
('01', 'DFCA0001', '雞肉+蛋+100g', 36, 300, 'pro175.jpg', 4),
('01', 'DFCA0002', '牛肉+蔬菜+100g', 36, 300, 'pro178.jpg', 4),
('01', 'DFCA0003', '羊肉+鮭魚+蔬菜+100g', 36, 300, 'pro180.jpg', 4),
('01', 'DFCA0004', '羊肉+100g', 36, 300, 'pro182.jpg', 4),
('01', 'DFFE0001', '雞肉+大麥+2.04kg', 572, 300, 'pro015.jpg', 1),
('01', 'DFFE0002', '羊肉+糙米+12kg', 2775, 300, 'pro019.jpg', 1),
('01', 'DFFE0003', '雞肉+大麥+3.0kg', 825, 300, 'pro021.jpg', 1),
('01', 'DFFE0004', '雞肉+大麥+糙米 +1.5kg', 638, 300, 'pro023.jpg', 1),
('01', 'DFFE0005', '雞肉+小麥+燕麥+15kg', 3000, 300, 'pro026.jpg', 1),
('01', 'DFFE0006', '雞肉+1.81kg', 646, 300, 'pro028.jpg', 2),
('01', 'DFFE0007', '雞肉+1.81kg', 840, 200, 'pro031.jpg', 2),
('01', 'DFFE0008', '雞肉+大麥+6.8kg', 1620, 300, 'pro033.jpg', 2),
('01', 'DFFE0009', '羊肉+糙米+3.0kg', 1013, 300, 'pro037.jpg', 2),
('01', 'DFFE0010', '雞肉+1.81kg', 840, 300, 'pro040.jpg', 2),
('01', 'DFFE0011', '雞肉+大麥+糙米 +2.0kg', 668, 300, 'pro045.jpg', 3),
('01', 'DFFE0012', '雞肉+米+1.5kg', 638, 300, 'pro047.jpg', 2),
('01', 'DFFE0013', '雞肉+大麥+糙米 +1.5kg', 590, 300, 'pro050.jpg', 3),
('01', 'DFFE0014', '羊肉+糙米+3.0kg', 1013, 300, 'pro053.jpg', 2),
('01', 'DFFE0015', '雞肉+米+1.58kg', 803, 300, 'pro056.jpg', 3),
('01', 'DFFE0016', '雞肉+米+1.58kg', 803, 300, 'pro059.jpg', 3),
('01', 'DFFE0017', '雞肉+大麥+15kg', 3000, 300, 'pro061.jpg', 2),
('01', 'DFFE0018', '雞肉+1.0kg', 950, 300, 'pro097.jpg', 2),
('01', 'DFFE0019', '雞肉+2.0kg', 1170, 300, 'pro100.jpg', 3),
('01', 'DFFE0020', '雞肉+2.0kg', 1092, 300, 'pro103.jpg', 2),
('01', 'DFFE0021', '鮮魚+海藻+1.0kg', 702, 300, 'pro108.jpg', 2),
('01', 'DFFE0022', '雞肉+1.0kg', 618, 300, 'pro116.jpg', 1),
('01', 'DFFE0023', '羊肉+米+1.5kg', 540, 300, 'pro125.jpg', 2),
('01', 'DFFE0024', '雞肉+米+1.5kg', 540, 300, 'pro128.jpg', 2),
('01', 'DFFE0025', '無穀+1.13kg', 560, 300, 'pro135.jpg', 2),
('01', 'DFFE0026', '羊肉+米+3.0kg', 900, 300, 'pro139.jpg', 2),
('01', 'DFFE0027', '羊肉+鮭魚+1.13kg', 387, 300, 'pro144.jpg', 2),
('01', 'DFFE0028', '鮭魚+馬鈴薯+1.5kg', 456, 300, 'pro147.jpg', 2),
('01', 'DFFE0029', '鮭魚+馬鈴薯+1.5kg', 456, 300, 'pro150.jpg', 3),
('01', 'DFFE0030', '雞肉+1.13kg', 387, 300, 'pro154.jpg', 2),
('01', 'DFFE0031', '羊肉+米+1.5kg', 373, 300, 'pro158.jpg', 1),
('01', 'DFFE0032', '羊肉+米+1.5kg', 373, 300, 'pro164.jpg', 3),
('01', 'DFFE0033', '無穀+1.8kg', 569, 300, 'pro198.jpg', 2),
('01', 'DFFE0034', '無穀+1.8kg', 569, 300, 'pro203.jpg', 3),
('01', 'DFFE0035', '無穀+1.8kg', 569, 300, 'pro205.jpg', 2),
('01', 'DFFE0036', '無穀+1.8kg', 569, 300, 'pro217.jpg', 2),
('01', 'DFFE0037', '牛奶肉捲', 149, 300, 'pro221.jpg', 4),
('01', 'DFSN0001', '干貝+雞肉+80g', 149, 300, 'pro183.jpg', 4),
('01', 'DFSN0002', '牛肉+80g', 149, 300, 'pro185.jpg', 4),
('01', 'DFSN0003', '雞柳條+80g', 149, 300, 'pro188.jpg', 4),
('01', 'DFSN0004', '雞肉+80g', 149, 300, 'pro190.jpg', 4),
('01', 'DFSN0005', '羊肉+80g', 149, 300, 'pro192.jpg', 4),
('01', 'DFSN0006', '雞肉+鱈魚+80g', 149, 300, 'pro194.jpg', 4),
('01', 'DFSN0007', '雞肉+80g', 149, 300, 'pro196.jpg', 4),
('01', 'DFSN0008', '雞肉+80g', 149, 300, 'pro202.jpg', 4),
('01', 'DFSN0009', '雞肉+80g', 149, 300, 'pro208.jpg', 4),
('01', 'DFSN0010', '雞肉+芝麻+80g', 149, 300, 'pro223.jpg', 4),
('01', 'DFSN0011', '雞胗+80g', 149, 300, 'pro225.jpg', 4),
('02', 'CFFE0003', '雞肉+魚油+3.8kg', 1990, 300, 'pro007.jpg', 4),
('02', 'CFFE0006', '海魚+1.81kg', 1090, 300, '', 4),
('02', 'CFFE0009', '雞肉+7.03kg', 2303, 300, 'pro066.jpg', 2),
('02', 'CFFE0011', '雞肉+7.03kg', 2565, 300, 'pro072.jpg', 2),
('02', 'CFFE0013', '雞肉+3.17kg', 1290, 300, 'pro078.jpg', 2),
('02', 'CFFE0014', '雞肉+6.8kg', 2400, 300, 'pro080.jpg', 2),
('02', 'CFFE0015', '雞肉+10kg', 2865, 300, 'pro082.jpg', 2),
('02', 'CFFE0016', '雞肉+3.17kg', 1290, 300, 'pro085.jpg', 3),
('02', 'CFFE0017', '雞肉+米+5.89kg', 2138, 300, 'pro091.jpg', 3),
('02', 'CFFE0018', '雞肉+3.5kg', 1260, 300, 'pro093.jpg', 3),
('02', 'CFFE0019', '無穀+1.8kg', 1235, 300, 'pro121.jpg', 2),
('02', 'DFFE0001', '雞肉+大麥+7.03kg', 1875, 300, 'pro016.jpg', 1),
('02', 'DFFE0004', '雞肉+大麥+糙米 +7.03kg', 2100, 300, 'pro024.jpg', 1),
('02', 'DFFE0007', '雞肉+6.8kg', 2100, 200, 'pro030.jpg', 2),
('02', 'DFFE0008', '雞肉+大麥+12kg', 2573, 300, 'pro034.jpg', 2),
('02', 'DFFE0009', '羊肉+糙米+7.03kg', 1875, 300, 'pro038.jpg', 2),
('02', 'DFFE0010', '雞肉+6.8kg', 2100, 300, 'pro039.jpg', 2),
('02', 'DFFE0011', '雞肉+大麥+糙米 +6.8kg', 1620, 300, 'pro043.jpg', 3),
('02', 'DFFE0012', '雞肉+米+7.03kg', 2100, 300, 'pro048.jpg', 2),
('02', 'DFFE0013', '雞肉+大麥+糙米 +7.03kg', 1960, 300, 'pro051.jpg', 3),
('02', 'DFFE0014', '羊肉+糙米+7.03kg', 1875, 300, 'pro054.jpg', 2),
('02', 'DFFE0015', '雞肉+米+9.75kg', 2775, 300, 'pro057.jpg', 3),
('02', 'DFFE0018', '雞肉+2.0kg', 1099, 300, 'pro111.jpg', 2),
('02', 'DFFE0019', '雞肉+6.0kg', 2275, 300, 'pro101.jpg', 3),
('02', 'DFFE0020', '雞肉+6.0kg', 2275, 300, 'pro105.jpg', 2),
('02', 'DFFE0021', '鮮魚+海藻+2.0kg', 1203, 300, 'pro110.jpg', 2),
('02', 'DFFE0022', '雞肉+2.0kg', 1079, 300, 'pro115.jpg', 1),
('02', 'DFFE0023', '羊肉+米+3.0kg', 900, 300, 'pro126.jpg', 2),
('02', 'DFFE0024', '雞肉+米+3.0kg', 900, 300, 'pro129.jpg', 2),
('02', 'DFFE0025', '無穀+2.49kg', 1000, 300, 'pro136.jpg', 2),
('02', 'DFFE0026', '羊肉+米+7.0kg', 1635, 300, 'pro138.jpg', 2),
('02', 'DFFE0027', '羊肉+鮭魚+2.49kg', 690, 300, 'pro142.jpg', 2),
('02', 'DFFE0028', '鮭魚+馬鈴薯+3.0kg', 732, 300, 'pro148.jpg', 2),
('02', 'DFFE0029', '鮭魚+馬鈴薯+7.0kg', 999, 300, 'pro151.jpg', 3),
('02', 'DFFE0030', '雞肉+2.49kg', 690, 300, 'pro155.jpg', 2),
('02', 'DFFE0031', '羊肉+米+3.0kg', 589, 300, 'pro157.jpg', 1),
('02', 'DFFE0032', '羊肉+米+2.5kg', 621, 300, 'pro163.jpg', 3),
('03', 'CFFE0003', '雞肉+魚油+1.5kg', 850, 300, 'pro008.jpg', 4),
('03', 'CFFE0013', '雞肉+7.03kg', 2400, 300, 'pro076.jpg', 2),
('03', 'CFFE0016', '雞肉+7.03kg', 2400, 300, 'pro087.jpg', 3),
('03', 'CFFE0018', '雞肉+10kg', 2865, 300, 'pro095.jpg', 3),
('03', 'CFFE0019', '無穀+5.4kg', 2763, 300, 'pro122.jpg', 2),
('03', 'DFFE0001', '雞肉+大麥+12kg', 2573, 300, 'pro017.jpg', 1),
('03', 'DFFE0009', '羊肉+糙米+12kg', 2775, 300, 'pro036.jpg', 2),
('03', 'DFFE0011', '雞肉+大麥+糙米 +12kg', 2573, 300, 'pro044.jpg', 3),
('03', 'DFFE0018', '雞肉+6.0kg', 2275, 300, 'pro112.jpg', 2),
('03', 'DFFE0019', '雞肉+11.4kg', 3900, 300, 'pro099.jpg', 3),
('03', 'DFFE0020', '雞肉+11.4kg', 3998, 300, 'pro104.jpg', 2),
('03', 'DFFE0021', '鮮魚+海藻+6.0kg', 2503, 300, 'pro107.jpg', 2),
('03', 'DFFE0022', '雞肉+6.0kg', 2275, 300, 'pro117.jpg', 1),
('03', 'DFFE0023', '羊肉+米+7.0kg', 1635, 300, 'pro124.jpg', 2),
('03', 'DFFE0024', '雞肉+米+7.0kg', 1635, 300, 'pro131.jpg', 2),
('03', 'DFFE0025', '無穀+6.8kg', 2150, 300, 'pro134.jpg', 2),
('03', 'DFFE0026', '羊肉+米+13.6kg', 2730, 300, 'pro140.jpg', 2),
('03', 'DFFE0027', '羊肉+鮭魚+6.8kg', 1613, 300, 'pro143.jpg', 2),
('03', 'DFFE0028', '鮭魚+馬鈴薯+7.0kg', 1512, 300, 'pro146.jpg', 2),
('03', 'DFFE0030', '雞肉+6.8kg', 1613, 300, 'pro153.jpg', 2),
('03', 'DFFE0031', '羊肉+米+7.0kg', 1227, 300, 'pro159.jpg', 1),
('03', 'DFFE0032', '羊肉+米+7.0kg', 1227, 300, 'pro162.jpg', 3),
('04', 'DFFE0018', '雞肉+11.4kg', 3900, 300, 'pro113.jpg', 2),
('04', 'DFFE0021', '鮮魚+海藻+11.4kg', 4225, 300, 'pro109.jpg', 2),
('04', 'DFFE0022', '雞肉+11.4kg', 3900, 300, 'pro118.jpg', 1),
('04', 'DFFE0023', '羊肉+米+13.6kg', 2730, 300, 'pro127.jpg', 2),
('04', 'DFFE0024', '雞肉+米+13.6kg', 2730, 300, 'pro132.jpg', 2),
('04', 'DFFE0032', '羊肉+米+13.6kg', 2048, 300, 'pro161.jpg', 3);

-- --------------------------------------------------------

--
-- Table structure for table `shop_product_specific`
--

CREATE TABLE `shop_product_specific` (
  `product_sid` varchar(255) NOT NULL COMMENT '產品編號',
  `product_detail_sid` varchar(255) NOT NULL COMMENT '品項編號',
  `specific_sid` int(11) NOT NULL COMMENT '規格大類編號',
  `specific_detail_sid` int(11) NOT NULL COMMENT '規格個別編號'
) ENGINE=InnoDB DEFAULT CHARSET=utf8mb4;

--
-- Dumping data for table `shop_product_specific`
--

INSERT INTO `shop_product_specific` (`product_sid`, `product_detail_sid`, `specific_sid`, `specific_detail_sid`) VALUES
('BFHE0001', '01', 5, 44),
('BFHE0002', '01', 5, 44),
('BFHE0003', '01', 5, 44),
('BFHE0004', '01', 5, 44),
('BFHE0005', '01', 5, 44),
('BFHE0006', '01', 5, 44),
('BFHE0007', '01', 5, 44),
('CFCA0001', '01', 4, 21),
('CFCA0001', '01', 5, 15),
('CFCA0002', '01', 4, 2),
('CFCA0002', '01', 5, 9),
('CFCA0003', '01', 4, 3),
('CFCA0003', '01', 5, 9),
('CFCA0004', '01', 4, 21),
('CFCA0004', '01', 5, 15),
('CFCA0005', '01', 4, 22),
('CFCA0005', '01', 5, 15),
('CFCA0006', '01', 4, 10),
('CFCA0006', '01', 5, 42),
('CFCA0007', '01', 4, 33),
('CFCA0007', '01', 5, 42),
('CFCA0008', '01', 4, 34),
('CFCA0008', '01', 5, 42),
('CFCA0009', '01', 4, 35),
('CFCA0009', '01', 5, 42),
('CFCA0010', '01', 4, 10),
('CFCA0010', '01', 5, 42),
('CFCA0011', '01', 4, 45),
('CFCA0011', '01', 5, 42),
('CFCA0012', '01', 4, 46),
('CFCA0012', '01', 5, 42),
('CFCA0013', '01', 4, 48),
('CFCA0013', '01', 5, 42),
('CFCA0014', '01', 4, 49),
('CFCA0014', '01', 5, 42),
('CFCA0015', '01', 4, 47),
('CFCA0015', '01', 5, 42),
('CFCA0016', '01', 4, 50),
('CFCA0016', '01', 5, 42),
('CFFE0001', '01', 4, 3),
('CFFE0001', '01', 5, 18),
('CFFE0002', '01', 4, 19),
('CFFE0002', '01', 5, 22),
('CFFE0003', '01', 4, 19),
('CFFE0003', '01', 5, 19),
('CFFE0003', '02', 4, 19),
('CFFE0003', '02', 5, 23),
('CFFE0003', '03', 4, 19),
('CFFE0003', '03', 5, 1),
('CFFE0004', '01', 4, 19),
('CFFE0004', '01', 5, 23),
('CFFE0005', '01', 4, 3),
('CFFE0005', '01', 5, 18),
('CFFE0006', '01', 4, 20),
('CFFE0006', '01', 5, 23),
('CFFE0006', '02', 4, 20),
('CFFE0006', '02', 5, 18),
('CFFE0007', '01', 4, 3),
('CFFE0007', '01', 5, 31),
('CFFE0008', '01', 4, 3),
('CFFE0008', '01', 5, 5),
('CFFE0009', '01', 4, 3),
('CFFE0009', '01', 5, 31),
('CFFE0009', '02', 4, 3),
('CFFE0009', '02', 5, 28),
('CFFE0010', '01', 4, 27),
('CFFE0010', '01', 5, 31),
('CFFE0011', '01', 4, 3),
('CFFE0011', '01', 5, 31),
('CFFE0011', '02', 4, 3),
('CFFE0011', '02', 5, 28),
('CFFE0012', '01', 4, 3),
('CFFE0012', '01', 5, 31),
('CFFE0013', '01', 4, 3),
('CFFE0013', '01', 5, 31),
('CFFE0013', '02', 4, 3),
('CFFE0013', '02', 5, 32),
('CFFE0013', '03', 4, 3),
('CFFE0013', '03', 5, 28),
('CFFE0014', '01', 4, 3),
('CFFE0014', '01', 5, 33),
('CFFE0014', '02', 4, 3),
('CFFE0014', '02', 5, 26),
('CFFE0015', '01', 4, 3),
('CFFE0015', '01', 5, 5),
('CFFE0015', '02', 4, 3),
('CFFE0015', '02', 5, 34),
('CFFE0016', '01', 4, 3),
('CFFE0016', '01', 5, 31),
('CFFE0016', '02', 4, 3),
('CFFE0016', '02', 5, 32),
('CFFE0016', '03', 4, 3),
('CFFE0016', '03', 5, 28),
('CFFE0017', '01', 4, 27),
('CFFE0017', '01', 5, 33),
('CFFE0017', '02', 4, 27),
('CFFE0017', '02', 5, 35),
('CFFE0018', '01', 4, 3),
('CFFE0018', '01', 5, 1),
('CFFE0018', '02', 4, 3),
('CFFE0018', '02', 5, 36),
('CFFE0018', '03', 4, 3),
('CFFE0018', '03', 5, 34),
('CFFE0019', '01', 4, 29),
('CFFE0019', '01', 5, 21),
('CFFE0019', '02', 4, 29),
('CFFE0019', '02', 5, 37),
('CFFE0019', '03', 4, 29),
('CFFE0019', '03', 5, 38),
('CFFE0020', '01', 4, 29),
('CFFE0020', '01', 5, 37),
('CFFE0021', '01', 4, 29),
('CFFE0021', '01', 5, 37),
('CFFE0022', '01', 4, 29),
('CFFE0022', '01', 5, 37),
('DFCA0001', '01', 4, 36),
('DFCA0001', '01', 5, 43),
('DFCA0002', '01', 4, 37),
('DFCA0002', '01', 5, 43),
('DFCA0003', '01', 4, 38),
('DFCA0003', '01', 5, 43),
('DFCA0004', '01', 4, 4),
('DFCA0004', '01', 5, 43),
('DFFE0001', '01', 4, 23),
('DFFE0001', '01', 5, 27),
('DFFE0001', '02', 4, 23),
('DFFE0001', '02', 5, 28),
('DFFE0001', '03', 4, 23),
('DFFE0001', '03', 5, 24),
('DFFE0002', '01', 4, 24),
('DFFE0002', '01', 5, 24),
('DFFE0003', '01', 4, 23),
('DFFE0003', '01', 5, 4),
('DFFE0004', '01', 4, 26),
('DFFE0004', '01', 5, 1),
('DFFE0004', '02', 4, 26),
('DFFE0004', '02', 5, 28),
('DFFE0005', '01', 4, 25),
('DFFE0005', '01', 5, 25),
('DFFE0006', '01', 4, 3),
('DFFE0006', '01', 5, 18),
('DFFE0007', '01', 4, 3),
('DFFE0007', '01', 5, 18),
('DFFE0007', '02', 4, 3),
('DFFE0007', '02', 5, 26),
('DFFE0008', '01', 4, 23),
('DFFE0008', '01', 5, 26),
('DFFE0008', '02', 4, 23),
('DFFE0008', '02', 5, 24),
('DFFE0009', '01', 4, 24),
('DFFE0009', '01', 5, 4),
('DFFE0009', '02', 4, 24),
('DFFE0009', '02', 5, 28),
('DFFE0009', '03', 4, 24),
('DFFE0009', '03', 5, 24),
('DFFE0010', '01', 4, 3),
('DFFE0010', '01', 5, 18),
('DFFE0010', '02', 4, 3),
('DFFE0010', '02', 5, 26),
('DFFE0011', '01', 4, 26),
('DFFE0011', '01', 5, 2),
('DFFE0011', '02', 4, 26),
('DFFE0011', '02', 5, 26),
('DFFE0011', '03', 4, 26),
('DFFE0011', '03', 5, 24),
('DFFE0012', '01', 4, 27),
('DFFE0012', '01', 5, 1),
('DFFE0012', '02', 4, 27),
('DFFE0012', '02', 5, 28),
('DFFE0013', '01', 4, 26),
('DFFE0013', '01', 5, 1),
('DFFE0013', '02', 4, 26),
('DFFE0013', '02', 5, 28),
('DFFE0014', '01', 4, 24),
('DFFE0014', '01', 5, 4),
('DFFE0014', '02', 4, 24),
('DFFE0014', '02', 5, 28),
('DFFE0015', '01', 4, 27),
('DFFE0015', '01', 5, 29),
('DFFE0015', '02', 4, 27),
('DFFE0015', '02', 5, 30),
('DFFE0016', '01', 4, 27),
('DFFE0016', '01', 5, 29),
('DFFE0017', '01', 4, 23),
('DFFE0017', '01', 5, 25),
('DFFE0018', '01', 4, 3),
('DFFE0018', '01', 5, 21),
('DFFE0018', '02', 4, 3),
('DFFE0018', '02', 5, 2),
('DFFE0018', '03', 4, 3),
('DFFE0018', '03', 5, 19),
('DFFE0018', '04', 4, 3),
('DFFE0018', '04', 5, 20),
('DFFE0019', '01', 4, 3),
('DFFE0019', '01', 5, 2),
('DFFE0019', '02', 4, 3),
('DFFE0019', '02', 5, 19),
('DFFE0019', '03', 4, 3),
('DFFE0019', '03', 5, 20),
('DFFE0020', '01', 4, 3),
('DFFE0020', '01', 5, 2),
('DFFE0020', '02', 4, 3),
('DFFE0020', '02', 5, 19),
('DFFE0020', '03', 4, 3),
('DFFE0020', '03', 5, 20),
('DFFE0021', '01', 4, 28),
('DFFE0021', '01', 5, 21),
('DFFE0021', '02', 4, 28),
('DFFE0021', '02', 5, 2),
('DFFE0021', '03', 4, 28),
('DFFE0021', '03', 5, 19),
('DFFE0021', '04', 4, 28),
('DFFE0021', '04', 5, 20),
('DFFE0022', '01', 4, 3),
('DFFE0022', '01', 5, 21),
('DFFE0022', '02', 4, 3),
('DFFE0022', '02', 5, 2),
('DFFE0022', '03', 4, 3),
('DFFE0022', '03', 5, 19),
('DFFE0022', '04', 4, 3),
('DFFE0022', '04', 5, 20),
('DFFE0023', '01', 4, 30),
('DFFE0023', '01', 5, 1),
('DFFE0023', '02', 4, 30),
('DFFE0023', '02', 5, 4),
('DFFE0023', '03', 4, 30),
('DFFE0023', '03', 5, 6),
('DFFE0023', '04', 4, 30),
('DFFE0023', '04', 5, 39),
('DFFE0024', '01', 4, 27),
('DFFE0024', '01', 5, 1),
('DFFE0024', '02', 4, 27),
('DFFE0024', '02', 5, 4),
('DFFE0024', '03', 4, 27),
('DFFE0024', '03', 5, 6),
('DFFE0024', '04', 4, 27),
('DFFE0024', '04', 5, 39),
('DFFE0025', '01', 4, 29),
('DFFE0025', '01', 5, 40),
('DFFE0025', '02', 4, 29),
('DFFE0025', '02', 5, 41),
('DFFE0025', '03', 4, 29),
('DFFE0025', '03', 5, 26),
('DFFE0026', '01', 4, 30),
('DFFE0026', '01', 5, 4),
('DFFE0026', '02', 4, 30),
('DFFE0026', '02', 5, 6),
('DFFE0026', '03', 4, 30),
('DFFE0026', '03', 5, 39),
('DFFE0027', '01', 4, 31),
('DFFE0027', '01', 5, 40),
('DFFE0027', '02', 4, 31),
('DFFE0027', '02', 5, 41),
('DFFE0027', '03', 4, 31),
('DFFE0027', '03', 5, 26),
('DFFE0028', '01', 4, 32),
('DFFE0028', '01', 5, 1),
('DFFE0028', '02', 4, 32),
('DFFE0028', '02', 5, 4),
('DFFE0028', '03', 4, 32),
('DFFE0028', '03', 5, 6),
('DFFE0029', '01', 4, 32),
('DFFE0029', '01', 5, 1),
('DFFE0029', '02', 4, 32),
('DFFE0029', '02', 5, 6),
('DFFE0030', '01', 4, 3),
('DFFE0030', '01', 5, 40),
('DFFE0030', '02', 4, 3),
('DFFE0030', '02', 5, 41),
('DFFE0030', '03', 4, 3),
('DFFE0030', '03', 5, 26),
('DFFE0031', '01', 4, 30),
('DFFE0031', '01', 5, 1),
('DFFE0031', '02', 4, 30),
('DFFE0031', '02', 5, 4),
('DFFE0031', '03', 4, 30),
('DFFE0031', '03', 5, 6),
('DFFE0032', '01', 4, 30),
('DFFE0032', '01', 5, 1),
('DFFE0032', '02', 4, 30),
('DFFE0032', '02', 5, 4),
('DFFE0032', '03', 4, 30),
('DFFE0032', '03', 5, 6),
('DFFE0032', '04', 4, 30),
('DFFE0032', '04', 5, 39),
('DFFE0033', '01', 4, 29),
('DFFE0033', '01', 5, 37),
('DFFE0034', '01', 4, 29),
('DFFE0034', '01', 5, 37),
('DFFE0035', '01', 4, 29),
('DFFE0035', '01', 5, 37),
('DFFE0036', '01', 4, 29),
('DFFE0036', '01', 5, 37),
('DFFE0037', '01', 4, 42),
('DFSN0001', '01', 4, 39),
('DFSN0001', '01', 5, 42),
('DFSN0002', '01', 4, 1),
('DFSN0002', '01', 5, 42),
('DFSN0003', '01', 4, 40),
('DFSN0003', '01', 5, 42),
('DFSN0004', '01', 4, 3),
('DFSN0004', '01', 5, 42),
('DFSN0005', '01', 4, 4),
('DFSN0005', '01', 5, 42),
('DFSN0006', '01', 4, 41),
('DFSN0006', '01', 5, 42),
('DFSN0007', '01', 4, 3),
('DFSN0007', '01', 5, 42),
('DFSN0008', '01', 4, 3),
('DFSN0008', '01', 5, 42),
('DFSN0009', '01', 4, 3),
('DFSN0009', '01', 5, 42),
('DFSN0010', '01', 4, 43),
('DFSN0010', '01', 5, 42),
('DFSN0011', '01', 4, 44),
('DFSN0011', '01', 5, 42);

-- --------------------------------------------------------

--
-- Table structure for table `shop_specific`
--

CREATE TABLE `shop_specific` (
  `specific_sid` int(11) NOT NULL COMMENT '規格大類編號',
  `specific_detail_sid` int(11) NOT NULL COMMENT '規格個別編號',
  `name` varchar(255) NOT NULL COMMENT '規格大類別',
  `detail_name` varchar(255) NOT NULL COMMENT '各規格明細'
) ENGINE=InnoDB DEFAULT CHARSET=utf8mb4;

--
-- Dumping data for table `shop_specific`
--

INSERT INTO `shop_specific` (`specific_sid`, `specific_detail_sid`, `name`, `detail_name`) VALUES
(1, 1, '尺寸', 'XS'),
(1, 2, '尺寸', 'S'),
(1, 3, '尺寸', 'M'),
(1, 4, '尺寸', 'L'),
(1, 5, '尺寸', 'XL'),
(1, 6, '尺寸', '2XL'),
(1, 7, '尺寸', '3XL'),
(1, 8, '尺寸', '4XL'),
(2, 1, '容量', '220ml'),
(2, 2, '容量', '520ml'),
(2, 3, '容量', '500ml'),
(3, 1, '顏色', '紅色'),
(3, 2, '顏色', '粉色'),
(3, 3, '顏色', '紫色'),
(3, 4, '顏色', '天空藍'),
(3, 5, '顏色', '深藍色'),
(3, 6, '顏色', '灰色'),
(3, 7, '顏色', '綠色'),
(3, 8, '顏色', '黑色'),
(3, 9, '顏色', '白色'),
(4, 1, '成分', '牛肉'),
(4, 2, '成分', '豬肉'),
(4, 3, '成分', '雞肉'),
(4, 4, '成分', '羊肉'),
(4, 5, '成分', '鮭魚'),
(4, 6, '成分', '干貝'),
(4, 7, '成分', '鮪魚'),
(4, 8, '成分', '雞肉+羊奶'),
(4, 9, '成分', '蝦'),
(4, 10, '成分', '雞肉+鮪魚'),
(4, 11, '成分', '鯡魚'),
(4, 12, '成分', '鮪魚+蝦子'),
(4, 13, '成分', '鮪魚+蟹肉'),
(4, 14, '成分', '鮪魚+魷魚'),
(4, 15, '成分', '鮭魚'),
(4, 16, '成分', '鱈魚'),
(4, 17, '成分', '魚油'),
(4, 18, '成分', '沙丁魚'),
(4, 19, '成分', '雞肉+魚油'),
(4, 20, '成分', '海魚'),
(4, 21, '成分', '雞肉+蔬菜'),
(4, 22, '成分', '鮪魚+蔬菜'),
(4, 23, '成分', '雞肉+大麥'),
(4, 24, '成分', '羊肉+糙米'),
(4, 25, '成分', '雞肉+小麥+燕麥'),
(4, 26, '成分', '雞肉+大麥+糙米 '),
(4, 27, '成分', '雞肉+米'),
(4, 28, '成分', '鮮魚+海藻'),
(4, 29, '成分', '無穀'),
(4, 30, '成分', '羊肉+米'),
(4, 31, '成分', '羊肉+鮭魚'),
(4, 32, '成分', '鮭魚+馬鈴薯'),
(4, 33, '成分', '雞肉+蝦子'),
(4, 34, '成分', '雞肉+鵪鶉蛋'),
(4, 35, '成分', '鮮魚'),
(4, 36, '成分', '雞肉+蛋'),
(4, 37, '成分', '牛肉+蔬菜'),
(4, 38, '成分', '羊肉+鮭魚+蔬菜'),
(4, 39, '成分', '干貝+雞肉'),
(4, 40, '成分', '雞柳條'),
(4, 41, '成分', '雞肉+鱈魚'),
(4, 42, '成分', '牛奶肉條'),
(4, 43, '成分', '雞肉+芝麻'),
(4, 44, '成分', '雞胗'),
(4, 45, '成分', '吻仔魚'),
(4, 46, '成分', '奶魚觀五鮮'),
(4, 47, '成分', '鮮鮪茄紅雞'),
(4, 48, '成分', '嫩汁鹿野雞'),
(4, 49, '成分', '雙鱻鹿野雞'),
(4, 50, '成分', '袐制海陸鮮'),
(5, 1, '重量', '1.5kg'),
(5, 2, '重量', '2.0kg'),
(5, 3, '重量', '2.5kg'),
(5, 4, '重量', '3.0kg'),
(5, 5, '重量', '4.0kg'),
(5, 6, '重量', '7.0kg'),
(5, 7, '重量', '16kg'),
(5, 8, '重量', '32kg'),
(5, 9, '重量', '0.2kg'),
(5, 10, '重量', '0.4kg'),
(5, 11, '重量', '0.6kg'),
(5, 12, '重量', '0.5kg'),
(5, 13, '重量', '0.7kg'),
(5, 14, '重量', '0.8kg'),
(5, 15, '重量', '0.1kg'),
(5, 16, '重量', '0.3kg'),
(5, 17, '重量', '4.5kg'),
(5, 18, '重量', '1.81kg'),
(5, 19, '重量', '6.0kg'),
(5, 20, '重量', '11.4kg'),
(5, 21, '重量', '1.0kg'),
(5, 22, '重量', '8.0kg'),
(5, 23, '重量', '3.8kg'),
(5, 24, '重量', '12kg'),
(5, 25, '重量', '15kg'),
(5, 26, '重量', '6.8kg'),
(5, 27, '重量', '2.04kg'),
(5, 28, '重量', '7.03kg'),
(5, 29, '重量', '1.58kg'),
(5, 30, '重量', '9.75kg'),
(5, 31, '重量', '1.59kg'),
(5, 32, '重量', '3.17kg'),
(5, 33, '重量', '1.36kg'),
(5, 34, '重量', '10kg'),
(5, 35, '重量', '5.89kg'),
(5, 36, '重量', '3.5kg'),
(5, 37, '重量', '1.8kg'),
(5, 38, '重量', '5.4kg'),
(5, 39, '重量', '13.6kg'),
(5, 40, '重量', '1.13kg'),
(5, 41, '重量', '2.49kg'),
(5, 42, '重量', '80g'),
(5, 43, '重量', '100g'),
(5, 44, '重量', '60g'),
(6, 1, '材質', '毛絨'),
(6, 2, '材質', '塑膠'),
(6, 3, '材質', '羊絨+PP棉填充');

-- --------------------------------------------------------

--
-- Table structure for table `shop_supplier`
--

CREATE TABLE `shop_supplier` (
  `supplier_sid` int(11) NOT NULL COMMENT '供應商編號',
  `name` varchar(255) NOT NULL COMMENT '品牌',
  `made_in_where` varchar(255) NOT NULL COMMENT '產地',
  `img` varchar(255) NOT NULL COMMENT '供應商照片'
) ENGINE=InnoDB DEFAULT CHARSET=utf8mb4;

--
-- Dumping data for table `shop_supplier`
--

INSERT INTO `shop_supplier` (`supplier_sid`, `name`, `made_in_where`, `img`) VALUES
(1, 'Hills 希爾思', '美國', 'sup01.jpg'),
(4, 'Orijen極緻', '加拿大', 'sup02.jpg'),
(7, 'Toma-pro 優格', '美國', 'sup03.jpg'),
(8, 'GoMo Pet Food', '台灣', 'sup04.jpg');

--
-- Indexes for dumped tables
--

--
-- Indexes for table `activity_feature`
--
ALTER TABLE `activity_feature`
  ADD PRIMARY KEY (`activity_feature_sid`);

--
-- Indexes for table `activity_feature_with_info`
--
ALTER TABLE `activity_feature_with_info`
  ADD PRIMARY KEY (`activity_sid`,`activity_feature_sid`);

--
-- Indexes for table `activity_group`
--
ALTER TABLE `activity_group`
  ADD PRIMARY KEY (`activity_group_sid`);

--
-- Indexes for table `activity_info`
--
ALTER TABLE `activity_info`
  ADD PRIMARY KEY (`activity_sid`);

--
-- Indexes for table `activity_like`
--
ALTER TABLE `activity_like`
  ADD PRIMARY KEY (`activity_like_sid`);

--
-- Indexes for table `activity_pic`
--
ALTER TABLE `activity_pic`
  ADD PRIMARY KEY (`activity_pic_sid`);

--
-- Indexes for table `activity_rating`
--
ALTER TABLE `activity_rating`
  ADD PRIMARY KEY (`activity_rating_sid`);

--
-- Indexes for table `activity_type`
--
ALTER TABLE `activity_type`
  ADD PRIMARY KEY (`activity_type_sid`);

--
-- Indexes for table `activity_vote`
--
ALTER TABLE `activity_vote`
  ADD PRIMARY KEY (`activity_vote_sid`);

--
-- Indexes for table `activity_wish`
--
ALTER TABLE `activity_wish`
  ADD PRIMARY KEY (`activity_wish_sid`);

--
-- Indexes for table `member_address`
--
ALTER TABLE `member_address`
  ADD PRIMARY KEY (`address_sid`);

--
-- Indexes for table `member_coupon_category`
--
ALTER TABLE `member_coupon_category`
  ADD PRIMARY KEY (`coupon_sid`);

--
-- Indexes for table `member_coupon_send`
--
ALTER TABLE `member_coupon_send`
  ADD PRIMARY KEY (`coupon_send_sid`);

--
-- Indexes for table `member_info`
--
ALTER TABLE `member_info`
  ADD PRIMARY KEY (`member_sid`);

--
-- Indexes for table `member_pwd_token`
--
ALTER TABLE `member_pwd_token`
  ADD PRIMARY KEY (`member_sid`);

--
-- Indexes for table `member_signin_game`
--
ALTER TABLE `member_signin_game`
  ADD PRIMARY KEY (`signin_sid`);

--
-- Indexes for table `order`
--
ALTER TABLE `order`
  ADD PRIMARY KEY (`order_sid`);

--
-- Indexes for table `order_cart`
--
ALTER TABLE `order_cart`
  ADD PRIMARY KEY (`cart_sid`);

--
-- Indexes for table `order_details`
--
ALTER TABLE `order_details`
  ADD PRIMARY KEY (`order_detail_sid`);

--
-- Indexes for table `post_board`
--
ALTER TABLE `post_board`
  ADD PRIMARY KEY (`board_sid`);

--
-- Indexes for table `post_comment`
--
ALTER TABLE `post_comment`
  ADD PRIMARY KEY (`comment_sid`);

--
-- Indexes for table `post_favlist`
--
ALTER TABLE `post_favlist`
  ADD PRIMARY KEY (`post_sid`,`member_sid`);

--
-- Indexes for table `post_file`
--
ALTER TABLE `post_file`
  ADD PRIMARY KEY (`file_sid`);

--
-- Indexes for table `post_follow`
--
ALTER TABLE `post_follow`
  ADD PRIMARY KEY (`board_sid`,`member_sid`);

--
-- Indexes for table `post_hashtag`
--
ALTER TABLE `post_hashtag`
  ADD PRIMARY KEY (`hashtag_sid`);

--
-- Indexes for table `post_like`
--
ALTER TABLE `post_like`
  ADD PRIMARY KEY (`post_sid`,`member_sid`);

--
-- Indexes for table `post_list_member`
--
ALTER TABLE `post_list_member`
  ADD PRIMARY KEY (`post_sid`);

--
-- Indexes for table `post_pet`
--
ALTER TABLE `post_pet`
  ADD PRIMARY KEY (`pet_sid`);

--
-- Indexes for table `post_share`
--
ALTER TABLE `post_share`
  ADD PRIMARY KEY (`share_sid`);

--
-- Indexes for table `post_view`
--
ALTER TABLE `post_view`
  ADD PRIMARY KEY (`browse_sid`);

--
-- Indexes for table `restaurant_activity`
--
ALTER TABLE `restaurant_activity`
  ADD PRIMARY KEY (`act_sid`);

--
-- Indexes for table `restaurant_associated_category`
--
ALTER TABLE `restaurant_associated_category`
  ADD PRIMARY KEY (`category_sid`,`rest_sid`);

--
-- Indexes for table `restaurant_associated_rule`
--
ALTER TABLE `restaurant_associated_rule`
  ADD PRIMARY KEY (`rule_sid`,`rest_sid`);

--
-- Indexes for table `restaurant_associated_service`
--
ALTER TABLE `restaurant_associated_service`
  ADD PRIMARY KEY (`service_sid`,`rest_sid`);

--
-- Indexes for table `restaurant_booking`
--
ALTER TABLE `restaurant_booking`
  ADD PRIMARY KEY (`booking_sid`);

--
-- Indexes for table `restaurant_category`
--
ALTER TABLE `restaurant_category`
  ADD PRIMARY KEY (`category_sid`);

--
-- Indexes for table `restaurant_img`
--
ALTER TABLE `restaurant_img`
  ADD PRIMARY KEY (`img_sid`);

--
-- Indexes for table `restaurant_information`
--
ALTER TABLE `restaurant_information`
  ADD PRIMARY KEY (`rest_sid`);

--
-- Indexes for table `restaurant_like`
--
ALTER TABLE `restaurant_like`
  ADD PRIMARY KEY (`rest_sid`,`member_sid`);

--
-- Indexes for table `restaurant_menu`
--
ALTER TABLE `restaurant_menu`
  ADD PRIMARY KEY (`menu_sid`);

--
-- Indexes for table `restaurant_period of time`
--
ALTER TABLE `restaurant_period of time`
  ADD PRIMARY KEY (`section_sid`);

--
-- Indexes for table `restaurant_rating`
--
ALTER TABLE `restaurant_rating`
  ADD PRIMARY KEY (`rest_commtent_id`);

--
-- Indexes for table `restaurant_rule`
--
ALTER TABLE `restaurant_rule`
  ADD PRIMARY KEY (`rule_sid`);

--
-- Indexes for table `restaurant_service`
--
ALTER TABLE `restaurant_service`
  ADD PRIMARY KEY (`service_sid`);

--
-- Indexes for table `shop_category`
--
ALTER TABLE `shop_category`
  ADD PRIMARY KEY (`category_sid`,`category_detail_sid`) USING BTREE;

--
-- Indexes for table `shop_comment`
--
ALTER TABLE `shop_comment`
  ADD PRIMARY KEY (`product_comment_sid`);

--
-- Indexes for table `shop_like`
--
ALTER TABLE `shop_like`
  ADD UNIQUE KEY `like` (`member_sid`,`product_sid`);

--
-- Indexes for table `shop_product`
--
ALTER TABLE `shop_product`
  ADD PRIMARY KEY (`product_sid`);

--
-- Indexes for table `shop_product_detail`
--
ALTER TABLE `shop_product_detail`
  ADD PRIMARY KEY (`product_detail_sid`,`product_sid`) USING BTREE;

--
-- Indexes for table `shop_product_specific`
--
ALTER TABLE `shop_product_specific`
  ADD PRIMARY KEY (`product_sid`,`product_detail_sid`,`specific_sid`,`specific_detail_sid`) USING BTREE;

--
-- Indexes for table `shop_specific`
--
ALTER TABLE `shop_specific`
  ADD PRIMARY KEY (`specific_sid`,`specific_detail_sid`) USING BTREE;

--
-- Indexes for table `shop_supplier`
--
ALTER TABLE `shop_supplier`
  ADD PRIMARY KEY (`supplier_sid`);

--
-- AUTO_INCREMENT for dumped tables
--

--
-- AUTO_INCREMENT for table `activity_feature`
--
ALTER TABLE `activity_feature`
  MODIFY `activity_feature_sid` int(11) NOT NULL AUTO_INCREMENT;

--
-- AUTO_INCREMENT for table `activity_group`
--
ALTER TABLE `activity_group`
  MODIFY `activity_group_sid` int(11) NOT NULL AUTO_INCREMENT, AUTO_INCREMENT=38;

--
-- AUTO_INCREMENT for table `activity_info`
--
ALTER TABLE `activity_info`
  MODIFY `activity_sid` int(11) NOT NULL AUTO_INCREMENT, AUTO_INCREMENT=7;

--
-- AUTO_INCREMENT for table `activity_like`
--
ALTER TABLE `activity_like`
  MODIFY `activity_like_sid` int(11) NOT NULL AUTO_INCREMENT;

--
-- AUTO_INCREMENT for table `activity_pic`
--
ALTER TABLE `activity_pic`
  MODIFY `activity_pic_sid` int(11) NOT NULL AUTO_INCREMENT;

--
-- AUTO_INCREMENT for table `activity_rating`
--
ALTER TABLE `activity_rating`
  MODIFY `activity_rating_sid` int(11) NOT NULL AUTO_INCREMENT;

--
-- AUTO_INCREMENT for table `activity_type`
--
ALTER TABLE `activity_type`
  MODIFY `activity_type_sid` int(11) NOT NULL AUTO_INCREMENT;

--
-- AUTO_INCREMENT for table `activity_vote`
--
ALTER TABLE `activity_vote`
  MODIFY `activity_vote_sid` int(11) NOT NULL AUTO_INCREMENT;

--
-- AUTO_INCREMENT for table `activity_wish`
--
ALTER TABLE `activity_wish`
  MODIFY `activity_wish_sid` int(11) NOT NULL AUTO_INCREMENT;

--
-- AUTO_INCREMENT for table `member_address`
--
ALTER TABLE `member_address`
  MODIFY `address_sid` int(11) NOT NULL AUTO_INCREMENT;

--
-- AUTO_INCREMENT for table `member_coupon_send`
--
ALTER TABLE `member_coupon_send`
  MODIFY `coupon_send_sid` int(11) NOT NULL AUTO_INCREMENT, AUTO_INCREMENT=2289;

--
-- AUTO_INCREMENT for table `member_signin_game`
--
ALTER TABLE `member_signin_game`
  MODIFY `signin_sid` int(11) NOT NULL AUTO_INCREMENT;

--
-- AUTO_INCREMENT for table `order_cart`
--
ALTER TABLE `order_cart`
  MODIFY `cart_sid` int(11) NOT NULL AUTO_INCREMENT COMMENT '購物車流水號', AUTO_INCREMENT=2239;

--
-- AUTO_INCREMENT for table `order_details`
--
ALTER TABLE `order_details`
  MODIFY `order_detail_sid` int(11) NOT NULL AUTO_INCREMENT COMMENT '訂單明細序號', AUTO_INCREMENT=63;

--
-- AUTO_INCREMENT for table `post_board`
--
ALTER TABLE `post_board`
  MODIFY `board_sid` int(11) NOT NULL AUTO_INCREMENT COMMENT '看板編號', AUTO_INCREMENT=26;

--
-- AUTO_INCREMENT for table `post_comment`
--
ALTER TABLE `post_comment`
  MODIFY `comment_sid` int(11) NOT NULL AUTO_INCREMENT COMMENT '留言編號';

--
-- AUTO_INCREMENT for table `post_file`
--
ALTER TABLE `post_file`
  MODIFY `file_sid` int(11) NOT NULL AUTO_INCREMENT COMMENT '相片/影片', AUTO_INCREMENT=146;

--
-- AUTO_INCREMENT for table `post_hashtag`
--
ALTER TABLE `post_hashtag`
  MODIFY `hashtag_sid` int(11) NOT NULL AUTO_INCREMENT COMMENT '話題編號';

--
-- AUTO_INCREMENT for table `post_list_member`
--
ALTER TABLE `post_list_member`
  MODIFY `post_sid` int(11) NOT NULL AUTO_INCREMENT COMMENT '文章編號', AUTO_INCREMENT=29;

--
-- AUTO_INCREMENT for table `post_pet`
--
ALTER TABLE `post_pet`
  MODIFY `pet_sid` int(11) NOT NULL AUTO_INCREMENT COMMENT '毛孩編號';

--
-- AUTO_INCREMENT for table `post_share`
--
ALTER TABLE `post_share`
  MODIFY `share_sid` int(11) NOT NULL AUTO_INCREMENT COMMENT '分享編號';

--
-- AUTO_INCREMENT for table `post_view`
--
ALTER TABLE `post_view`
  MODIFY `browse_sid` int(11) NOT NULL AUTO_INCREMENT COMMENT '瀏覽編號';

--
-- AUTO_INCREMENT for table `restaurant_activity`
--
ALTER TABLE `restaurant_activity`
  MODIFY `act_sid` int(11) NOT NULL AUTO_INCREMENT COMMENT '活動編號';

--
-- AUTO_INCREMENT for table `restaurant_booking`
--
ALTER TABLE `restaurant_booking`
  MODIFY `booking_sid` int(11) NOT NULL AUTO_INCREMENT COMMENT '預約編號';

--
-- AUTO_INCREMENT for table `restaurant_category`
--
ALTER TABLE `restaurant_category`
  MODIFY `category_sid` int(11) NOT NULL AUTO_INCREMENT, AUTO_INCREMENT=13;

--
-- AUTO_INCREMENT for table `restaurant_img`
--
ALTER TABLE `restaurant_img`
  MODIFY `img_sid` int(11) NOT NULL AUTO_INCREMENT COMMENT '照片編號';

--
-- AUTO_INCREMENT for table `restaurant_information`
--
ALTER TABLE `restaurant_information`
  MODIFY `rest_sid` int(11) NOT NULL AUTO_INCREMENT COMMENT '餐廳編號', AUTO_INCREMENT=25;

--
-- AUTO_INCREMENT for table `restaurant_menu`
--
ALTER TABLE `restaurant_menu`
  MODIFY `menu_sid` int(11) NOT NULL AUTO_INCREMENT COMMENT '菜單編號', AUTO_INCREMENT=31;

--
-- AUTO_INCREMENT for table `restaurant_period of time`
--
ALTER TABLE `restaurant_period of time`
  MODIFY `section_sid` int(11) NOT NULL AUTO_INCREMENT COMMENT '時段編號';

--
-- AUTO_INCREMENT for table `restaurant_rating`
--
ALTER TABLE `restaurant_rating`
  MODIFY `rest_commtent_id` int(11) NOT NULL AUTO_INCREMENT COMMENT '評價編號', AUTO_INCREMENT=22;

--
-- AUTO_INCREMENT for table `restaurant_rule`
--
ALTER TABLE `restaurant_rule`
  MODIFY `rule_sid` int(11) NOT NULL AUTO_INCREMENT COMMENT '攜帶規則編號', AUTO_INCREMENT=9;

--
-- AUTO_INCREMENT for table `restaurant_service`
--
ALTER TABLE `restaurant_service`
  MODIFY `service_sid` int(11) NOT NULL AUTO_INCREMENT COMMENT '服務項目編號', AUTO_INCREMENT=13;

--
-- AUTO_INCREMENT for table `shop_comment`
--
ALTER TABLE `shop_comment`
  MODIFY `product_comment_sid` int(100) NOT NULL AUTO_INCREMENT COMMENT '商品評價編號', AUTO_INCREMENT=4;

--
-- AUTO_INCREMENT for table `shop_supplier`
--
ALTER TABLE `shop_supplier`
  MODIFY `supplier_sid` int(11) NOT NULL AUTO_INCREMENT COMMENT '供應商編號', AUTO_INCREMENT=9;
COMMIT;

/*!40101 SET CHARACTER_SET_CLIENT=@OLD_CHARACTER_SET_CLIENT */;
/*!40101 SET CHARACTER_SET_RESULTS=@OLD_CHARACTER_SET_RESULTS */;
/*!40101 SET COLLATION_CONNECTION=@OLD_COLLATION_CONNECTION */;
